Scientific Name,Common Name,Current Scientific Name,Threatened status,ACT,NSW,NT,QLD,SA,TAS,VIC,WA,ACI,CKI,CI,CSI,JBT,NFI,HMI,AAT,CMA,Listed SPRAT TaxonID,Current SPRAT TaxonID,Kingdom,Class,Profile,Date extracted,NSL Name,Family,Genus,Species,Infraspecific Rank,Infraspecies,Species Author,Infraspecies Author
Abutilon julianae,Norfolk Island Abutilon,-,Critically Endangered,-,-,-,-,-,-,-,-,-,-,-,-,-,Yes,-,-,-,27797,-,Plantae,Magnoliopsida,http://www.environment.gov.au/cgi-bin/sprat/public/publicspecies.pl?taxon_id=27797,2026-Aug-28,https://id.biodiversity.org.au/name/apni/56543,Malvaceae,Abutilon,julianae,-,-,Endl.,-
Acacia ammophila,-,-,Vulnerable,-,-,-,Yes,-,-,-,-,-,-,-,-,-,-,-,-,-,3763,-,Plantae,Magnoliopsida,http://www.environment.gov.au/cgi-bin/sprat/public/publicspecies.pl?taxon_id=3763,2026-Aug-28,https://id.biodiversity.org.au/name/apni/58340,Fabaceae,Acacia,ammophila,-,-,Pedley,-
Acacia anomala,"Grass Wattle, Chittering Grass Wattle",-,Vulnerable,-,-,-,-,-,-,-,Yes,-,-,-,-,-,-,-,-,-,8153,-,Plantae,Magnoliopsida,http://www.environment.gov.au/cgi-bin/sprat/public/publicspecies.pl?taxon_id=8153,2026-Aug-28,https://id.biodiversity.org.au/name/apni/58556,Fabaceae,Acacia,anomala,-,-,C.A.Gardner ex Court,-
Acacia aphylla,Leafless Rock Wattle,-,Vulnerable,-,-,-,-,-,-,-,Yes,-,-,-,-,-,-,-,-,-,13553,-,Plantae,Magnoliopsida,http://www.environment.gov.au/cgi-bin/sprat/public/publicspecies.pl?taxon_id=13553,2026-Aug-28,https://id.biodiversity.org.au/name/apni/58565,Fabaceae,Acacia,aphylla,-,-,Maslin,-
Acacia aprica,Blunt Wattle,-,Endangered,-,-,-,-,-,-,-,Yes,-,-,-,-,-,-,-,-,-,64821,-,Plantae,Magnoliopsida,http://www.environment.gov.au/cgi-bin/sprat/public/publicspecies.pl?taxon_id=64821,2026-Aug-28,https://id.biodiversity.org.au/name/apni/149911,Fabaceae,Acacia,aprica,-,-,Maslin  A.R.Chapman,-
Acacia araneosa,"Spidery Wattle, Balcanoona Wattle",-,Vulnerable,-,-,-,-,Yes,-,-,-,-,-,-,-,-,-,-,-,-,20767,-,Plantae,Magnoliopsida,http://www.environment.gov.au/cgi-bin/sprat/public/publicspecies.pl?taxon_id=20767,2026-Aug-28,https://id.biodiversity.org.au/name/apni/58598,Fabaceae,Acacia,araneosa,-,-,Whibley,-
Acacia aristulata,Watheroo Wattle,-,Endangered,-,-,-,-,-,-,-,Yes,-,-,-,-,-,-,-,-,-,64822,-,Plantae,Magnoliopsida,http://www.environment.gov.au/cgi-bin/sprat/public/publicspecies.pl?taxon_id=64822,2026-Aug-28,https://id.biodiversity.org.au/name/apni/150783,Fabaceae,Acacia,aristulata,-,-,Maslin,-
Acacia ataxiphylla subsp. magna,Large-fruited Tammin Wattle,-,Endangered,-,-,-,-,-,-,-,Yes,-,-,-,-,-,-,-,-,-,64823,-,Plantae,Magnoliopsida,http://www.environment.gov.au/cgi-bin/sprat/public/publicspecies.pl?taxon_id=64823,2026-Aug-28,https://id.biodiversity.org.au/name/apni/141458,Fabaceae,Acacia,ataxiphylla,subsp.,magna,Maslin,-
Acacia atrox,Myall Creek Wattle,-,Critically Endangered,-,Yes,-,-,-,-,-,-,-,-,-,-,-,-,-,-,-,82665,-,Plantae,Magnoliopsida,http://www.environment.gov.au/cgi-bin/sprat/public/publicspecies.pl?taxon_id=82665,2026-Aug-28,https://id.biodiversity.org.au/name/apni/169779,Fabaceae,Acacia,atrox,-,-,Kodela,-
Acacia attenuata,-,-,Vulnerable,-,-,-,Yes,-,-,-,-,-,-,-,-,-,-,-,-,-,10690,-,Plantae,Magnoliopsida,http://www.environment.gov.au/cgi-bin/sprat/public/publicspecies.pl?taxon_id=10690,2026-Aug-28,https://id.biodiversity.org.au/name/apni/58907,Fabaceae,Acacia,attenuata,-,-,Maiden  Blakely,-
Acacia auratiflora,Orange-flowered Wattle,-,Endangered,-,-,-,-,-,-,-,Yes,-,-,-,-,-,-,-,-,-,64824,-,Plantae,Magnoliopsida,http://www.environment.gov.au/cgi-bin/sprat/public/publicspecies.pl?taxon_id=64824,2026-Aug-28,https://id.biodiversity.org.au/name/apni/150778,Fabaceae,Acacia,auratiflora,-,-,R.Cowan  Maslin,-
Acacia awestoniana,Stirling Range Wattle,-,Vulnerable,-,-,-,-,-,-,-,Yes,-,-,-,-,-,-,-,-,-,55562,-,Plantae,Magnoliopsida,http://www.environment.gov.au/cgi-bin/sprat/public/publicspecies.pl?taxon_id=55562,2026-Aug-28,https://id.biodiversity.org.au/name/apni/117973,Fabaceae,Acacia,awestoniana,-,-,R.S.Cowan  Maslin,-
Acacia axillaris,"Midlands Mimosa, Midlands Wattle",-,Vulnerable,-,-,-,-,-,Yes,-,-,-,-,-,-,-,-,-,-,-,13563,-,Plantae,Magnoliopsida,http://www.environment.gov.au/cgi-bin/sprat/public/publicspecies.pl?taxon_id=13563,2026-Aug-28,https://id.biodiversity.org.au/name/apni/59024,Fabaceae,Acacia,axillaris,-,-,Benth.,-
Acacia baueri subsp. aspera,-,-,Endangered,-,Yes,-,-,-,-,-,-,-,-,-,-,-,-,-,-,-,18662,-,Plantae,Magnoliopsida,http://www.environment.gov.au/cgi-bin/sprat/public/publicspecies.pl?taxon_id=18662,2026-Aug-28,https://id.biodiversity.org.au/name/apni/59217,Fabaceae,Acacia,baueri,subsp.,aspera,-,(Maiden  Betche) Pedley
Acacia blayana,Blay's Wattle,-,Critically Endangered,-,Yes,-,-,-,-,-,-,-,-,-,-,-,-,-,-,-,56297,-,Plantae,Magnoliopsida,http://www.environment.gov.au/cgi-bin/sprat/public/publicspecies.pl?taxon_id=56297,2026-Aug-28,https://id.biodiversity.org.au/name/apni/118800,Fabaceae,Acacia,blayana,-,-,Tindale  Court,-
Acacia brachypoda,Western Wheatbelt Wattle,-,Endangered,-,-,-,-,-,-,-,Yes,-,-,-,-,-,-,-,-,-,55594,-,Plantae,Magnoliopsida,http://www.environment.gov.au/cgi-bin/sprat/public/publicspecies.pl?taxon_id=55594,2026-Aug-28,https://id.biodiversity.org.au/name/apni/118007,Fabaceae,Acacia,brachypoda,-,-,Maslin,-
Acacia bynoeana,"Bynoe's Wattle, Tiny Wattle",-,Vulnerable,-,Yes,-,-,-,-,-,-,-,-,-,-,-,-,-,-,-,8575,-,Plantae,Magnoliopsida,http://www.environment.gov.au/cgi-bin/sprat/public/publicspecies.pl?taxon_id=8575,2026-Aug-28,https://id.biodiversity.org.au/name/apni/59969,Fabaceae,Acacia,bynoeana,-,-,Benth.,-
Acacia caerulescens,"Limestone Blue Wattle, Buchan Blue, Buchan Blue Wattle",-,Vulnerable,-,-,-,-,-,-,Yes,-,-,-,-,-,-,-,-,-,-,21883,-,Plantae,Magnoliopsida,http://www.environment.gov.au/cgi-bin/sprat/public/publicspecies.pl?taxon_id=21883,2026-Aug-28,https://id.biodiversity.org.au/name/apni/59987,Fabaceae,Acacia,caerulescens,-,-,Maslin  Court,-
Acacia carneorum,"Needle Wattle, Dead Finish, Purple-wood Wattle",-,Vulnerable,-,Yes,-,-,Yes,-,-,-,-,-,-,-,-,-,-,-,-,66685,-,Plantae,Magnoliopsida,http://www.environment.gov.au/cgi-bin/sprat/public/publicspecies.pl?taxon_id=66685,2026-Aug-28,https://id.biodiversity.org.au/name/apni/164737,Fabaceae,Acacia,carneorum,-,-,Maiden,-
Acacia chapmanii subsp. australis,-,-,Endangered,-,-,-,-,-,-,-,Yes,-,-,-,-,-,-,-,-,-,65249,-,Plantae,Magnoliopsida,http://www.environment.gov.au/cgi-bin/sprat/public/publicspecies.pl?taxon_id=65249,2026-Aug-28,https://id.biodiversity.org.au/name/apni/153433,Fabaceae,Acacia,chapmanii,subsp.,australis,-,R.S.Cowan  Maslin
Acacia cochlocarpa subsp. cochlocarpa,Spiral-fruited Wattle,-,Endangered,-,-,-,-,-,-,-,Yes,-,-,-,-,-,-,-,-,-,23877,-,Plantae,Magnoliopsida,http://www.environment.gov.au/cgi-bin/sprat/public/publicspecies.pl?taxon_id=23877,2026-Aug-28,https://id.biodiversity.org.au/name/apni/153457,Fabaceae,Acacia,cochlocarpa,subsp.,cochlocarpa,Meisn.,-
Acacia cochlocarpa subsp. velutinosa,Velvety Spiral Pod Wattle,-,Critically Endangered,-,-,-,-,-,-,-,Yes,-,-,-,-,-,-,-,-,-,65112,-,Plantae,Magnoliopsida,http://www.environment.gov.au/cgi-bin/sprat/public/publicspecies.pl?taxon_id=65112,2026-Aug-28,https://id.biodiversity.org.au/name/apni/152953,Fabaceae,Acacia,cochlocarpa,subsp.,velutinosa,-,Maslin  A.R.Chapm.
Acacia constablei,Narrabarba Wattle,-,Critically Endangered,-,Yes,-,-,-,-,-,-,-,-,-,-,-,-,-,-,-,10798,-,Plantae,Magnoliopsida,http://www.environment.gov.au/cgi-bin/sprat/public/publicspecies.pl?taxon_id=10798,2026-Aug-28,https://id.biodiversity.org.au/name/apni/60740,Fabaceae,Acacia,constablei,-,-,Tind.,-
Acacia courtii,"Three Brothers Wattle, Brother Wattle, Northern Brother Wattle",-,Endangered,-,Yes,-,-,-,-,-,-,-,-,-,-,-,-,-,-,-,56299,-,Plantae,Magnoliopsida,http://www.environment.gov.au/cgi-bin/sprat/public/publicspecies.pl?taxon_id=56299,2026-Aug-28,https://id.biodiversity.org.au/name/apni/118803,Fabaceae,Acacia,courtii,-,-,Tindale  Herscovitch,-
Acacia cretacea,Chalky Wattle,-,Endangered,-,-,-,-,Yes,-,-,-,-,-,-,-,-,-,-,-,-,10689,-,Plantae,Magnoliopsida,http://www.environment.gov.au/cgi-bin/sprat/public/publicspecies.pl?taxon_id=10689,2026-Aug-28,https://id.biodiversity.org.au/name/apni/60982,Fabaceae,Acacia,cretacea,-,-,Maslin  Whibley,-
Acacia crombiei,Pink Gidgee,-,Vulnerable,-,-,-,Yes,-,-,-,-,-,-,-,-,-,-,-,-,-,10927,-,Plantae,Magnoliopsida,http://www.environment.gov.au/cgi-bin/sprat/public/publicspecies.pl?taxon_id=10927,2026-Aug-28,https://id.biodiversity.org.au/name/apni/61004,Fabaceae,Acacia,crombiei,-,-,C.White,-
Acacia curranii,Curly-bark Wattle,-,Vulnerable,-,Yes,-,Yes,-,-,-,-,-,-,-,-,-,-,-,-,-,3908,-,Plantae,Magnoliopsida,http://www.environment.gov.au/cgi-bin/sprat/public/publicspecies.pl?taxon_id=3908,2026-Aug-28,https://id.biodiversity.org.au/name/apni/61102,Fabaceae,Acacia,curranii,-,-,Maiden,-
Acacia dangarensis,-,-,Critically Endangered,-,Yes,-,-,-,-,-,-,-,-,-,-,-,-,-,-,-,55214,-,Plantae,Magnoliopsida,http://www.environment.gov.au/cgi-bin/sprat/public/publicspecies.pl?taxon_id=55214,2026-Aug-28,https://id.biodiversity.org.au/name/apni/117590,Fabaceae,Acacia,dangarensis,-,-,Tindale  Kodela,-
Acacia denticulosa,Sandpaper Wattle,-,Vulnerable,-,-,-,-,-,-,-,Yes,-,-,-,-,-,-,-,-,-,20600,-,Plantae,Magnoliopsida,http://www.environment.gov.au/cgi-bin/sprat/public/publicspecies.pl?taxon_id=20600,2026-Aug-28,https://id.biodiversity.org.au/name/apni/61680,Fabaceae,Acacia,denticulosa,-,-,F.Muell.,-
Acacia depressa,Echidna Wattle,-,Vulnerable,-,-,-,-,-,-,-,Yes,-,-,-,-,-,-,-,-,-,5685,-,Plantae,Magnoliopsida,http://www.environment.gov.au/cgi-bin/sprat/public/publicspecies.pl?taxon_id=5685,2026-Aug-28,https://id.biodiversity.org.au/name/apni/61761,Fabaceae,Acacia,depressa,-,-,Maslin,-
Acacia deuteroneura,-,-,Vulnerable,-,-,-,Yes,-,-,-,-,-,-,-,-,-,-,-,-,-,12836,-,Plantae,Magnoliopsida,http://www.environment.gov.au/cgi-bin/sprat/public/publicspecies.pl?taxon_id=12836,2026-Aug-28,https://id.biodiversity.org.au/name/apni/61790,Fabaceae,Acacia,deuteroneura,-,-,Pedley,-
Acacia enterocarpa,Jumping-jack Wattle,-,Endangered,-,-,-,-,Yes,-,Yes,-,-,-,-,-,-,-,-,-,-,17615,-,Plantae,Magnoliopsida,http://www.environment.gov.au/cgi-bin/sprat/public/publicspecies.pl?taxon_id=17615,2026-Aug-28,https://id.biodiversity.org.au/name/apni/62586,Fabaceae,Acacia,enterocarpa,-,-,R.V.Sm.,-
Acacia equisetifolia,a shrub,-,Critically Endangered,-,-,Yes,-,-,-,-,-,-,-,-,-,-,-,-,-,-,87480,-,Plantae,Magnoliopsida,http://www.environment.gov.au/cgi-bin/sprat/public/publicspecies.pl?taxon_id=87480,2026-Aug-28,https://id.biodiversity.org.au/name/apni/246583,Fabaceae,Acacia,equisetifolia,-,-,Maslin  Cowie,-
Acacia eremophiloides,-,-,Vulnerable,-,-,-,Yes,-,-,-,-,-,-,-,-,-,-,-,-,-,9280,-,Plantae,Magnoliopsida,http://www.environment.gov.au/cgi-bin/sprat/public/publicspecies.pl?taxon_id=9280,2026-Aug-28,https://id.biodiversity.org.au/name/apni/62649,Fabaceae,Acacia,eremophiloides,-,-,Pedley  P.Forster,-
Acacia flocktoniae,Flockton Wattle,-,Vulnerable,-,Yes,-,-,-,-,-,-,-,-,-,-,-,-,-,-,-,3134,-,Plantae,Magnoliopsida,http://www.environment.gov.au/cgi-bin/sprat/public/publicspecies.pl?taxon_id=3134,2026-Aug-28,https://id.biodiversity.org.au/name/apni/63159,Fabaceae,Acacia,flocktoniae,-,-,Maiden,-
Acacia forrestiana,Forest's Wattle,-,Vulnerable,-,-,-,-,-,-,-,Yes,-,-,-,-,-,-,-,-,-,17235,-,Plantae,Magnoliopsida,http://www.environment.gov.au/cgi-bin/sprat/public/publicspecies.pl?taxon_id=17235,2026-Aug-28,https://id.biodiversity.org.au/name/apni/63207,Fabaceae,Acacia,forrestiana,-,-,E.Pritzel,-
Acacia forsteri,Forster's Wattle,-,Critically Endangered,-,-,-,Yes,-,-,-,-,-,-,-,-,-,-,-,-,-,91335,-,Plantae,Magnoliopsida,http://www.environment.gov.au/cgi-bin/sprat/public/publicspecies.pl?taxon_id=91335,2026-Aug-28,https://id.biodiversity.org.au/name/apni/51337770,Fabaceae,Acacia,forsteri,-,-,Pedley,-
Acacia georgensis,Bega Wattle,-,Vulnerable,-,Yes,-,-,-,-,-,-,-,-,-,-,-,-,-,-,-,9848,-,Plantae,Magnoliopsida,http://www.environment.gov.au/cgi-bin/sprat/public/publicspecies.pl?taxon_id=9848,2026-Aug-28,https://id.biodiversity.org.au/name/apni/63478,Fabaceae,Acacia,georgensis,-,-,Tindale,-
Acacia glandulicarpa,Hairy-pod Wattle,-,Vulnerable,-,-,-,-,Yes,-,Yes,-,-,-,-,-,-,-,-,-,-,8838,-,Plantae,Magnoliopsida,http://www.environment.gov.au/cgi-bin/sprat/public/publicspecies.pl?taxon_id=8838,2026-Aug-28,https://id.biodiversity.org.au/name/apni/63594,Fabaceae,Acacia,glandulicarpa,-,-,Reader,-
Acacia gordonii,-,-,Endangered,-,Yes,-,-,-,-,-,-,-,-,-,-,-,-,-,-,-,5031,-,Plantae,Magnoliopsida,http://www.environment.gov.au/cgi-bin/sprat/public/publicspecies.pl?taxon_id=5031,2026-Aug-28,https://id.biodiversity.org.au/name/apni/63812,Fabaceae,Acacia,gordonii,-,-,(Tind.) Pedley,-
Acacia grandifolia,-,-,Vulnerable,-,-,-,Yes,-,-,-,-,-,-,-,-,-,-,-,-,-,3566,-,Plantae,Magnoliopsida,http://www.environment.gov.au/cgi-bin/sprat/public/publicspecies.pl?taxon_id=3566,2026-Aug-28,https://id.biodiversity.org.au/name/apni/63868,Fabaceae,Acacia,grandifolia,-,-,Pedley,-
Acacia handonis,"Hando's Wattle, Percy Grant Wattle",-,Vulnerable,-,-,-,Yes,-,-,-,-,-,-,-,-,-,-,-,-,-,14928,-,Plantae,Magnoliopsida,http://www.environment.gov.au/cgi-bin/sprat/public/publicspecies.pl?taxon_id=14928,2026-Aug-28,https://id.biodiversity.org.au/name/apni/64171,Fabaceae,Acacia,handonis,-,-,Pedley,-
Acacia imitans,Gibson Wattle,-,Endangered,-,-,-,-,-,-,-,Yes,-,-,-,-,-,-,-,-,-,65211,-,Plantae,Magnoliopsida,http://www.environment.gov.au/cgi-bin/sprat/public/publicspecies.pl?taxon_id=65211,2026-Aug-28,https://id.biodiversity.org.au/name/apni/151151,Fabaceae,Acacia,imitans,-,-,Maslin,-
Acacia insolita subsp. recurva,Yornaning Wattle,-,Endangered,-,-,-,-,-,-,-,Yes,-,-,-,-,-,-,-,-,-,64495,-,Plantae,Magnoliopsida,http://www.environment.gov.au/cgi-bin/sprat/public/publicspecies.pl?taxon_id=64495,2026-Aug-28,https://id.biodiversity.org.au/name/apni/153115,Fabaceae,Acacia,insolita,subsp.,recurva,-,Maslin
Acacia kingiana,-,-,Extinct,-,-,-,-,-,-,-,Yes,-,-,-,-,-,-,-,-,-,13816,-,Plantae,Magnoliopsida,http://www.environment.gov.au/cgi-bin/sprat/public/publicspecies.pl?taxon_id=13816,2026-Aug-28,https://id.biodiversity.org.au/name/apni/65055,Fabaceae,Acacia,kingiana,-,-,Maiden  Blakely,-
Acacia lanigera var. gracilipes,-,-,Endangered,-,Yes,-,-,-,-,Yes,-,-,-,-,-,-,-,-,-,-,31652,-,Plantae,Magnoliopsida,http://www.environment.gov.au/cgi-bin/sprat/public/publicspecies.pl?taxon_id=31652,2026-Aug-28,https://id.biodiversity.org.au/name/apni/65124,Fabaceae,Acacia,lanigera,var.,gracilipes,-,Benth.
Acacia lanuginophylla,Woolly Wattle,-,Endangered,-,-,-,-,-,-,-,Yes,-,-,-,-,-,-,-,-,-,55575,-,Plantae,Magnoliopsida,http://www.environment.gov.au/cgi-bin/sprat/public/publicspecies.pl?taxon_id=55575,2026-Aug-28,https://id.biodiversity.org.au/name/apni/117986,Fabaceae,Acacia,lanuginophylla,-,-,R.S.Cowan and Maslin,-
Acacia latzii,Latz's Wattle,-,Vulnerable,-,-,Yes,-,Yes,-,-,-,-,-,-,-,-,-,-,-,-,14275,-,Plantae,Magnoliopsida,http://www.environment.gov.au/cgi-bin/sprat/public/publicspecies.pl?taxon_id=14275,2026-Aug-28,https://id.biodiversity.org.au/name/apni/65314,Fabaceae,Acacia,latzii,-,-,Maslin,-
Acacia lauta,Tara Wattle,-,Vulnerable,-,-,-,Yes,-,-,-,-,-,-,-,-,-,-,-,-,-,4165,-,Plantae,Magnoliopsida,http://www.environment.gov.au/cgi-bin/sprat/public/publicspecies.pl?taxon_id=4165,2026-Aug-28,https://id.biodiversity.org.au/name/apni/65324,Fabaceae,Acacia,lauta,-,-,Pedley,-
Acacia leptalea,Chinocup Wattle,-,Endangered,-,-,-,-,-,-,-,Yes,-,-,-,-,-,-,-,-,-,56701,-,Plantae,Magnoliopsida,http://www.environment.gov.au/cgi-bin/sprat/public/publicspecies.pl?taxon_id=56701,2026-Aug-28,https://id.biodiversity.org.au/name/apni/151309,Fabaceae,Acacia,leptalea,-,-,Maslin,-
Acacia leptoneura,-,-,Critically Endangered,-,-,-,-,-,-,-,Yes,-,-,-,-,-,-,-,-,-,15610,-,Plantae,Magnoliopsida,http://www.environment.gov.au/cgi-bin/sprat/public/publicspecies.pl?taxon_id=15610,2026-Aug-28,https://id.biodiversity.org.au/name/apni/65504,Fabaceae,Acacia,leptoneura,-,-,Benth.,-
Acacia lobulata,Chiddarcooping Wattle,-,Endangered,-,-,-,-,-,-,-,Yes,-,-,-,-,-,-,-,-,-,55567,-,Plantae,Magnoliopsida,http://www.environment.gov.au/cgi-bin/sprat/public/publicspecies.pl?taxon_id=55567,2026-Aug-28,https://id.biodiversity.org.au/name/apni/117978,Fabaceae,Acacia,lobulata,-,-,R.S.Cowan  Maslin,-
Acacia lumholtzii,Girringun Wattle,-,Critically Endangered,-,-,-,Yes,-,-,-,-,-,-,-,-,-,-,-,-,-,84844,-,Plantae,Magnoliopsida,http://www.environment.gov.au/cgi-bin/sprat/public/publicspecies.pl?taxon_id=84844,2026-Aug-28,https://id.biodiversity.org.au/name/apni/204388,Fabaceae,Acacia,lumholtzii,-,-,Pedley,-
Acacia macnuttiana,McNutt's Wattle,-,Vulnerable,-,Yes,-,-,-,-,-,-,-,-,-,-,-,-,-,-,-,10711,-,Plantae,Magnoliopsida,http://www.environment.gov.au/cgi-bin/sprat/public/publicspecies.pl?taxon_id=10711,2026-Aug-28,https://id.biodiversity.org.au/name/apni/66509,Fabaceae,Acacia,macnuttiana,-,-,Maiden  Blakely,-
Acacia meiantha,-,-,Endangered,-,Yes,-,-,-,-,-,-,-,-,-,-,-,-,-,-,-,55608,-,Plantae,Magnoliopsida,http://www.environment.gov.au/cgi-bin/sprat/public/publicspecies.pl?taxon_id=55608,2026-Aug-28,https://id.biodiversity.org.au/name/apni/118024,Fabaceae,Acacia,meiantha,-,-,Tindale  Herscovitch,-
Acacia menzelii,Menzel's Wattle,-,Vulnerable,-,-,-,-,Yes,-,-,-,-,-,-,-,-,-,-,-,-,9218,-,Plantae,Magnoliopsida,http://www.environment.gov.au/cgi-bin/sprat/public/publicspecies.pl?taxon_id=9218,2026-Aug-28,https://id.biodiversity.org.au/name/apni/66714,Fabaceae,Acacia,menzelii,-,-,J.Black,-
Acacia peuce,"Waddy, Waddi, Waddy-wood, Birdsville Wattle",-,Vulnerable,-,-,Yes,Yes,Yes,-,-,-,-,-,-,-,-,-,-,-,-,8301,-,Plantae,Magnoliopsida,http://www.environment.gov.au/cgi-bin/sprat/public/publicspecies.pl?taxon_id=8301,2026-Aug-28,https://id.biodiversity.org.au/name/apni/68505,Fabaceae,Acacia,peuce,-,-,F.Muell.,-
Acacia pharangites,Wongan Gully Wattle,-,Endangered,-,-,-,-,-,-,-,Yes,-,-,-,-,-,-,-,-,-,20281,-,Plantae,Magnoliopsida,http://www.environment.gov.au/cgi-bin/sprat/public/publicspecies.pl?taxon_id=20281,2026-Aug-28,https://id.biodiversity.org.au/name/apni/68523,Fabaceae,Acacia,pharangites,-,-,Maslin,-
Acacia phasmoides,Phantom Wattle,-,Vulnerable,-,Yes,-,-,-,-,Yes,-,-,-,-,-,-,-,-,-,-,2784,-,Plantae,Magnoliopsida,http://www.environment.gov.au/cgi-bin/sprat/public/publicspecies.pl?taxon_id=2784,2026-Aug-28,https://id.biodiversity.org.au/name/apni/68526,Fabaceae,Acacia,phasmoides,-,-,J.H.Willis,-
Acacia pickardii,Birds Nest Wattle,-,Vulnerable,-,-,Yes,-,Yes,-,-,-,-,-,-,-,-,-,-,-,-,17259,-,Plantae,Magnoliopsida,http://www.environment.gov.au/cgi-bin/sprat/public/publicspecies.pl?taxon_id=17259,2026-Aug-28,https://id.biodiversity.org.au/name/apni/68588,Fabaceae,Acacia,pickardii,-,-,Tindale,-
Acacia pinguifolia,"Fat-leaved Wattle,  Fat-leaf Wattle",-,Endangered,-,-,-,-,Yes,-,-,-,-,-,-,-,-,-,-,-,-,5319,-,Plantae,Magnoliopsida,http://www.environment.gov.au/cgi-bin/sprat/public/publicspecies.pl?taxon_id=5319,2026-Aug-28,https://id.biodiversity.org.au/name/apni/68635,Fabaceae,Acacia,pinguifolia,-,-,J.M.Black,-
Acacia porcata,-,-,Endangered,-,-,-,Yes,-,-,-,-,-,-,-,-,-,-,-,-,-,55115,-,Plantae,Magnoliopsida,http://www.environment.gov.au/cgi-bin/sprat/public/publicspecies.pl?taxon_id=55115,2026-Aug-28,https://id.biodiversity.org.au/name/apni/117478,Fabaceae,Acacia,porcata,-,-,P.I.Forst.,-
Acacia praemorsa,Senna Wattle,-,Vulnerable,-,-,-,-,Yes,-,-,-,-,-,-,-,-,-,-,-,-,55363,-,Plantae,Magnoliopsida,http://www.environment.gov.au/cgi-bin/sprat/public/publicspecies.pl?taxon_id=55363,2026-Aug-28,https://id.biodiversity.org.au/name/apni/117775,Fabaceae,Acacia,praemorsa,-,-,P.J.Lang  Maslin,-
Acacia praetermissa,a shrub,-,Vulnerable,-,-,Yes,-,-,-,-,-,-,-,-,-,-,-,-,-,-,14840,-,Plantae,Magnoliopsida,http://www.environment.gov.au/cgi-bin/sprat/public/publicspecies.pl?taxon_id=14840,2026-Aug-28,https://id.biodiversity.org.au/name/apni/68889,Fabaceae,Acacia,praetermissa,-,-,Tind.,-
Acacia prismifolia,Diels' Wattle,-,Critically Endangered,-,-,-,-,-,-,-,Yes,-,-,-,-,-,-,-,-,-,19955,-,Plantae,Magnoliopsida,http://www.environment.gov.au/cgi-bin/sprat/public/publicspecies.pl?taxon_id=19955,2026-Aug-28,https://id.biodiversity.org.au/name/apni/68966,Fabaceae,Acacia,prismifolia,-,-,E.Pritz.,-
Acacia pubescens,"Downy Wattle, Hairy Stemmed Wattle",-,Vulnerable,-,Yes,-,-,-,-,-,-,-,-,-,-,-,-,-,-,-,18800,-,Plantae,Magnoliopsida,http://www.environment.gov.au/cgi-bin/sprat/public/publicspecies.pl?taxon_id=18800,2026-Aug-28,https://id.biodiversity.org.au/name/apni/69166,Fabaceae,Acacia,pubescens,-,-,(Vent.) R.Br.,-
Acacia pubifolia,Velvet Wattle,-,Endangered,-,Yes,-,Yes,-,-,-,-,-,-,-,-,-,-,-,-,-,19799,-,Plantae,Magnoliopsida,http://www.environment.gov.au/cgi-bin/sprat/public/publicspecies.pl?taxon_id=19799,2026-Aug-28,https://id.biodiversity.org.au/name/apni/69183,Fabaceae,Acacia,pubifolia,-,-,Pedley,-
Acacia purpureopetala,Purple-flowered Wattle,-,Critically Endangered,-,-,-,Yes,-,-,-,-,-,-,-,-,-,-,-,-,-,61156,-,Plantae,Magnoliopsida,http://www.environment.gov.au/cgi-bin/sprat/public/publicspecies.pl?taxon_id=61156,2026-Aug-28,https://id.biodiversity.org.au/name/apni/168881,Fabaceae,Acacia,purpureopetala,-,-,F.M.Bailey,-
Acacia pycnostachya,Bolivia Wattle,-,Vulnerable,-,Yes,-,-,-,-,-,-,-,-,-,-,-,-,-,-,-,13415,-,Plantae,Magnoliopsida,http://www.environment.gov.au/cgi-bin/sprat/public/publicspecies.pl?taxon_id=13415,2026-Aug-28,https://id.biodiversity.org.au/name/apni/194179,Fabaceae,Acacia,pycnostachya,-,-,F.Muell.,-
Acacia pygmaea,Dwarf Rock Wattle,-,Endangered,-,-,-,-,-,-,-,Yes,-,-,-,-,-,-,-,-,-,56768,-,Plantae,Magnoliopsida,http://www.environment.gov.au/cgi-bin/sprat/public/publicspecies.pl?taxon_id=56768,2026-Aug-28,https://id.biodiversity.org.au/name/apni/134921,Fabaceae,Acacia,pygmaea,-,-,Maslin,-
Acacia recurvata,Recurved Wattle,-,Endangered,-,-,-,-,-,-,-,Yes,-,-,-,-,-,-,-,-,-,64825,-,Plantae,Magnoliopsida,http://www.environment.gov.au/cgi-bin/sprat/public/publicspecies.pl?taxon_id=64825,2026-Aug-28,https://id.biodiversity.org.au/name/apni/151157,Fabaceae,Acacia,recurvata,-,-,R.Cowan  Maslin,-
Acacia rhamphophylla,Kundip Wattle,-,Endangered,-,-,-,-,-,-,-,Yes,-,-,-,-,-,-,-,-,-,64659,-,Plantae,Magnoliopsida,http://www.environment.gov.au/cgi-bin/sprat/public/publicspecies.pl?taxon_id=64659,2026-Aug-28,https://id.biodiversity.org.au/name/apni/151314,Fabaceae,Acacia,rhamphophylla,-,-,Maslin,-
Acacia rhetinocarpa,"Neat Wattle, Resin Wattle (SA)",-,Vulnerable,-,-,-,-,Yes,-,-,-,-,-,-,-,-,-,-,-,-,11282,-,Plantae,Magnoliopsida,http://www.environment.gov.au/cgi-bin/sprat/public/publicspecies.pl?taxon_id=11282,2026-Aug-28,https://id.biodiversity.org.au/name/apni/69709,Fabaceae,Acacia,rhetinocarpa,-,-,J.Black,-
Acacia ruppii,Rupp's Wattle,-,Endangered,-,Yes,-,Yes,-,-,-,-,-,-,-,-,-,-,-,-,-,7559,-,Plantae,Magnoliopsida,http://www.environment.gov.au/cgi-bin/sprat/public/publicspecies.pl?taxon_id=7559,2026-Aug-28,https://id.biodiversity.org.au/name/apni/69888,Fabaceae,Acacia,ruppii,-,-,Maiden  E.Betche,-
Acacia sciophanes,"Wundowlin Wattle, Ghost Wattle",-,Endangered,-,-,-,-,-,-,-,Yes,-,-,-,-,-,-,-,-,-,17877,-,Plantae,Magnoliopsida,http://www.environment.gov.au/cgi-bin/sprat/public/publicspecies.pl?taxon_id=17877,2026-Aug-28,https://id.biodiversity.org.au/name/apni/70040,Fabaceae,Acacia,sciophanes,-,-,Maslin,-
Acacia spilleriana,Spiller's Wattle,-,Endangered,-,-,-,-,Yes,-,-,-,-,-,-,-,-,-,-,-,-,34123,-,Plantae,Magnoliopsida,http://www.environment.gov.au/cgi-bin/sprat/public/publicspecies.pl?taxon_id=34123,2026-Aug-28,https://id.biodiversity.org.au/name/apni/70603,Fabaceae,Acacia,spilleriana,-,-,J.E.Br.,-
Acacia splendens,"Splendid Wattle, Dandaragan Wattle",-,Endangered,-,-,-,-,-,-,-,Yes,-,-,-,-,-,-,-,-,-,81510,-,Plantae,Magnoliopsida,http://www.environment.gov.au/cgi-bin/sprat/public/publicspecies.pl?taxon_id=81510,2026-Aug-28,https://id.biodiversity.org.au/name/apni/205906,Fabaceae,Acacia,splendens,-,-,Maslin  C.P.Elliott,-
Acacia subflexuosa subsp. capillata,Hairy-stemmed Zig-Zag Wattle,-,Endangered,-,-,-,-,-,-,-,Yes,-,-,-,-,-,-,-,-,-,64828,-,Plantae,Magnoliopsida,http://www.environment.gov.au/cgi-bin/sprat/public/publicspecies.pl?taxon_id=64828,2026-Aug-28,https://id.biodiversity.org.au/name/apni/162213,Fabaceae,Acacia,subflexuosa,subsp.,capillata,-,R.S.Cowan  Maslin
Acacia terminalis subsp. terminalis MS,Sunshine Wattle (Sydney region),Acacia terminalis subsp. Eastern Sydney (G.P.Phillips 126),Endangered,-,Yes,-,-,-,-,-,-,-,-,-,-,-,-,-,-,-,88882,91564,Plantae,Magnoliopsida,http://www.environment.gov.au/cgi-bin/sprat/public/publicspecies.pl?taxon_id=88882,2026-Aug-28,https://id.biodiversity.org.au/name/apni/140818,Fabaceae,Acacia,terminalis,subsp.,terminalis MS,(Salisb.) J.F.Macbr.,-
Acacia undoolyana,"Undoolya Wattle, Sickle-leaf Wattle",-,Vulnerable,-,-,Yes,-,-,-,-,-,-,-,-,-,-,-,-,-,-,3073,-,Plantae,Magnoliopsida,http://www.environment.gov.au/cgi-bin/sprat/public/publicspecies.pl?taxon_id=3073,2026-Aug-28,https://id.biodiversity.org.au/name/apni/71509,Fabaceae,Acacia,undoolyana,-,-,G.J.Leach,-
Acacia unguicula,a shrub,-,Critically Endangered,-,-,-,-,-,-,-,Yes,-,-,-,-,-,-,-,-,-,55592,-,Plantae,Magnoliopsida,http://www.environment.gov.au/cgi-bin/sprat/public/publicspecies.pl?taxon_id=55592,2026-Aug-28,https://id.biodiversity.org.au/name/apni/118005,Fabaceae,Acacia,unguicula,-,-,R.S.Cowan  Maslin,-
Acacia vassalii,Vassal's Wattle,-,Endangered,-,-,-,-,-,-,-,Yes,-,-,-,-,-,-,-,-,-,6144,-,Plantae,Magnoliopsida,http://www.environment.gov.au/cgi-bin/sprat/public/publicspecies.pl?taxon_id=6144,2026-Aug-28,https://id.biodiversity.org.au/name/apni/71653,Fabaceae,Acacia,vassalii,-,-,Maslin,-
Acacia volubilis,"Tangled Wattle, Tangle Wattle",-,Endangered,-,-,-,-,-,-,-,Yes,-,-,-,-,-,-,-,-,-,6476,-,Plantae,Magnoliopsida,http://www.environment.gov.au/cgi-bin/sprat/public/publicspecies.pl?taxon_id=6476,2026-Aug-28,https://id.biodiversity.org.au/name/apni/71857,Fabaceae,Acacia,volubilis,-,-,F.Muell.,-
Acacia whibleyana,"Whibley Wattle, Whibley's Wattle",-,Endangered,-,-,-,-,Yes,-,-,-,-,-,-,-,-,-,-,-,-,64497,-,Plantae,Magnoliopsida,http://www.environment.gov.au/cgi-bin/sprat/public/publicspecies.pl?taxon_id=64497,2026-Aug-28,https://id.biodiversity.org.au/name/apni/135430,Fabaceae,Acacia,whibleyana,-,-,R.S.Cowan  Maslin,-
Acacia wilsonii,Wilson's Wattle,-,Endangered,-,-,-,-,-,-,-,Yes,-,-,-,-,-,-,-,-,-,65228,-,Plantae,Magnoliopsida,http://www.environment.gov.au/cgi-bin/sprat/public/publicspecies.pl?taxon_id=65228,2026-Aug-28,https://id.biodiversity.org.au/name/apni/162214,Fabaceae,Acacia,wilsonii,-,-,Cowan  Maslin,-
Acacia woodmaniorum,Woodman's Wattle,-,Endangered,-,-,-,-,-,-,-,Yes,-,-,-,-,-,-,-,-,-,85026,-,Plantae,Magnoliopsida,http://www.environment.gov.au/cgi-bin/sprat/public/publicspecies.pl?taxon_id=85026,2026-Aug-28,https://id.biodiversity.org.au/name/apni/211580,Fabaceae,Acacia,woodmaniorum,-,-,Maslin  Buscumb,-
Acanthiza iredalei rosinae,Slender-billed Thornbill (Gulf St Vincent),-,Vulnerable,-,-,-,-,Yes,-,-,-,-,-,-,-,-,-,-,-,-,67080,-,Animalia,Aves,http://www.environment.gov.au/cgi-bin/sprat/public/publicspecies.pl?taxon_id=67080,2026-Aug-28,-,Acanthizidae,Acanthiza,iredalei,-,rosinae,-,"Mathews, 1913"
Acanthiza lineata whitei,Kangaroo Island Striated Thornbill,-,Vulnerable,-,-,-,-,Yes,-,-,-,-,-,-,-,-,-,-,-,-,80759,-,Animalia,Aves,http://www.environment.gov.au/cgi-bin/sprat/public/publicspecies.pl?taxon_id=80759,2026-Aug-28,-,Acanthizidae,Acanthiza,lineata,-,whitei,-,"Mathews, 1920"
Acanthiza pusilla magnirostris,"King Island Brown Thornbill, Brown Thornbill (King Island)",-,Endangered,-,-,-,-,-,Yes,-,-,-,-,-,-,-,-,-,-,-,91709,-,Animalia,Aves,http://www.environment.gov.au/cgi-bin/sprat/public/publicspecies.pl?taxon_id=91709,2026-Aug-28,-,Acanthizidae,Acanthiza,pusilla,-,magnirostris,-,"Campbell, 1903"
Acanthocladium dockeri,"Spiny Everlasting, Spiny Daisy",-,Critically Endangered,-,Yes,-,-,Yes,-,-,-,-,-,-,-,-,-,-,-,-,17632,-,Plantae,Magnoliopsida,http://www.environment.gov.au/cgi-bin/sprat/public/publicspecies.pl?taxon_id=17632,2026-Aug-28,https://id.biodiversity.org.au/name/apni/72668,Asteraceae,Acanthocladium,dockeri,-,-,F.Muell.,-
Acanthophis hawkei,Plains Death Adder,-,Vulnerable,-,-,Yes,Yes,-,-,-,Yes,-,-,-,-,-,-,-,-,-,83821,-,Animalia,Reptilia,http://www.environment.gov.au/cgi-bin/sprat/public/publicspecies.pl?taxon_id=83821,2026-Aug-28,-,Elapidae,Acanthophis,hawkei,-,-,"Wells  Wellington, 1985",-
Acanthornis magna greeniana,"King Island Scrubtit, Scrubtit (King Island)",-,Critically Endangered,-,-,-,-,-,Yes,-,-,-,-,-,-,-,-,-,-,-,82329,-,Animalia,Aves,http://www.environment.gov.au/cgi-bin/sprat/public/publicspecies.pl?taxon_id=82329,2026-Aug-28,-,Acanthizidae,Acanthornis,magna,-,greeniana,-,"Schodde  Mason, 1999"
Accipiter hiogaster natalis,Christmas Island Goshawk,-,Endangered,-,-,-,-,-,-,-,-,-,-,Yes,-,-,-,-,-,-,82408,-,Animalia,Aves,http://www.environment.gov.au/cgi-bin/sprat/public/publicspecies.pl?taxon_id=82408,2026-Aug-28,-,Accipitridae,Accipiter,hiogaster,-,natalis,-,"(Lister,1889)"
Achyranthes arborescens,"Chaff Tree, Soft-wood",-,Critically Endangered,-,-,-,-,-,-,-,-,-,-,-,-,-,Yes,-,-,-,65879,-,Plantae,Magnoliopsida,http://www.environment.gov.au/cgi-bin/sprat/public/publicspecies.pl?taxon_id=65879,2026-Aug-28,https://id.biodiversity.org.au/name/apni/125816,Amaranthaceae,Achyranthes,arborescens,-,-,R.Br.,-
Achyranthes margaretarum,Phillip Island Chaffy Tree,-,Critically Endangered,-,-,-,-,-,-,-,-,-,-,-,-,-,Yes,-,-,-,68426,-,Plantae,Magnoliopsida,http://www.environment.gov.au/cgi-bin/sprat/public/publicspecies.pl?taxon_id=68426,2026-Aug-28,https://id.biodiversity.org.au/name/apni/178591,Amaranthaceae,Achyranthes,margaretarum,-,-,de Lange,-
Acianthus ledwardii,-,-,Extinct,-,-,-,Yes,-,-,-,-,-,-,-,-,-,-,-,-,-,11200,-,Plantae,Liliopsida,http://www.environment.gov.au/cgi-bin/sprat/public/publicspecies.pl?taxon_id=11200,2026-Aug-28,https://id.biodiversity.org.au/name/apni/73206,Orchidaceae,Acianthus,ledwardii,-,-,Rupp,-
Acriopsis emarginata,Pale Chandelier Orchid,-,Vulnerable,-,-,-,Yes,-,-,-,-,-,-,-,-,-,-,-,-,-,83928,-,Plantae,Liliopsida,http://www.environment.gov.au/cgi-bin/sprat/public/publicspecies.pl?taxon_id=83928,2026-Aug-28,https://id.biodiversity.org.au/name/apni/206419,Orchidaceae,Acriopsis,emarginata,-,-,D.L.Jones  M.A.Clem.,-
Acronychia littoralis,Scented Acronychia,-,Endangered,-,Yes,-,Yes,-,-,-,-,-,-,-,-,-,-,-,-,-,8582,-,Plantae,Magnoliopsida,http://www.environment.gov.au/cgi-bin/sprat/public/publicspecies.pl?taxon_id=8582,2026-Aug-28,https://id.biodiversity.org.au/name/apni/73953,Rutaceae,Acronychia,littoralis,-,-,T.Hartley  J.Williams,-
Acrophyllum australe,-,-,Vulnerable,-,Yes,-,-,-,-,-,-,-,-,-,-,-,-,-,-,-,3983,-,Plantae,Magnoliopsida,http://www.environment.gov.au/cgi-bin/sprat/public/publicspecies.pl?taxon_id=3983,2026-Aug-28,https://id.biodiversity.org.au/name/apni/74085,Cunoniaceae,Acrophyllum,australe,-,-,(Cunn.) Hoogl.,-
Actephila foetida,-,-,Vulnerable,-,-,-,Yes,-,-,-,-,-,-,-,-,-,-,-,-,-,12078,-,Plantae,Magnoliopsida,http://www.environment.gov.au/cgi-bin/sprat/public/publicspecies.pl?taxon_id=12078,2026-Aug-28,https://id.biodiversity.org.au/name/apni/74718,Euphorbiaceae,Actephila,foetida,-,-,Domin,-
Actinotus schwarzii,Desert Flannel-flower,-,Vulnerable,-,-,Yes,-,-,-,-,-,-,-,-,-,-,-,-,-,-,18659,-,Plantae,Magnoliopsida,http://www.environment.gov.au/cgi-bin/sprat/public/publicspecies.pl?taxon_id=18659,2026-Aug-28,https://id.biodiversity.org.au/name/apni/75177,Apiaceae,Actinotus,schwarzii,-,-,F.Muell.,-
Adclarkia cameroni,Brigalow Woodland Snail,-,Endangered,-,-,-,Yes,-,-,-,-,-,-,-,-,-,-,-,-,-,83886,-,Animalia,Gastropoda,http://www.environment.gov.au/cgi-bin/sprat/public/publicspecies.pl?taxon_id=83886,2026-Aug-28,-,Camaenidae,Adclarkia,cameroni,-,-,"Stanisic, 2010",-
Adclarkia dawsonensis,"Boggomoss Snail, Dawson River Snail, Dawson Valley Snail",-,Critically Endangered,-,-,-,Yes,-,-,-,-,-,-,-,-,-,-,-,-,-,67458,-,Animalia,Gastropoda,http://www.environment.gov.au/cgi-bin/sprat/public/publicspecies.pl?taxon_id=67458,2026-Aug-28,-,Camaenidae,Adclarkia,dawsonensis,-,-,"Stanisic, 1996",-
Adclarkia dulacca,Dulacca Woodland Snail,-,Endangered,-,-,-,Yes,-,-,-,-,-,-,-,-,-,-,-,-,-,83885,-,Animalia,Gastropoda,http://www.environment.gov.au/cgi-bin/sprat/public/publicspecies.pl?taxon_id=83885,2026-Aug-28,-,Camaenidae,Adclarkia,dulacca,-,-,"Stanisic, 2010",-
Adenanthos dobagii,Fitzgerald Woollybush,-,Endangered,-,-,-,-,-,-,-,Yes,-,-,-,-,-,-,-,-,-,21253,-,Plantae,Magnoliopsida,http://www.environment.gov.au/cgi-bin/sprat/public/publicspecies.pl?taxon_id=21253,2026-Aug-28,https://id.biodiversity.org.au/name/apni/75620,Proteaceae,Adenanthos,dobagii,-,-,E.C.Nelson,-
Adenanthos ellipticus,Oval-leaf Adenanthos,-,Vulnerable,-,-,-,-,-,-,-,Yes,-,-,-,-,-,-,-,-,-,4570,-,Plantae,Magnoliopsida,http://www.environment.gov.au/cgi-bin/sprat/public/publicspecies.pl?taxon_id=4570,2026-Aug-28,https://id.biodiversity.org.au/name/apni/75640,Proteaceae,Adenanthos,ellipticus,-,-,A.S.George,-
Adenanthos eyrei,Toolinna Adenanthos,-,Endangered,-,-,-,-,-,-,-,Yes,-,-,-,-,-,-,-,-,-,7763,-,Plantae,Magnoliopsida,http://www.environment.gov.au/cgi-bin/sprat/public/publicspecies.pl?taxon_id=7763,2026-Aug-28,https://id.biodiversity.org.au/name/apni/75647,Proteaceae,Adenanthos,eyrei,-,-,E.C.Nelson,-
Adenanthos pungens subsp. effusus,Sprawling Spiky Adenanthos,-,Endangered,-,-,-,-,-,-,-,Yes,-,-,-,-,-,-,-,-,-,10742,-,Plantae,Magnoliopsida,http://www.environment.gov.au/cgi-bin/sprat/public/publicspecies.pl?taxon_id=10742,2026-Aug-28,https://id.biodiversity.org.au/name/apni/75835,Proteaceae,Adenanthos,pungens,subsp.,effusus,-,E.C.Nelson
Adenanthos pungens subsp. pungens,Spiky Adenanthos,-,Vulnerable,-,-,-,-,-,-,-,Yes,-,-,-,-,-,-,-,-,-,19429,-,Plantae,Magnoliopsida,http://www.environment.gov.au/cgi-bin/sprat/public/publicspecies.pl?taxon_id=19429,2026-Aug-28,https://id.biodiversity.org.au/name/apni/75842,Proteaceae,Adenanthos,pungens,subsp.,pungens,Meisn.,-
Adenanthos velutinus,Velvet Woollybush,-,Endangered,-,-,-,-,-,-,-,Yes,-,-,-,-,-,-,-,-,-,21594,-,Plantae,Magnoliopsida,http://www.environment.gov.au/cgi-bin/sprat/public/publicspecies.pl?taxon_id=21594,2026-Aug-28,https://id.biodiversity.org.au/name/apni/75937,Proteaceae,Adenanthos,velutinus,-,-,Meissner,-
Advena campbellii,Campbell's Keeled Glass-snail,-,Critically Endangered,-,-,-,-,-,-,-,-,-,-,-,-,-,Yes,-,-,-,81250,-,Animalia,Gastropoda,http://www.environment.gov.au/cgi-bin/sprat/public/publicspecies.pl?taxon_id=81250,2026-Aug-28,-,Microcystidae,Advena,campbellii,-,-,"Gray, 1834",-
Aipysurus apraefrontalis,"Short-nosed Sea Snake, Short-nosed Seasnake",-,Critically Endangered,-,-,-,-,-,-,-,Yes,Yes,-,-,-,-,-,-,-,Yes,1115,-,Animalia,Reptilia,http://www.environment.gov.au/cgi-bin/sprat/public/publicspecies.pl?taxon_id=1115,2026-Aug-28,-,Elapidae,Aipysurus,apraefrontalis,-,-,"M.A. Smith, 1926",-
Aipysurus foliosquama,"Leaf-scaled Sea Snake, Leaf-scaled Seasnake",-,Critically Endangered,-,-,-,-,-,-,-,Yes,Yes,-,-,-,-,-,-,-,Yes,1118,-,Animalia,Reptilia,http://www.environment.gov.au/cgi-bin/sprat/public/publicspecies.pl?taxon_id=1118,2026-Aug-28,-,Elapidae,Aipysurus,foliosquama,-,-,"M.A. Smith, 1926",-
Aipysurus fuscus,Dusky Sea Snake,-,Endangered,-,-,-,-,-,-,-,Yes,Yes,-,-,-,-,-,-,-,Yes,1119,-,Animalia,Reptilia,http://www.environment.gov.au/cgi-bin/sprat/public/publicspecies.pl?taxon_id=1119,2026-Aug-28,-,Elapidae,Aipysurus,fuscus,-,-,"(Tschudi, 1837)",-
Alectryon ramiflorus,Isis Tamarind,-,Endangered,-,-,-,Yes,-,-,-,-,-,-,-,-,-,-,-,-,-,6416,-,Plantae,Magnoliopsida,http://www.environment.gov.au/cgi-bin/sprat/public/publicspecies.pl?taxon_id=6416,2026-Aug-28,https://id.biodiversity.org.au/name/apni/81075,Sapindaceae,Alectryon,ramiflorus,-,-,S.T.Reynolds,-
Allocasuarina defungens,Dwarf Heath Casuarina,-,Endangered,-,Yes,-,-,-,-,-,-,-,-,-,-,-,-,-,-,-,21924,-,Plantae,Magnoliopsida,http://www.environment.gov.au/cgi-bin/sprat/public/publicspecies.pl?taxon_id=21924,2026-Aug-28,https://id.biodiversity.org.au/name/apni/82241,Casuarinaceae,Allocasuarina,defungens,-,-,L.Johnson,-
Allocasuarina emuina,"Emu Mountain Sheoak, Mt Emu She-oak",-,Endangered,-,-,-,Yes,-,-,-,-,-,-,-,-,-,-,-,-,-,21926,-,Plantae,Magnoliopsida,http://www.environment.gov.au/cgi-bin/sprat/public/publicspecies.pl?taxon_id=21926,2026-Aug-28,https://id.biodiversity.org.au/name/apni/82257,Casuarinaceae,Allocasuarina,emuina,-,-,L.Johnson,-
Allocasuarina fibrosa,Woolly Sheoak,-,Vulnerable,-,-,-,-,-,-,-,Yes,-,-,-,-,-,-,-,-,-,17455,-,Plantae,Magnoliopsida,http://www.environment.gov.au/cgi-bin/sprat/public/publicspecies.pl?taxon_id=17455,2026-Aug-28,https://id.biodiversity.org.au/name/apni/82264,Casuarinaceae,Allocasuarina,fibrosa,-,-,(C.A.Gardner) L.A.S.Johnson,-
Allocasuarina glareicola,-,-,Endangered,-,Yes,-,-,-,-,-,-,-,-,-,-,-,-,-,-,-,21932,-,Plantae,Magnoliopsida,http://www.environment.gov.au/cgi-bin/sprat/public/publicspecies.pl?taxon_id=21932,2026-Aug-28,https://id.biodiversity.org.au/name/apni/82270,Casuarinaceae,Allocasuarina,glareicola,-,-,L.Johnson,-
Allocasuarina portuensis,Nielsen Park She-oak,-,Endangered,-,Yes,-,-,-,-,-,-,-,-,-,-,-,-,-,-,-,21937,-,Plantae,Magnoliopsida,http://www.environment.gov.au/cgi-bin/sprat/public/publicspecies.pl?taxon_id=21937,2026-Aug-28,https://id.biodiversity.org.au/name/apni/82332,Casuarinaceae,Allocasuarina,portuensis,-,-,L.A.S.Johnson,-
Allocasuarina robusta,Mount Compass Oak-bush,-,Endangered,-,-,-,-,Yes,-,-,-,-,-,-,-,-,-,-,-,-,16377,-,Plantae,Magnoliopsida,http://www.environment.gov.au/cgi-bin/sprat/public/publicspecies.pl?taxon_id=16377,2026-Aug-28,https://id.biodiversity.org.au/name/apni/82344,Casuarinaceae,Allocasuarina,robusta,-,-,(Macklin) L.A.S.Johnson,-
Allocasuarina simulans,Nabiac Casuarina,-,Vulnerable,-,Yes,-,-,-,-,-,-,-,-,-,-,-,-,-,-,-,21935,-,Plantae,Magnoliopsida,http://www.environment.gov.au/cgi-bin/sprat/public/publicspecies.pl?taxon_id=21935,2026-Aug-28,https://id.biodiversity.org.au/name/apni/82349,Casuarinaceae,Allocasuarina,simulans,-,-,L.A.S.Johnson,-
Allocasuarina thalassoscopica,-,-,Endangered,-,Yes,-,Yes,-,-,-,-,-,-,-,-,-,-,-,-,-,21927,-,Plantae,Magnoliopsida,http://www.environment.gov.au/cgi-bin/sprat/public/publicspecies.pl?taxon_id=21927,2026-Aug-28,https://id.biodiversity.org.au/name/apni/82358,Casuarinaceae,Allocasuarina,thalassoscopica,-,-,L.A.S.Johnson,-
Allocasuarina tortiramula,Twisted Sheoak,-,Vulnerable,-,-,-,-,-,-,-,Yes,-,-,-,-,-,-,-,-,-,22124,-,Plantae,Magnoliopsida,http://www.environment.gov.au/cgi-bin/sprat/public/publicspecies.pl?taxon_id=22124,2026-Aug-28,https://id.biodiversity.org.au/name/apni/82361,Casuarinaceae,Allocasuarina,tortiramula,-,-,E.M.Benn.,-
Alloxylon flammeum,"Red Silky Oak, Queensland Waratah, Tree Waratah",-,Vulnerable,-,-,-,Yes,-,-,-,-,-,-,-,-,-,-,-,-,-,56400,-,Plantae,Magnoliopsida,http://www.environment.gov.au/cgi-bin/sprat/public/publicspecies.pl?taxon_id=56400,2026-Aug-28,https://id.biodiversity.org.au/name/apni/118923,Proteaceae,Alloxylon,flammeum,-,-,P.H.Weston  Crisp,-
Almaleea cambagei,Torrington Pea,-,Endangered,-,Yes,-,Yes,-,-,-,-,-,-,-,-,-,-,-,-,-,56308,-,Plantae,Magnoliopsida,http://www.environment.gov.au/cgi-bin/sprat/public/publicspecies.pl?taxon_id=56308,2026-Aug-28,https://id.biodiversity.org.au/name/apni/118817,Fabaceae,Almaleea,cambagei,-,-,(Miaden  Betche) Crisp  P.H.Weston,-
Ammobium craspedioides,Yass Daisy,-,Vulnerable,Yes,Yes,-,-,-,-,-,-,-,-,-,-,-,-,-,-,-,20758,-,Plantae,Magnoliopsida,http://www.environment.gov.au/cgi-bin/sprat/public/publicspecies.pl?taxon_id=20758,2026-Aug-28,https://id.biodiversity.org.au/name/apni/85943,Asteraceae,Ammobium,craspedioides,-,-,Benth.,-
Ammoniropa vigens,Ammonite Pinwheel Snail,-,Critically Endangered,-,-,-,-,-,Yes,-,-,-,-,-,-,-,-,-,-,-,90200,-,Animalia,Gastropoda,http://www.environment.gov.au/cgi-bin/sprat/public/publicspecies.pl?taxon_id=90200,2026-Aug-28,-,Charopidae,Ammoniropa,vigens,-,-,"(Legrand, 1871)",-
Amperea xiphoclada var. pedicellata,-,-,Extinct,-,Yes,-,-,-,-,-,-,-,-,-,-,-,-,-,-,-,55225,-,Plantae,Magnoliopsida,http://www.environment.gov.au/cgi-bin/sprat/public/publicspecies.pl?taxon_id=55225,2026-Aug-28,https://id.biodiversity.org.au/name/apni/117602,Euphorbiaceae,Amperea,xiphoclada,var.,pedicellata,-,R.J.F.Hend.
Amphibromus fluitans,"River Swamp Wallaby-grass, Floating Swamp Wallaby-grass",-,Vulnerable,-,Yes,-,-,Yes,Yes,Yes,-,-,-,-,-,-,-,-,-,-,19215,-,Plantae,Liliopsida,http://www.environment.gov.au/cgi-bin/sprat/public/publicspecies.pl?taxon_id=19215,2026-Aug-28,https://id.biodiversity.org.au/name/apni/86430,Poaceae,Amphibromus,fluitans,-,-,Kirk,-
Amphibromus whitei,-,-,Extinct,-,-,-,Yes,-,-,-,-,-,-,-,-,-,-,-,-,-,3590,-,Plantae,Liliopsida,http://www.environment.gov.au/cgi-bin/sprat/public/publicspecies.pl?taxon_id=3590,2026-Aug-28,https://id.biodiversity.org.au/name/apni/86466,Poaceae,Amphibromus,whitei,-,-,C.E.Hubb.,-
Amphiprion mccullochi,"Whitesnout Anemonefish, McCulloch's Anemonefish",-,Critically Endangered,-,Yes,-,-,-,-,-,-,-,-,-,-,-,Yes,-,-,-,76925,-,Animalia,Actinopterygii,http://www.environment.gov.au/cgi-bin/sprat/public/publicspecies.pl?taxon_id=76925,2026-Aug-28,-,Pomacentridae,Amphiprion,mccullochi,-,-,"Whitley, 1929",-
Amyema plicatula,-,-,Endangered,-,Yes,-,Yes,-,-,-,-,-,-,-,-,-,-,-,-,-,81879,-,Plantae,Magnoliopsida,http://www.environment.gov.au/cgi-bin/sprat/public/publicspecies.pl?taxon_id=81879,2026-Aug-28,https://id.biodiversity.org.au/name/apni/154737,Loranthaceae,Amyema,plicatula,-,-,(K.Krause) Danser,-
Amytornis barbatus barbatus,"Bulloo Grey Grasswren, Grey Grasswren (Bulloo)",-,Endangered,-,Yes,-,Yes,Yes,-,-,-,-,-,-,-,-,-,-,-,-,67065,-,Animalia,Aves,http://www.environment.gov.au/cgi-bin/sprat/public/publicspecies.pl?taxon_id=67065,2026-Aug-28,-,Maluridae,Amytornis,barbatus,-,barbatus,"Favaloro  McEvey, 1968",-
Amytornis dorotheae,Carpentarian Grasswren,-,Endangered,-,-,Yes,Yes,-,-,-,-,-,-,-,-,-,-,-,-,-,558,-,Animalia,Aves,http://www.environment.gov.au/cgi-bin/sprat/public/publicspecies.pl?taxon_id=558,2026-Aug-28,-,Maluridae,Amytornis,dorotheae,-,-,"(Mathews,1914)",-
Amytornis merrotsyi merrotsyi,Short-tailed Grasswren (Flinders Ranges),-,Vulnerable,-,-,-,-,Yes,-,-,-,-,-,-,-,-,-,-,-,-,86269,-,Animalia,Aves,http://www.environment.gov.au/cgi-bin/sprat/public/publicspecies.pl?taxon_id=86269,2026-Aug-28,-,Maluridae,Amytornis,merrotsyi,-,merrotsyi,"Mellor, 1913",-
Amytornis merrotsyi pedleri,"Gawler Ranges Short-tailed Grasswren, Short-tailed Grasswren (Gawler Ranges)",-,Endangered,-,-,-,-,Yes,-,-,-,-,-,-,-,-,-,-,-,-,86270,-,Animalia,Aves,http://www.environment.gov.au/cgi-bin/sprat/public/publicspecies.pl?taxon_id=86270,2026-Aug-28,-,Maluridae,Amytornis,merrotsyi,-,pedleri,-,"Christidis, Horton  Norman, 2008"
Amytornis modestus,Thick-billed Grasswren,-,Vulnerable,-,Yes,Yes,-,Yes,-,-,-,-,-,-,-,-,-,-,-,-,84121,-,Animalia,Aves,http://www.environment.gov.au/cgi-bin/sprat/public/publicspecies.pl?taxon_id=84121,2026-Aug-28,-,Maluridae,Amytornis,modestus,-,-,"(North, 1902)",-
Amytornis modestus obscurior,"Grey Range Thick-billed Grasswren, Thick-billed Grasswren (north-west NSW)",-,Critically Endangered,-,Yes,-,-,-,-,-,-,-,-,-,-,-,-,-,-,-,86183,-,Animalia,Aves,http://www.environment.gov.au/cgi-bin/sprat/public/publicspecies.pl?taxon_id=86183,2026-Aug-28,-,Maluridae,Amytornis,modestus,-,obscurior,-,"Mathews, 1923"
Amytornis striatus howei,"Murray Mallee Striated Grasswren, Striated Grasswren (sandplain)",-,Endangered,-,Yes,-,-,Yes,-,Yes,-,-,-,-,-,-,-,-,-,-,91648,-,Animalia,Aves,http://www.environment.gov.au/cgi-bin/sprat/public/publicspecies.pl?taxon_id=91648,2026-Aug-28,-,Maluridae,Amytornis,striatus,-,howei,-,"(Mathews, 1912)"
Amytornis striatus striatus,"Mukarrthippi Grasswren, Striated Grasswren (sandplain)",-,Critically Endangered,-,Yes,-,-,-,-,-,-,-,-,-,-,-,-,-,-,-,26001,-,Animalia,Aves,http://www.environment.gov.au/cgi-bin/sprat/public/publicspecies.pl?taxon_id=26001,2026-Aug-28,-,Maluridae,Amytornis,striatus,-,striatus,-,"(Gould, 1839)"
Amytornis textilis myall,Western Grasswren (Gawler Ranges),-,Vulnerable,-,-,-,-,Yes,-,-,-,-,-,-,-,-,-,-,-,-,64454,-,Animalia,Aves,http://www.environment.gov.au/cgi-bin/sprat/public/publicspecies.pl?taxon_id=64454,2026-Aug-28,-,Maluridae,Amytornis,textilis,-,myall,-,"(Mathews, 1916)"
Amytornis woodwardi,"White-throated Grasswren, Yirlinkirrkirr",-,Vulnerable,-,-,Yes,-,-,-,-,-,-,-,-,-,-,-,-,-,-,564,-,Animalia,Aves,http://www.environment.gov.au/cgi-bin/sprat/public/publicspecies.pl?taxon_id=564,2026-Aug-28,-,Maluridae,Amytornis,woodwardi,-,-,"Hartert,1905",-
Andersonia annelsii,-,-,Critically Endangered,-,-,-,-,-,-,-,Yes,-,-,-,-,-,-,-,-,-,84925,-,Plantae,Magnoliopsida,http://www.environment.gov.au/cgi-bin/sprat/public/publicspecies.pl?taxon_id=84925,2026-Aug-28,https://id.biodiversity.org.au/name/apni/211518,Ericaceae,Andersonia,annelsii,-,-,Lemson,-
Andersonia axilliflora,Giant Andersonia,-,Critically Endangered,-,-,-,-,-,-,-,Yes,-,-,-,-,-,-,-,-,-,16916,-,Plantae,Magnoliopsida,http://www.environment.gov.au/cgi-bin/sprat/public/publicspecies.pl?taxon_id=16916,2026-Aug-28,https://id.biodiversity.org.au/name/apni/88512,Ericaceae,Andersonia,axilliflora,-,-,(Stschegl.) Druce,-
Andersonia gracilis,Slender Andersonia,-,Endangered,-,-,-,-,-,-,-,Yes,-,-,-,-,-,-,-,-,-,14470,-,Plantae,Magnoliopsida,http://www.environment.gov.au/cgi-bin/sprat/public/publicspecies.pl?taxon_id=14470,2026-Aug-28,https://id.biodiversity.org.au/name/apni/88688,Ericaceae,Andersonia,gracilis,-,-,DC.,-
Andersonia pinaster,Two Peoples Bay Andersonia,-,Vulnerable,-,-,-,-,-,-,-,Yes,-,-,-,-,-,-,-,-,-,67444,-,Plantae,Magnoliopsida,http://www.environment.gov.au/cgi-bin/sprat/public/publicspecies.pl?taxon_id=67444,2026-Aug-28,https://id.biodiversity.org.au/name/apni/211530,Ericaceae,Andersonia,pinaster,-,-,Lemson,-
Androcalva adenothalia,-,-,Critically Endangered,-,-,-,-,-,-,-,Yes,-,-,-,-,-,-,-,-,-,86389,-,Plantae,Magnoliopsida,http://www.environment.gov.au/cgi-bin/sprat/public/publicspecies.pl?taxon_id=86389,2026-Aug-28,https://id.biodiversity.org.au/name/apni/235986,Malvaceae,Androcalva,adenothalia,-,-,C.F.Wilkins,-
Androcalva beeronensis,-,-,Critically Endangered,-,-,-,Yes,-,-,-,-,-,-,-,-,-,-,-,-,-,87364,-,Plantae,Magnoliopsida,http://www.environment.gov.au/cgi-bin/sprat/public/publicspecies.pl?taxon_id=87364,2026-Aug-28,https://id.biodiversity.org.au/name/apni/235995,Malvaceae,Androcalva,beeronensis,-,-,(Guymer) C.F.Wilkins  Whitlock,-
Androcalva bivillosa,Straggling Androcalva,-,Critically Endangered,-,-,-,-,-,-,-,Yes,-,-,-,-,-,-,-,-,-,87807,-,Plantae,Magnoliopsida,http://www.environment.gov.au/cgi-bin/sprat/public/publicspecies.pl?taxon_id=87807,2026-Aug-28,https://id.biodiversity.org.au/name/apni/235996,Malvaceae,Androcalva,bivillosa,-,-,C.F.Wilkins,-
Androcalva inglewoodensis,-,-,Critically Endangered,-,-,-,Yes,-,-,-,-,-,-,-,-,-,-,-,-,-,84804,-,Plantae,Magnoliopsida,http://www.environment.gov.au/cgi-bin/sprat/public/publicspecies.pl?taxon_id=84804,2026-Aug-28,https://id.biodiversity.org.au/name/apni/236019,Malvaceae,Androcalva,inglewoodensis,-,-,(Guymer) C.F.Wilkins  Whitlock,-
Androcalva perkinsiana,Headland Commersonia,-,Critically Endangered,-,-,-,Yes,-,-,-,-,-,-,-,-,-,-,-,-,-,86431,-,Plantae,Magnoliopsida,http://www.environment.gov.au/cgi-bin/sprat/public/publicspecies.pl?taxon_id=86431,2026-Aug-28,https://id.biodiversity.org.au/name/apni/244159,Malvaceae,Androcalva,perkinsiana,-,-,(Guymer) C. F. Wilkins  Whitlock,-
Androcalva perlaria,Pearl-like Androcalva,-,Endangered,-,-,-,-,-,-,-,Yes,-,-,-,-,-,-,-,-,-,86388,-,Plantae,Magnoliopsida,http://www.environment.gov.au/cgi-bin/sprat/public/publicspecies.pl?taxon_id=86388,2026-Aug-28,https://id.biodiversity.org.au/name/apni/236038,Malvaceae,Androcalva,perlaria,-,-,C.F.Wilkins,-
Androcalva procumbens,-,-,Vulnerable,-,Yes,-,-,-,-,-,-,-,-,-,-,-,-,-,-,-,87153,-,Plantae,Magnoliopsida,http://www.environment.gov.au/cgi-bin/sprat/public/publicspecies.pl?taxon_id=87153,2026-Aug-28,https://id.biodiversity.org.au/name/apni/236039,Malvaceae,Androcalva,procumbens,-,-,(Maiden  Betche) C.F.Wilkins  Whitlock,-
Androcalva rosea,Sandy Hollow Commersonia,-,Endangered,-,Yes,-,-,-,-,-,-,-,-,-,-,-,-,-,-,-,86861,-,Plantae,Magnoliopsida,http://www.environment.gov.au/cgi-bin/sprat/public/publicspecies.pl?taxon_id=86861,2026-Aug-28,https://id.biodiversity.org.au/name/apni/236042,Malvaceae,Androcalva,rosea,-,-,(S.A.J.Bell  L.M.Copel.) C.F.Wilkins  Whitlock,-
Angophora inopina,Charmhaven Apple,-,Vulnerable,-,Yes,-,-,-,-,-,-,-,-,-,-,-,-,-,-,-,64832,-,Plantae,Magnoliopsida,http://www.environment.gov.au/cgi-bin/sprat/public/publicspecies.pl?taxon_id=64832,2026-Aug-28,https://id.biodiversity.org.au/name/apni/159969,Myrtaceae,Angophora,inopina,-,-,K.D.Hill,-
Angophora robur,Sandstone Rough-barked Apple,-,Vulnerable,-,Yes,-,-,-,-,-,-,-,-,-,-,-,-,-,-,-,56088,-,Plantae,Magnoliopsida,http://www.environment.gov.au/cgi-bin/sprat/public/publicspecies.pl?taxon_id=56088,2026-Aug-28,https://id.biodiversity.org.au/name/apni/118574,Myrtaceae,Angophora,robur,-,-,L.A.S.Johnson  K.D.Hill,-
Anigozanthos bicolor subsp. minor,"Little Kangaroo Paw, Two-coloured Kangaroo Paw, Small Two-colour Kangaroo Paw",-,Endangered,-,-,-,-,-,-,-,Yes,-,-,-,-,-,-,-,-,-,21241,-,Plantae,Liliopsida,http://www.environment.gov.au/cgi-bin/sprat/public/publicspecies.pl?taxon_id=21241,2026-Aug-28,https://id.biodiversity.org.au/name/apni/92279,Haemodoraceae,Anigozanthos,bicolor,subsp.,minor,-,(Benth.) Hopper
Anigozanthos viridis subsp. terraspectans,Dwarf Green Kangaroo Paw,-,Vulnerable,-,-,-,-,-,-,-,Yes,-,-,-,-,-,-,-,-,-,3435,-,Plantae,Liliopsida,http://www.environment.gov.au/cgi-bin/sprat/public/publicspecies.pl?taxon_id=3435,2026-Aug-28,https://id.biodiversity.org.au/name/apni/92585,Haemodoraceae,Anigozanthos,viridis,subsp.,terraspectans,-,Hopper
Anilios insperatus,Fassifern Blind Snake,-,Critically Endangered,-,-,-,Yes,-,-,-,-,-,-,-,-,-,-,-,-,-,88341,-,Animalia,Reptilia,http://www.environment.gov.au/cgi-bin/sprat/public/publicspecies.pl?taxon_id=88341,2026-Aug-28,-,Typhlopidae,Anilios,insperatus,-,-,"Venchi, Wilson  Borsboom, 2015",-
Anomalopus mackayi,"Five-clawed Worm-skink, Long-legged Worm-skink",-,Vulnerable,-,Yes,-,Yes,-,-,-,-,-,-,-,-,-,-,-,-,-,25934,-,Animalia,Reptilia,http://www.environment.gov.au/cgi-bin/sprat/public/publicspecies.pl?taxon_id=25934,2026-Aug-28,-,Scincidae,Anomalopus,mackayi,-,-,"Greer and Cogger,1985",-
Anous tenuirostris melanops,Australian Lesser Noddy,-,Vulnerable,-,-,-,-,-,-,-,Yes,Yes,-,-,-,-,-,-,-,Yes,26000,-,Animalia,Aves,http://www.environment.gov.au/cgi-bin/sprat/public/publicspecies.pl?taxon_id=26000,2026-Aug-28,-,Laridae,Anous,tenuirostris,-,melanops,-,"(Gould, 1845)"
Antechinus argentus,Silver-headed Antechinus,-,Endangered,-,-,-,Yes,-,-,-,-,-,-,-,-,-,-,-,-,-,88218,-,Animalia,Mammalia,http://www.environment.gov.au/cgi-bin/sprat/public/publicspecies.pl?taxon_id=88218,2026-Aug-28,-,Dasyuridae,Antechinus,argentus,-,-,"Baker, Mutton  Hines, 2013",-
Antechinus arktos,Black-tailed Antechinus,-,Endangered,-,Yes,-,Yes,-,-,-,-,-,-,-,-,-,-,-,-,-,88217,-,Animalia,Mammalia,http://www.environment.gov.au/cgi-bin/sprat/public/publicspecies.pl?taxon_id=88217,2026-Aug-28,-,Dasyuridae,Antechinus,arktos,-,-,"Baker, Mutton, Hines  Van Dyck, 2014",-
Antechinus bellus,Fawn Antechinus,-,Vulnerable,-,-,Yes,-,-,-,-,-,-,-,-,-,-,-,-,-,-,344,-,Animalia,Mammalia,http://www.environment.gov.au/cgi-bin/sprat/public/publicspecies.pl?taxon_id=344,2026-Aug-28,-,Dasyuridae,Antechinus,bellus,-,-,"(Thomas,1904)",-
Antechinus minimus maritimus,Swamp Antechinus (mainland),-,Vulnerable,-,-,-,-,Yes,-,Yes,-,-,-,-,-,-,-,-,-,-,83086,-,Animalia,Mammalia,http://www.environment.gov.au/cgi-bin/sprat/public/publicspecies.pl?taxon_id=83086,2026-Aug-28,-,Dasyuridae,Antechinus,minimus,-,maritimus,-,"(Finlayson, 1958)"
Anthocercis gracilis,Slender Tailflower,-,Vulnerable,-,-,-,-,-,-,-,Yes,-,-,-,-,-,-,-,-,-,11103,-,Plantae,Magnoliopsida,http://www.environment.gov.au/cgi-bin/sprat/public/publicspecies.pl?taxon_id=11103,2026-Aug-28,https://id.biodiversity.org.au/name/apni/95070,Solanaceae,Anthocercis,gracilis,-,-,Benth.,-
Anthochaera chrysoptera halmaturina,Kangaroo Island Little Wattlebird,-,Vulnerable,-,-,-,-,Yes,-,-,-,-,-,-,-,-,-,-,-,-,80437,-,Animalia,Aves,http://www.environment.gov.au/cgi-bin/sprat/public/publicspecies.pl?taxon_id=80437,2026-Aug-28,-,Meliphagidae,Anthochaera,chrysoptera,-,halmaturina,-,"(Mathews, 1912)"
Anthochaera phrygia,Regent Honeyeater,-,Critically Endangered,Yes,Yes,-,Yes,Yes,-,Yes,-,-,-,-,-,Yes,-,-,-,-,82338,-,Animalia,Aves,http://www.environment.gov.au/cgi-bin/sprat/public/publicspecies.pl?taxon_id=82338,2026-Aug-28,-,Meliphagidae,Anthochaera,phrygia,-,-,"(Shaw, 1794)",-
Anthosachne kingiana subsp. kingiana,Phillip Island Wheat Grass,-,Critically Endangered,-,Yes,-,-,-,-,-,-,-,-,-,-,-,Yes,-,-,-,87946,-,Plantae,Liliopsida,http://www.environment.gov.au/cgi-bin/sprat/public/publicspecies.pl?taxon_id=87946,2026-Aug-28,https://id.biodiversity.org.au/name/apni/247495,Poaceae,Anthosachne,kingiana,subsp.,kingiana,(Endl.) Govaerts,-
Antipodia chaostola leucophaea,"Tasmanian Chaostola Skipper, Heath-sand Skipper",-,Endangered,-,-,-,-,-,Yes,-,-,-,-,-,-,-,-,-,-,-,77672,-,Animalia,Insecta,http://www.environment.gov.au/cgi-bin/sprat/public/publicspecies.pl?taxon_id=77672,2026-Aug-28,-,Hesperiidae,Antipodia,chaostola,-,leucophaea,-,"(Couchman, 1946)"
Antrophyum austroqueenslandicum,"Border Ranges Lined Fern, Lamington Ox Tongue Fern",-,Critically Endangered,-,Yes,-,Yes,-,-,-,-,-,-,-,-,-,-,-,-,-,74525,-,Plantae,Polypodiatae,http://www.environment.gov.au/cgi-bin/sprat/public/publicspecies.pl?taxon_id=74525,2026-Aug-28,https://id.biodiversity.org.au/name/apni/177937,Pteridaceae,Antrophyum,austroqueenslandicum,-,-,D.L.Jones,-
Apatophyllum olsenii,-,-,Vulnerable,-,-,-,Yes,-,-,-,-,-,-,-,-,-,-,-,-,-,7718,-,Plantae,Magnoliopsida,http://www.environment.gov.au/cgi-bin/sprat/public/publicspecies.pl?taxon_id=7718,2026-Aug-28,https://id.biodiversity.org.au/name/apni/96794,Celastraceae,Apatophyllum,olsenii,-,-,McGill.,-
Aphelocephala leucopsis,Southern Whiteface,-,Vulnerable,Yes,Yes,Yes,Yes,Yes,-,Yes,Yes,-,-,-,-,-,-,-,-,-,529,-,Animalia,Aves,http://www.environment.gov.au/cgi-bin/sprat/public/publicspecies.pl?taxon_id=529,2026-Aug-28,-,Pardalotidae,Aphelocephala,leucopsis,-,-,"(Gould,1841)",-
Apium prostratum subsp. Porongurup Range (G.J.Keighery 8631),"Fine-leaved Apium, Porongurup Celery",Apium prostratum subsp. phillipii,Vulnerable,-,-,-,-,-,-,-,Yes,-,-,-,-,-,-,-,-,-,82019,91951,Plantae,Magnoliopsida,http://www.environment.gov.au/cgi-bin/sprat/public/publicspecies.pl?taxon_id=82019,2026-Aug-28,https://id.biodiversity.org.au/name/apni/194490,Apiaceae,Apium,prostratum,subsp.,Porongurup Range (G.J.Keighery 8631),-,WA Herbarium
Aplonis fusca,Tasman Starling,-,Extinct,-,Yes,-,-,-,-,-,-,-,-,-,-,-,Yes,-,-,-,25895,-,Animalia,Aves,http://www.environment.gov.au/cgi-bin/sprat/public/publicspecies.pl?taxon_id=25895,2026-Aug-28,-,Sturnidae,Aplonis,fusca,-,-,"Gould, 1836",-
Aponogeton bullosus,-,-,Endangered,-,-,-,Yes,-,-,-,-,-,-,-,-,-,-,-,-,-,8299,-,Plantae,Liliopsida,http://www.environment.gov.au/cgi-bin/sprat/public/publicspecies.pl?taxon_id=8299,2026-Aug-28,https://id.biodiversity.org.au/name/apni/97567,Aponogetonaceae,Aponogeton,bullosus,-,-,H.Bruggen,-
Aponogeton prolifer,an aquatic herb,-,Endangered,-,-,-,Yes,-,-,-,-,-,-,-,-,-,-,-,-,-,82016,-,Plantae,Liliopsida,http://www.environment.gov.au/cgi-bin/sprat/public/publicspecies.pl?taxon_id=82016,2026-Aug-28,https://id.biodiversity.org.au/name/apni/155033,Aponogetonaceae,Aponogeton,prolifer,-,-,Hellq. S.W.L.Jacobs,-
Aprasia aurita,"Eared Worm-lizard, Mallee Worm-lizard",-,Endangered,-,-,-,-,Yes,-,Yes,-,-,-,-,-,-,-,-,-,-,1662,-,Animalia,Reptilia,http://www.environment.gov.au/cgi-bin/sprat/public/publicspecies.pl?taxon_id=1662,2026-Aug-28,-,Pygopodidae,Aprasia,aurita,-,-,"Kluge, 1974",-
Aprasia parapulchella,"Pink-tailed Worm-lizard, Pink-tailed Legless Lizard",-,Vulnerable,Yes,Yes,-,-,-,-,Yes,-,-,-,-,-,-,-,-,-,-,1665,-,Animalia,Reptilia,http://www.environment.gov.au/cgi-bin/sprat/public/publicspecies.pl?taxon_id=1665,2026-Aug-28,-,Pygopodidae,Aprasia,parapulchella,-,-,"Kluge,1974",-
Aprasia pseudopulchella,Flinders Ranges Worm-lizard,-,Vulnerable,-,-,-,-,Yes,-,-,-,-,-,-,-,-,-,-,-,-,1666,-,Animalia,Reptilia,http://www.environment.gov.au/cgi-bin/sprat/public/publicspecies.pl?taxon_id=1666,2026-Aug-28,-,Pygopodidae,Aprasia,pseudopulchella,-,-,"Kluge,1974",-
Aquila audax fleayi,"Tasmanian Wedge-tailed Eagle, Wedge-tailed Eagle (Tasmanian)",-,Endangered,-,-,-,-,-,Yes,-,-,-,-,-,-,-,-,-,-,-,64435,-,Animalia,Aves,http://www.environment.gov.au/cgi-bin/sprat/public/publicspecies.pl?taxon_id=64435,2026-Aug-28,-,Accipitridae,Aquila,audax,-,fleayi,-,"Condon  Amadon, 1954"
Archidendron lovelliae,"Bacon Wood, Tulip Siris",-,Vulnerable,-,-,-,Yes,-,-,-,-,-,-,-,-,-,-,-,-,-,13451,-,Plantae,Magnoliopsida,http://www.environment.gov.au/cgi-bin/sprat/public/publicspecies.pl?taxon_id=13451,2026-Aug-28,https://id.biodiversity.org.au/name/apni/116794,Fabaceae,Archidendron,lovelliae,-,-,(Bailey) I.Nielsen,-
Archontophoenix myolensis,"Myola Palm, Myola Archontophoenix",-,Endangered,-,-,-,Yes,-,-,-,-,-,-,-,-,-,-,-,-,-,64500,-,Plantae,Liliopsida,http://www.environment.gov.au/cgi-bin/sprat/public/publicspecies.pl?taxon_id=64500,2026-Aug-28,https://id.biodiversity.org.au/name/apni/154563,Arecaceae,Archontophoenix,myolensis,-,-,Dowe,-
Arctocephalus tropicalis,Subantarctic Fur-seal,-,Endangered,-,-,-,-,-,Yes,-,-,-,-,-,-,-,-,Yes,Yes,Yes,25909,-,Animalia,Mammalia,http://www.environment.gov.au/cgi-bin/sprat/public/publicspecies.pl?taxon_id=25909,2026-Aug-28,-,Otariidae,Arctocephalus,tropicalis,-,-,"(J.E.Gray,1872)",-
Ardenna grisea,Sooty Shearwater,-,Vulnerable,-,Yes,-,Yes,Yes,Yes,Yes,Yes,-,-,-,Yes,Yes,-,Yes,Yes,Yes,82651,-,Animalia,Aves,http://www.environment.gov.au/cgi-bin/sprat/public/publicspecies.pl?taxon_id=82651,2026-Aug-28,-,Procellariidae,Ardenna,grisea,-,-,"(J.F. Gmelin, 1789)",-
Arenaria interpres,Ruddy Turnstone,-,Vulnerable,-,Yes,Yes,Yes,Yes,Yes,Yes,Yes,-,-,-,-,-,-,-,-,Yes,872,-,Animalia,Aves,http://www.environment.gov.au/cgi-bin/sprat/public/publicspecies.pl?taxon_id=872,2026-Aug-28,-,Scolopacidae,Arenaria,interpres,-,-,"(Linnaeus,1758)",-
Argynnis hyperbius inconstans,Australian Fritillary,-,Critically Endangered,-,Yes,-,Yes,-,-,-,-,-,-,-,-,-,-,-,-,-,88056,-,Animalia,Insecta,http://www.environment.gov.au/cgi-bin/sprat/public/publicspecies.pl?taxon_id=88056,2026-Aug-28,-,Nymphalidae,Argynnis,hyperbius,-,inconstans,-,"Butler, 1873"
Argyrotegium nitidulum,Shining Cudweed,-,Vulnerable,-,Yes,-,-,-,Yes,Yes,-,-,-,-,-,-,-,-,-,-,82043,-,Plantae,Magnoliopsida,http://www.environment.gov.au/cgi-bin/sprat/public/publicspecies.pl?taxon_id=82043,2026-Aug-28,https://id.biodiversity.org.au/name/apni/189788,Asteraceae,Argyrotegium,nitidulum,-,-,(Hook.f.) J.M.Ward  Breitw.,-
Aristida annua,-,-,Vulnerable,-,-,-,Yes,-,-,-,-,-,-,-,-,-,-,-,-,-,17906,-,Plantae,Liliopsida,http://www.environment.gov.au/cgi-bin/sprat/public/publicspecies.pl?taxon_id=17906,2026-Aug-28,https://id.biodiversity.org.au/name/apni/100558,Poaceae,Aristida,annua,-,-,B.Simon,-
Aristida granitica,-,-,Endangered,-,-,-,Yes,-,-,-,-,-,-,-,-,-,-,-,-,-,4065,-,Plantae,Liliopsida,http://www.environment.gov.au/cgi-bin/sprat/public/publicspecies.pl?taxon_id=4065,2026-Aug-28,https://id.biodiversity.org.au/name/apni/100832,Poaceae,Aristida,granitica,-,-,B.Simon,-
Aristida thompsonii,Thompson's Wiregrass,-,Endangered,-,-,-,Yes,-,-,-,-,-,-,-,-,-,-,-,-,-,65694,-,Plantae,Liliopsida,http://www.environment.gov.au/cgi-bin/sprat/public/publicspecies.pl?taxon_id=65694,2026-Aug-28,https://id.biodiversity.org.au/name/apni/158307,Poaceae,Aristida,thompsonii,-,-,B.K.Simon,-
Arthraxon hispidus,Hairy-joint Grass,-,Vulnerable,-,Yes,-,Yes,-,-,-,-,-,-,-,-,-,-,-,-,-,9338,-,Plantae,Liliopsida,http://www.environment.gov.au/cgi-bin/sprat/public/publicspecies.pl?taxon_id=9338,2026-Aug-28,https://id.biodiversity.org.au/name/apni/102134,Poaceae,Arthraxon,hispidus,-,-,(Thunb.) Makino,-
Asperula asthenes,Trailing Woodruff,-,Vulnerable,-,Yes,-,-,-,-,-,-,-,-,-,-,-,-,-,-,-,14004,-,Plantae,Magnoliopsida,http://www.environment.gov.au/cgi-bin/sprat/public/publicspecies.pl?taxon_id=14004,2026-Aug-28,https://id.biodiversity.org.au/name/apni/103552,Rubiaceae,Asperula,asthenes,-,-,Airy Shaw  Turrill,-
Asperula tetraphylla,Kangaroo Island Woodruff,-,Vulnerable,-,-,-,-,Yes,-,-,-,-,-,-,-,-,-,-,-,-,85221,-,Plantae,Magnoliopsida,http://www.environment.gov.au/cgi-bin/sprat/public/publicspecies.pl?taxon_id=85221,2026-Aug-28,https://id.biodiversity.org.au/name/apni/217946,Rubiaceae,Asperula,tetraphylla,-,-,(Airy Shaw  Turrill) I.Thomps.,-
Asplenium hookerianum,Maidenhair Spleenwort,-,Vulnerable,-,-,-,-,-,Yes,Yes,-,-,-,-,-,-,-,-,-,-,3909,-,Plantae,Polypodiatae,http://www.environment.gov.au/cgi-bin/sprat/public/publicspecies.pl?taxon_id=3909,2026-Aug-28,https://id.biodiversity.org.au/name/apni/105521,Aspleniaceae,Asplenium,hookerianum,-,-,Colenso,-
Asplenium listeri,Christmas Island Spleenwort,-,Critically Endangered,-,-,-,-,-,-,-,-,-,-,Yes,-,-,-,-,-,-,65865,-,Plantae,Polypodiatae,http://www.environment.gov.au/cgi-bin/sprat/public/publicspecies.pl?taxon_id=65865,2026-Aug-28,https://id.biodiversity.org.au/name/apni/134952,Aspleniaceae,Asplenium,listeri,-,-,C.Chr.,-
Asplenium pellucidum,-,-,Vulnerable,-,-,-,Yes,-,-,-,-,-,-,-,-,-,-,-,-,-,21662,-,Plantae,Polypodiatae,http://www.environment.gov.au/cgi-bin/sprat/public/publicspecies.pl?taxon_id=21662,2026-Aug-28,https://id.biodiversity.org.au/name/apni/117183,Aspleniaceae,Asplenium,pellucidum,-,-,Lam.,-
Asplenium wildii,-,Hymenasplenium wildii,Vulnerable,-,-,-,Yes,-,-,-,-,-,-,-,-,-,-,-,-,-,19154,92431,Plantae,Polypodiatae,http://www.environment.gov.au/cgi-bin/sprat/public/publicspecies.pl?taxon_id=19154,2026-Aug-28,https://id.biodiversity.org.au/name/apni/106144,Aspleniaceae,Asplenium,wildii,-,-,F.M.Bailey,-
Assa darlingtoni,Pouched Frog,-,Vulnerable,-,Yes,-,Yes,-,-,-,-,-,-,-,-,-,-,-,-,-,1965,-,Animalia,Amphibia,http://www.environment.gov.au/cgi-bin/sprat/public/publicspecies.pl?taxon_id=1965,2026-Aug-28,-,Myobatrachidae,Assa,darlingtoni,-,-,"(Loveridge,1933)",-
Assa wollumbin,"Mount Wollumbin Hip-pocket Frog, Wollumbin Pouched Frog",-,Critically Endangered,-,Yes,-,-,-,-,-,-,-,-,-,-,-,-,-,-,-,92317,-,Animalia,Amphibia,http://www.environment.gov.au/cgi-bin/sprat/public/publicspecies.pl?taxon_id=92317,2026-Aug-28,-,Myobatrachidae,Assa,wollumbin,-,-,"Mahony, Hines, Mahony, Moses, Catalano, Myers, and Donnellan, 2021",-
Astacopsis gouldi,"Giant Freshwater Crayfish, Tasmanian Giant Freshwater Lobster",-,Vulnerable,-,-,-,-,-,Yes,-,-,-,-,-,-,-,-,-,-,-,64415,-,Animalia,Malacostraca,http://www.environment.gov.au/cgi-bin/sprat/public/publicspecies.pl?taxon_id=64415,2026-Aug-28,-,Parastacidae,Astacopsis,gouldi,-,-,"Clark, 1936",-
Astelia australiana,Tall Astelia,-,Vulnerable,-,-,-,-,-,-,Yes,-,-,-,-,-,-,-,-,-,-,10851,-,Plantae,Liliopsida,http://www.environment.gov.au/cgi-bin/sprat/public/publicspecies.pl?taxon_id=10851,2026-Aug-28,https://id.biodiversity.org.au/name/apni/106586,Liliaceae,Astelia,australiana,-,-,(J.H.Willis) L.Moore,-
Asterolasia asteriscophora subsp. albiflora,White Star-bush,-,Critically Endangered,-,-,-,-,-,-,Yes,-,-,-,-,-,-,-,-,-,-,84573,-,Plantae,Magnoliopsida,http://www.environment.gov.au/cgi-bin/sprat/public/publicspecies.pl?taxon_id=84573,2026-Aug-28,https://id.biodiversity.org.au/name/apni/178271,Rutaceae,Asterolasia,asteriscophora,subsp.,albiflora,-,B.J.Mole
Asterolasia beckersii,Dungowan Starbush,-,Critically Endangered,-,Yes,-,-,-,-,-,-,-,-,-,-,-,-,-,-,-,90354,-,Plantae,Magnoliopsida,http://www.environment.gov.au/cgi-bin/sprat/public/publicspecies.pl?taxon_id=90354,2026-Aug-28,https://id.biodiversity.org.au/name/apni/9301689,Rutaceae,Asterolasia,beckersii,-,-,Orme  Duretto,-
Asterolasia buxifolia,-,-,Critically Endangered,-,Yes,-,-,-,-,-,-,-,-,-,-,-,-,-,-,-,51321,-,Plantae,Magnoliopsida,http://www.environment.gov.au/cgi-bin/sprat/public/publicspecies.pl?taxon_id=51321,2026-Aug-28,https://id.biodiversity.org.au/name/apni/108100,Rutaceae,Asterolasia,buxifolia,-,-,Benth.,-
Asterolasia elegans,-,-,Endangered,-,Yes,-,-,-,-,-,-,-,-,-,-,-,-,-,-,-,56780,-,Plantae,Magnoliopsida,http://www.environment.gov.au/cgi-bin/sprat/public/publicspecies.pl?taxon_id=56780,2026-Aug-28,https://id.biodiversity.org.au/name/apni/118820,Rutaceae,Asterolasia,elegans,-,-,L.McDougall  Porteners,-
Asterolasia nivea,Bindoon Starbush,-,Vulnerable,-,-,-,-,-,-,-,Yes,-,-,-,-,-,-,-,-,-,8225,-,Plantae,Magnoliopsida,http://www.environment.gov.au/cgi-bin/sprat/public/publicspecies.pl?taxon_id=8225,2026-Aug-28,https://id.biodiversity.org.au/name/apni/108209,Rutaceae,Asterolasia,nivea,-,-,(Paul G.Wilson) Paul G.Wilson,-
Asterolasia phebalioides,Downy Star-bush,-,Vulnerable,-,-,-,-,Yes,-,Yes,-,-,-,-,-,-,-,-,-,-,3599,-,Plantae,Magnoliopsida,http://www.environment.gov.au/cgi-bin/sprat/public/publicspecies.pl?taxon_id=3599,2026-Aug-28,https://id.biodiversity.org.au/name/apni/108228,Rutaceae,Asterolasia,phebalioides,-,-,F.Muell.,-
Astrotricha crassifolia,Thick-leaf Star-hair,-,Vulnerable,-,Yes,-,-,-,-,-,-,-,-,-,-,-,-,-,-,-,10352,-,Plantae,Magnoliopsida,http://www.environment.gov.au/cgi-bin/sprat/public/publicspecies.pl?taxon_id=10352,2026-Aug-28,https://id.biodiversity.org.au/name/apni/109306,Araliaceae,Astrotricha,crassifolia,-,-,Blakely,-
Astrotricha roddii,-,-,Endangered,-,Yes,-,Yes,-,-,-,-,-,-,-,-,-,-,-,-,-,56312,-,Plantae,Magnoliopsida,http://www.environment.gov.au/cgi-bin/sprat/public/publicspecies.pl?taxon_id=56312,2026-Aug-28,https://id.biodiversity.org.au/name/apni/118821,Araliaceae,Astrotricha,roddii,-,-,Makinson,-
Astrotricha sp. Howe Range (D.E.Albrecht 1054),Long-leaf Star-hair,-,Critically Endangered,-,Yes,-,-,-,-,Yes,-,-,-,-,-,-,-,-,-,-,85676,-,Plantae,Magnoliopsida,http://www.environment.gov.au/cgi-bin/sprat/public/publicspecies.pl?taxon_id=85676,2026-Aug-28,https://id.biodiversity.org.au/name/apni/241494,Araliaceae,Astrotricha,sp. Howe Range (D.E.Albrecht 1054),-,-,Vic Herbarium,-
Astrotricha sp. Wingan Inlet (J.A.Jeanes 2268),Wingan Star-hair,-,Endangered,-,-,-,-,-,-,Yes,-,-,-,-,-,-,-,-,-,-,85675,-,Plantae,Magnoliopsida,http://www.environment.gov.au/cgi-bin/sprat/public/publicspecies.pl?taxon_id=85675,2026-Aug-28,https://id.biodiversity.org.au/name/apni/241495,Araliaceae,Astrotricha,sp. Wingan Inlet (J.A.Jeanes 2268),-,-,Vic Herbarium,-
Atalaya brevialata,-,-,Critically Endangered,-,-,Yes,-,-,-,-,-,-,-,-,-,-,-,-,-,-,86125,-,Plantae,Magnoliopsida,http://www.environment.gov.au/cgi-bin/sprat/public/publicspecies.pl?taxon_id=86125,2026-Aug-28,https://id.biodiversity.org.au/name/apni/241686,Sapindaceae,Atalaya,brevialata,-,-,I.D.Cowie  B.Stuckey,-
Atalaya collina,Yarwun Whitewood,-,Endangered,-,-,-,Yes,-,-,-,-,-,-,-,-,-,-,-,-,-,55417,-,Plantae,Magnoliopsida,http://www.environment.gov.au/cgi-bin/sprat/public/publicspecies.pl?taxon_id=55417,2026-Aug-28,https://id.biodiversity.org.au/name/apni/117828,Sapindaceae,Atalaya,collina,-,-,S.T.Reynolds,-
Atrichornis clamosus,"Noisy Scrub-bird, Tjimiluk",-,Endangered,-,-,-,-,-,-,-,Yes,-,-,-,-,-,-,-,-,-,654,-,Animalia,Aves,http://www.environment.gov.au/cgi-bin/sprat/public/publicspecies.pl?taxon_id=654,2026-Aug-28,-,Atrichornithidae,Atrichornis,clamosus,-,-,"(Gould, 1844)",-
Atrichornis rufescens,Rufous Scrub-bird,-,Endangered,-,Yes,-,Yes,-,-,-,-,-,-,-,-,-,-,-,-,-,655,-,Animalia,Aves,http://www.environment.gov.au/cgi-bin/sprat/public/publicspecies.pl?taxon_id=655,2026-Aug-28,-,Atrichornithidae,Atrichornis,rufescens,-,-,"(Ramsay,1867)",-
Atriplex infrequens,-,-,Vulnerable,-,Yes,-,-,-,-,-,-,-,-,-,-,-,-,-,-,-,4143,-,Plantae,Magnoliopsida,http://www.environment.gov.au/cgi-bin/sprat/public/publicspecies.pl?taxon_id=4143,2026-Aug-28,https://id.biodiversity.org.au/name/apni/111593,Chenopodiaceae,Atriplex,infrequens,-,-,Paul G.Wilson,-
Atriplex yeelirrie,-,-,Endangered,-,-,-,-,-,-,-,Yes,-,-,-,-,-,-,-,-,-,88538,-,Plantae,Magnoliopsida,http://www.environment.gov.au/cgi-bin/sprat/public/publicspecies.pl?taxon_id=88538,2026-Aug-28,https://id.biodiversity.org.au/name/apni/5431799,Chenopodiaceae,Atriplex,yeelirrie,-,-,K.A.Sheph.  K.R.Thiele,-
Auranticarpa edentata,-,-,Endangered,-,-,-,Yes,-,-,-,-,-,-,-,-,-,-,-,-,-,93281,-,Plantae,Magnoliopsida,http://www.environment.gov.au/cgi-bin/sprat/public/publicspecies.pl?taxon_id=93281,2026-Aug-28,https://id.biodiversity.org.au/name/apni/146910,Pittosporaceae,Auranticarpa,edentata,-,-,"L.W.Cayzer, Crisp  I.Telford",-
Austroablepharus barrylyoni,"Lyon's Grassland Striped Skink, Lyon's Snake-eyed Skink",-,Critically Endangered,-,-,-,Yes,-,-,-,-,-,-,-,-,-,-,-,-,-,91455,-,Animalia,Reptilia,http://www.environment.gov.au/cgi-bin/sprat/public/publicspecies.pl?taxon_id=91455,2026-Aug-28,-,Scincidae,Austroablepharus,barrylyoni,-,-,"(Couper, Limpus, McDonald  Amey, 2010)",-
Austrocordulia leonardi,Sydney Hawk Dragonfly,-,Endangered,-,Yes,-,-,-,-,-,-,-,-,-,-,-,-,-,-,-,84741,-,Animalia,Insecta,http://www.environment.gov.au/cgi-bin/sprat/public/publicspecies.pl?taxon_id=84741,2026-Aug-28,-,Austrocorduliidae,Austrocordulia,leonardi,-,-,"Theischinger, 1973",-
Austrostipa bronwenae,-,Austrostipa bronweniae,Endangered,-,-,-,-,-,-,-,Yes,-,-,-,-,-,-,-,-,-,87808,92773,Plantae,Liliopsida,http://www.environment.gov.au/cgi-bin/sprat/public/publicspecies.pl?taxon_id=87808,2026-Aug-28,https://id.biodiversity.org.au/name/apni/51346897,Poaceae,Austrostipa,bronwenae,-,-,-,-
Austrostipa jacobsiana,-,-,Critically Endangered,-,-,-,-,-,-,-,Yes,-,-,-,-,-,-,-,-,-,87809,-,Plantae,Liliopsida,http://www.environment.gov.au/cgi-bin/sprat/public/publicspecies.pl?taxon_id=87809,2026-Aug-28,https://id.biodiversity.org.au/name/apni/231706,Poaceae,Austrostipa,jacobsiana,-,-,A.R.Williams,-
Austrostipa metatoris,-,-,Vulnerable,-,Yes,-,-,Yes,-,Yes,-,-,-,-,-,-,-,-,-,-,66704,-,Plantae,Liliopsida,http://www.environment.gov.au/cgi-bin/sprat/public/publicspecies.pl?taxon_id=66704,2026-Aug-28,https://id.biodiversity.org.au/name/apni/163146,Poaceae,Austrostipa,metatoris,-,-,(J.Everett  S.W.L.Jacobs) S.W.L.Jacobs  J.Everett,-
Austrostipa wakoolica,-,-,Endangered,-,Yes,-,-,-,-,Yes,-,-,-,-,-,-,-,-,-,-,66623,-,Plantae,Liliopsida,http://www.environment.gov.au/cgi-bin/sprat/public/publicspecies.pl?taxon_id=66623,2026-Aug-28,https://id.biodiversity.org.au/name/apni/163178,Poaceae,Austrostipa,wakoolica,-,-,"(Vickery, S.W.L.Jacobs  J.Everett) S.W.L.Jacobs  J.Everett",-
Azorella macquariensis,"Macquarie Azorella, Macquarie Cushions",-,Critically Endangered,-,-,-,-,-,Yes,-,-,-,-,-,-,-,-,-,-,-,21846,-,Plantae,Magnoliopsida,http://www.environment.gov.au/cgi-bin/sprat/public/publicspecies.pl?taxon_id=21846,2026-Aug-28,https://id.biodiversity.org.au/name/apni/117219,Apiaceae,Azorella,macquariensis,-,-,Orchard,-
Backhousia tetraptera,-,-,Critically Endangered,-,-,-,Yes,-,-,-,-,-,-,-,-,-,-,-,-,-,91337,-,Plantae,Magnoliopsida,http://www.environment.gov.au/cgi-bin/sprat/public/publicspecies.pl?taxon_id=91337,2026-Aug-28,https://id.biodiversity.org.au/name/apni/241370,Myrtaceae,Backhousia,tetraptera,-,-,Jackes,-
Baeckea kandos,a shrub,-,Endangered,-,Yes,-,-,-,-,-,-,-,-,-,-,-,-,-,-,-,64838,-,Plantae,Magnoliopsida,http://www.environment.gov.au/cgi-bin/sprat/public/publicspecies.pl?taxon_id=64838,2026-Aug-28,https://id.biodiversity.org.au/name/apni/163807,Myrtaceae,Baeckea,kandos,-,-,A.R.Bean,-
Balaenoptera borealis,Sei Whale,-,Vulnerable,-,Yes,-,Yes,Yes,Yes,Yes,Yes,-,Yes,Yes,Yes,-,-,Yes,Yes,Yes,34,-,Animalia,Mammalia,http://www.environment.gov.au/cgi-bin/sprat/public/publicspecies.pl?taxon_id=34,2026-Aug-28,-,Balaenopteridae,Balaenoptera,borealis,-,-,"Lesson, 1828",-
Balaenoptera musculus,Blue Whale,-,Endangered,-,Yes,Yes,Yes,Yes,Yes,Yes,Yes,Yes,Yes,Yes,Yes,-,Yes,Yes,Yes,Yes,36,-,Animalia,Mammalia,http://www.environment.gov.au/cgi-bin/sprat/public/publicspecies.pl?taxon_id=36,2026-Aug-28,-,Balaenopteridae,Balaenoptera,musculus,-,-,"(Linnaeus, 1758)",-
Balaenoptera physalus,Fin Whale,-,Vulnerable,-,Yes,-,Yes,Yes,Yes,Yes,Yes,-,-,-,-,-,-,Yes,Yes,Yes,37,-,Animalia,Mammalia,http://www.environment.gov.au/cgi-bin/sprat/public/publicspecies.pl?taxon_id=37,2026-Aug-28,-,Balaenopteridae,Balaenoptera,physalus,-,-,"(Linnaeus, 1758)",-
Ballantinia antipoda,Southern Shepherd's Purse,-,Endangered,-,-,-,-,-,Yes,Yes,-,-,-,-,-,-,-,-,-,-,16173,-,Plantae,Magnoliopsida,http://www.environment.gov.au/cgi-bin/sprat/public/publicspecies.pl?taxon_id=16173,2026-Aug-28,https://id.biodiversity.org.au/name/apni/105585,Brassicaceae,Ballantinia,antipoda,-,-,(F.Muell.) E.Shaw,-
Baloghia marmorata,"Marbled Balogia, Jointed Baloghia",-,Vulnerable,-,Yes,-,Yes,-,-,-,-,-,-,-,-,-,-,-,-,-,8463,-,Plantae,Magnoliopsida,http://www.environment.gov.au/cgi-bin/sprat/public/publicspecies.pl?taxon_id=8463,2026-Aug-28,https://id.biodiversity.org.au/name/apni/105753,Euphorbiaceae,Baloghia,marmorata,-,-,C.White,-
Baloskion longipes,Dense Cord-rush,-,Vulnerable,-,Yes,-,-,-,-,-,-,-,-,-,-,-,-,-,-,-,68511,-,Plantae,Liliopsida,http://www.environment.gov.au/cgi-bin/sprat/public/publicspecies.pl?taxon_id=68511,2026-Aug-28,https://id.biodiversity.org.au/name/apni/154034,Restionaceae,Baloskion,longipes,-,-,(L.A.S.Johnson  O.D.Evans) B.G.Briggs  L.A.S.Johnson,-
Banksia anatona,Cactus Dryandra,-,Critically Endangered,-,-,-,-,-,-,-,Yes,-,-,-,-,-,-,-,-,-,82758,-,Plantae,Magnoliopsida,http://www.environment.gov.au/cgi-bin/sprat/public/publicspecies.pl?taxon_id=82758,2026-Aug-28,https://id.biodiversity.org.au/name/apni/205075,Proteaceae,Banksia,anatona,-,-,(A.S.George) A.R.Mast  K.R.Thiele,-
Banksia aurantia,Orange Dryandra,-,Critically Endangered,-,-,-,-,-,-,-,Yes,-,-,-,-,-,-,-,-,-,82763,-,Plantae,Magnoliopsida,http://www.environment.gov.au/cgi-bin/sprat/public/publicspecies.pl?taxon_id=82763,2026-Aug-28,https://id.biodiversity.org.au/name/apni/205081,Proteaceae,Banksia,aurantia,-,-,(A.S.George) A.R.Mast  K.R.Thiele,-
Banksia brownii,"Brown's Banksia, Feather-leaved Banksia",-,Critically Endangered,-,-,-,-,-,-,-,Yes,-,-,-,-,-,-,-,-,-,8277,-,Plantae,Magnoliopsida,http://www.environment.gov.au/cgi-bin/sprat/public/publicspecies.pl?taxon_id=8277,2026-Aug-28,https://id.biodiversity.org.au/name/apni/106666,Proteaceae,Banksia,brownii,-,-,R.Br.,-
Banksia catoglypta,-,-,Vulnerable,-,-,-,-,-,-,-,Yes,-,-,-,-,-,-,-,-,-,85021,-,Plantae,Magnoliopsida,http://www.environment.gov.au/cgi-bin/sprat/public/publicspecies.pl?taxon_id=85021,2026-Aug-28,https://id.biodiversity.org.au/name/apni/205091,Proteaceae,Banksia,catoglypta,-,-,(A.S.George) A.R.Mast  K.R.Thiele,-
Banksia cuneata,"Matchstick Banksia, Quairading Banksia",-,Endangered,-,-,-,-,-,-,-,Yes,-,-,-,-,-,-,-,-,-,9827,-,Plantae,Magnoliopsida,http://www.environment.gov.au/cgi-bin/sprat/public/publicspecies.pl?taxon_id=9827,2026-Aug-28,https://id.biodiversity.org.au/name/apni/106933,Proteaceae,Banksia,cuneata,-,-,A.S.George,-
Banksia fuscobractea,Dark-bract Banksia,-,Critically Endangered,-,-,-,-,-,-,-,Yes,-,-,-,-,-,-,-,-,-,83059,-,Plantae,Magnoliopsida,http://www.environment.gov.au/cgi-bin/sprat/public/publicspecies.pl?taxon_id=83059,2026-Aug-28,https://id.biodiversity.org.au/name/apni/205127,Proteaceae,Banksia,fuscobractea,-,-,(A.S.George) A.R.Mast  K.R.Thiele,-
Banksia goodii,Good's Banksia,-,Vulnerable,-,-,-,-,-,-,-,Yes,-,-,-,-,-,-,-,-,-,16727,-,Plantae,Magnoliopsida,http://www.environment.gov.au/cgi-bin/sprat/public/publicspecies.pl?taxon_id=16727,2026-Aug-28,https://id.biodiversity.org.au/name/apni/107366,Proteaceae,Banksia,goodii,-,-,R.Br.,-
Banksia ionthocarpa,Kamballup Dryandra,-,Endangered,-,-,-,-,-,-,-,Yes,-,-,-,-,-,-,-,-,-,82764,-,Plantae,Magnoliopsida,http://www.environment.gov.au/cgi-bin/sprat/public/publicspecies.pl?taxon_id=82764,2026-Aug-28,https://id.biodiversity.org.au/name/apni/205132,Proteaceae,Banksia,ionthocarpa,-,-,(A.S.George) A.R.Mast  K.R.Thiele,-
Banksia mimica,Summer Honeypot,-,Endangered,-,-,-,-,-,-,-,Yes,-,-,-,-,-,-,-,-,-,82765,-,Plantae,Magnoliopsida,http://www.environment.gov.au/cgi-bin/sprat/public/publicspecies.pl?taxon_id=82765,2026-Aug-28,https://id.biodiversity.org.au/name/apni/205138,Proteaceae,Banksia,mimica,-,-,(A.S.George) A.R.Mast  K.R.Thiele,-
Banksia montana,Stirling Range Dryandra,-,Critically Endangered,-,-,-,-,-,-,-,Yes,-,-,-,-,-,-,-,-,-,82696,-,Plantae,Magnoliopsida,http://www.environment.gov.au/cgi-bin/sprat/public/publicspecies.pl?taxon_id=82696,2026-Aug-28,https://id.biodiversity.org.au/name/apni/205139,Proteaceae,Banksia,montana,-,-,(C.A.Gardner ex A.S.George) A.R.Mast  K.R.Thiele,-
Banksia nivea subsp. uliginosa,Swamp Honeypot,-,Endangered,-,-,-,-,-,-,-,Yes,-,-,-,-,-,-,-,-,-,82766,-,Plantae,Magnoliopsida,http://www.environment.gov.au/cgi-bin/sprat/public/publicspecies.pl?taxon_id=82766,2026-Aug-28,https://id.biodiversity.org.au/name/apni/205145,Proteaceae,Banksia,nivea,subsp.,uliginosa,(A.S.George) A.R.Mast  K.R.Thiele,-
Banksia oligantha,Wagin Banksia,-,Endangered,-,-,-,-,-,-,-,Yes,-,-,-,-,-,-,-,-,-,20697,-,Plantae,Magnoliopsida,http://www.environment.gov.au/cgi-bin/sprat/public/publicspecies.pl?taxon_id=20697,2026-Aug-28,https://id.biodiversity.org.au/name/apni/108403,Proteaceae,Banksia,oligantha,-,-,A.S.George,-
Banksia paludosa subsp. astrolux,a banksia,-,Critically Endangered,-,Yes,-,-,-,-,-,-,-,-,-,-,-,-,-,-,-,91056,-,Plantae,Magnoliopsida,http://www.environment.gov.au/cgi-bin/sprat/public/publicspecies.pl?taxon_id=91056,2026-Aug-28,https://id.biodiversity.org.au/name/apni/155072,Proteaceae,Banksia,paludosa,subsp.,astrolux,-,A.S.George
Banksia penicillata,a banksia,-,Endangered,-,Yes,-,-,-,-,-,-,-,-,-,-,-,-,-,-,-,91058,-,Plantae,Magnoliopsida,http://www.environment.gov.au/cgi-bin/sprat/public/publicspecies.pl?taxon_id=91058,2026-Aug-28,https://id.biodiversity.org.au/name/apni/164959,Proteaceae,Banksia,penicillata,-,-,(A.S.George) K.R.Thiele,-
Banksia pseudoplumosa,False Plumed-Banksia,-,Endangered,-,-,-,-,-,-,-,Yes,-,-,-,-,-,-,-,-,-,82760,-,Plantae,Magnoliopsida,http://www.environment.gov.au/cgi-bin/sprat/public/publicspecies.pl?taxon_id=82760,2026-Aug-28,https://id.biodiversity.org.au/name/apni/205163,Proteaceae,Banksia,pseudoplumosa,-,-,(A.S.George) A.R.Mast  K.R.Thiele,-
Banksia rufa subsp. pumila,-,-,Endangered,-,-,-,-,-,-,-,Yes,-,-,-,-,-,-,-,-,-,85008,-,Plantae,Magnoliopsida,http://www.environment.gov.au/cgi-bin/sprat/public/publicspecies.pl?taxon_id=85008,2026-Aug-28,https://id.biodiversity.org.au/name/apni/205172,Proteaceae,Banksia,rufa,subsp.,pumila,-,(A.S.George) A.R.Mast  K.R.Thiele
Banksia serratuloides subsp. perissa,Northern Serrate Dryandra,-,Critically Endangered,-,-,-,-,-,-,-,Yes,-,-,-,-,-,-,-,-,-,82767,-,Plantae,Magnoliopsida,http://www.environment.gov.au/cgi-bin/sprat/public/publicspecies.pl?taxon_id=82767,2026-Aug-28,https://id.biodiversity.org.au/name/apni/205180,Proteaceae,Banksia,serratuloides,subsp.,perissa,-,(A.S.George) A.R.Mast  K.R.Thiele
Banksia serratuloides subsp. serratuloides,Southern Serrate Dryandra,-,Vulnerable,-,-,-,-,-,-,-,Yes,-,-,-,-,-,-,-,-,-,82768,-,Plantae,Magnoliopsida,http://www.environment.gov.au/cgi-bin/sprat/public/publicspecies.pl?taxon_id=82768,2026-Aug-28,https://id.biodiversity.org.au/name/apni/205179,Proteaceae,Banksia,serratuloides,subsp.,serratuloides,(Meisn.) A.R.Mast  K.R.Thiele,-
Banksia sphaerocarpa var. dolichostyla,"Ironcaps Banksia, Ironcap Banksia",Banksia dolichostyla,Vulnerable,-,-,-,-,-,-,-,Yes,-,-,-,-,-,-,-,-,-,10518,93505,Plantae,Magnoliopsida,http://www.environment.gov.au/cgi-bin/sprat/public/publicspecies.pl?taxon_id=10518,2026-Aug-28,https://id.biodiversity.org.au/name/apni/109142,Proteaceae,Banksia,sphaerocarpa,var.,dolichostyla,-,A.S.George
Banksia squarrosa subsp. argillacea,Whicher Range Dryandra,-,Vulnerable,-,-,-,-,-,-,-,Yes,-,-,-,-,-,-,-,-,-,82769,-,Plantae,Magnoliopsida,http://www.environment.gov.au/cgi-bin/sprat/public/publicspecies.pl?taxon_id=82769,2026-Aug-28,https://id.biodiversity.org.au/name/apni/205192,Proteaceae,Banksia,squarrosa,subsp.,argillacea,(A.S.George) A.R.Mast  K.R.Thiele,-
Banksia verticillata,"Granite Banksia, Albany Banksia, River Banksia",-,Vulnerable,-,-,-,-,-,-,-,Yes,-,-,-,-,-,-,-,-,-,8333,-,Plantae,Magnoliopsida,http://www.environment.gov.au/cgi-bin/sprat/public/publicspecies.pl?taxon_id=8333,2026-Aug-28,https://id.biodiversity.org.au/name/apni/109380,Proteaceae,Banksia,verticillata,-,-,R.Br.,-
Banksia vincentia,-,-,Critically Endangered,-,Yes,-,-,-,-,-,-,-,-,-,-,-,-,-,-,-,88276,-,Plantae,Magnoliopsida,http://www.environment.gov.au/cgi-bin/sprat/public/publicspecies.pl?taxon_id=88276,2026-Aug-28,https://id.biodiversity.org.au/name/apni/246635,Proteaceae,Banksia,vincentia,-,-,Stimpson  P.H.Weston,-
Barbarea australis,"Native Wintercress, Riverbed Wintercress",-,Endangered,-,-,-,-,-,Yes,-,-,-,-,-,-,-,-,-,-,-,12540,-,Plantae,Magnoliopsida,http://www.environment.gov.au/cgi-bin/sprat/public/publicspecies.pl?taxon_id=12540,2026-Aug-28,https://id.biodiversity.org.au/name/apni/109459,Brassicaceae,Barbarea,australis,-,-,Hook.f.,-
Bellatorias obiri,Arnhem Land Egernia,-,Endangered,-,-,Yes,-,-,-,-,-,-,-,-,-,-,-,-,-,-,83161,-,Animalia,Reptilia,http://www.environment.gov.au/cgi-bin/sprat/public/publicspecies.pl?taxon_id=83161,2026-Aug-28,-,Scincidae,Bellatorias,obiri,-,-,"(Wells and Wellington, 1984)",-
Bertmainius colonus,Eastern Stirling Range Pygmy Trapdoor Spider,-,Vulnerable,-,-,-,-,-,-,-,Yes,-,-,-,-,-,-,-,-,-,89125,-,Animalia,Arachnida,http://www.environment.gov.au/cgi-bin/sprat/public/publicspecies.pl?taxon_id=89125,2026-Aug-28,-,Migidae,Bertmainius,colonus,-,-,"Harvey, Main, Rix  Cooper, 2015",-
Bertmainius tingle,Tingle Pygmy Trapdoor Spider,-,Endangered,-,-,-,-,-,-,-,Yes,-,-,-,-,-,-,-,-,-,89126,-,Animalia,Arachnida,http://www.environment.gov.au/cgi-bin/sprat/public/publicspecies.pl?taxon_id=89126,2026-Aug-28,-,Migidae,Bertmainius,tingle,-,-,"Main, 1991",-
Bertya calycina,a shrub,-,Vulnerable,-,-,-,Yes,-,-,-,-,-,-,-,-,-,-,-,-,-,78344,-,Plantae,Magnoliopsida,http://www.environment.gov.au/cgi-bin/sprat/public/publicspecies.pl?taxon_id=78344,2026-Aug-28,https://id.biodiversity.org.au/name/apni/182210,Euphorbiaceae,Bertya,calycina,-,-,Halford  R.J.F.Hend.,-
Bertya ernestiana,Mt Ernest Bertya,-,Vulnerable,-,-,-,Yes,-,-,-,-,-,-,-,-,-,-,-,-,-,78349,-,Plantae,Magnoliopsida,http://www.environment.gov.au/cgi-bin/sprat/public/publicspecies.pl?taxon_id=78349,2026-Aug-28,https://id.biodiversity.org.au/name/apni/182214,Euphorbiaceae,Bertya,ernestiana,-,-,Halford  R.J.F.Hend.,-
Bertya granitica,a shrub,-,Endangered,-,-,-,Yes,-,-,-,-,-,-,-,-,-,-,-,-,-,78351,-,Plantae,Magnoliopsida,http://www.environment.gov.au/cgi-bin/sprat/public/publicspecies.pl?taxon_id=78351,2026-Aug-28,https://id.biodiversity.org.au/name/apni/182216,Euphorbiaceae,Bertya,granitica,-,-,Halford  R.J.F.Hend.,-
Bertya ingramii,a shrub,-,Endangered,-,Yes,-,-,-,-,-,-,-,-,-,-,-,-,-,-,-,21383,-,Plantae,Magnoliopsida,http://www.environment.gov.au/cgi-bin/sprat/public/publicspecies.pl?taxon_id=21383,2026-Aug-28,https://id.biodiversity.org.au/name/apni/114784,Euphorbiaceae,Bertya,ingramii,-,-,T.James,-
Bertya mollissima,-,-,Endangered,-,Yes,-,-,-,-,-,-,-,-,-,-,-,-,-,-,-,18382,-,Plantae,Magnoliopsida,http://www.environment.gov.au/cgi-bin/sprat/public/publicspecies.pl?taxon_id=18382,2026-Aug-28,https://id.biodiversity.org.au/name/apni/114822,Euphorbiaceae,Bertya,mollissima,-,-,Blakely,-
Bertya opponens,-,-,Vulnerable,-,Yes,-,Yes,-,-,-,-,-,-,-,-,-,-,-,-,-,13792,-,Plantae,Magnoliopsida,http://www.environment.gov.au/cgi-bin/sprat/public/publicspecies.pl?taxon_id=13792,2026-Aug-28,https://id.biodiversity.org.au/name/apni/114889,Euphorbiaceae,Bertya,opponens,-,-,(Benth.) Guymer,-
Bertya pinifolia,a shrub,-,Vulnerable,-,Yes,-,Yes,-,-,-,-,-,-,-,-,-,-,-,-,-,8587,-,Plantae,Magnoliopsida,http://www.environment.gov.au/cgi-bin/sprat/public/publicspecies.pl?taxon_id=8587,2026-Aug-28,https://id.biodiversity.org.au/name/apni/114923,Euphorbiaceae,Bertya,pinifolia,-,-,Planchon,-
Bertya sp. Clouds Creek (M.Fatemi 4),-,-,Endangered,-,Yes,-,-,-,-,-,-,-,-,-,-,-,-,-,-,-,84675,-,Plantae,Magnoliopsida,http://www.environment.gov.au/cgi-bin/sprat/public/publicspecies.pl?taxon_id=84675,2026-Aug-28,https://id.biodiversity.org.au/name/apni/226151,Euphorbiaceae,Bertya,sp. Clouds Creek (M.Fatemi 4),-,-,NE Herbarium,-
Bertya tasmanica subsp. tasmanica,Tasmanian Bertya,-,Endangered,-,-,-,-,-,Yes,-,-,-,-,-,-,-,-,-,-,-,78359,-,Plantae,Magnoliopsida,http://www.environment.gov.au/cgi-bin/sprat/public/publicspecies.pl?taxon_id=78359,2026-Aug-28,https://id.biodiversity.org.au/name/apni/182231,Euphorbiaceae,Bertya,tasmanica,subsp.,tasmanica,(Sond.  F.Muel.) Mull.Arg.,-
Bettongia anhydra,Desert Bettong,-,Extinct,-,-,Yes,-,-,-,-,Yes,-,-,-,-,-,-,-,-,-,64791,-,Animalia,Mammalia,http://www.environment.gov.au/cgi-bin/sprat/public/publicspecies.pl?taxon_id=64791,2026-Aug-28,-,Potoroidae,Bettongia,anhydra,-,-,"Finlayson, 1957",-
Bettongia gaimardi gaimardi,"Eastern Bettong (mainland), Eastern Rat-kangaroo",-,Extinct,-,Yes,-,Yes,Yes,-,Yes,-,-,-,-,-,-,-,-,-,-,66656,-,Animalia,Mammalia,http://www.environment.gov.au/cgi-bin/sprat/public/publicspecies.pl?taxon_id=66656,2026-Aug-28,-,Potoroidae,Bettongia,gaimardi,-,gaimardi,"(Desmarest,1822)",-
Bettongia lesueur Barrow and Boodie Islands subspecies,"Boodie, Burrowing Bettong (Barrow and Boodie Islands)",-,Vulnerable,-,-,-,-,-,-,-,Yes,-,-,-,-,-,-,-,-,-,88021,-,Animalia,Mammalia,http://www.environment.gov.au/cgi-bin/sprat/public/publicspecies.pl?taxon_id=88021,2026-Aug-28,-,Potoroidae,Bettongia,lesueur,-,Barrow and Boodie Islands subspecies,-,-
Bettongia lesueur graii,"Boodie (inland), Burrowing Bettong (inland)",-,Extinct,-,Yes,Yes,Yes,Yes,-,-,Yes,-,-,-,-,-,-,-,-,-,66657,-,Animalia,Mammalia,http://www.environment.gov.au/cgi-bin/sprat/public/publicspecies.pl?taxon_id=66657,2026-Aug-28,-,Potoroidae,Bettongia,lesueur,-,graii,-,"(Gould, 1841)"
Bettongia lesueur lesueur,"Burrowing Bettong (Shark Bay), Boodie",-,Vulnerable,-,Yes,-,-,Yes,-,-,Yes,-,-,-,-,-,-,-,-,-,66659,-,Animalia,Mammalia,http://www.environment.gov.au/cgi-bin/sprat/public/publicspecies.pl?taxon_id=66659,2026-Aug-28,-,Potoroidae,Bettongia,lesueur,-,lesueur,"(Quoy and Gaimard,1824)",-
Bettongia penicillata ogilbyi,Woylie,-,Endangered,-,Yes,-,-,Yes,-,-,Yes,-,-,-,-,-,-,-,-,-,66844,-,Animalia,Mammalia,http://www.environment.gov.au/cgi-bin/sprat/public/publicspecies.pl?taxon_id=66844,2026-Aug-28,-,Potoroidae,Bettongia,penicillata,-,ogilbyi,-,"(Waterhouse, 1841)"
Bettongia penicillata penicillata,"Brush-tailed Bettong (central and south-east), Brush-tailed Bettong (south-east mainland)",-,Extinct,-,Yes,Yes,Yes,Yes,-,Yes,Yes,-,-,-,-,-,-,-,-,-,66658,-,Animalia,Mammalia,http://www.environment.gov.au/cgi-bin/sprat/public/publicspecies.pl?taxon_id=66658,2026-Aug-28,-,Potoroidae,Bettongia,penicillata,-,penicillata,"Gray, 1837",-
Bettongia pusilla,Nullarbor Dwarf Bettong,-,Extinct,-,-,-,-,Yes,-,-,Yes,-,-,-,-,-,-,-,-,-,85133,-,Animalia,Mammalia,http://www.environment.gov.au/cgi-bin/sprat/public/publicspecies.pl?taxon_id=85133,2026-Aug-28,-,Potoroidae,Bettongia,pusilla,-,-,"McNamara, 1997",-
Bettongia tropica,Northern Bettong,-,Endangered,-,Yes,-,Yes,-,-,-,-,-,-,-,-,-,-,-,-,-,214,-,Animalia,Mammalia,http://www.environment.gov.au/cgi-bin/sprat/public/publicspecies.pl?taxon_id=214,2026-Aug-28,-,Potoroidae,Bettongia,tropica,-,-,"Wakefield,1967",-
Beyeria lepidopetala,"Small-petalled Beyeria, Short-petalled Beyeria",-,Endangered,-,-,-,-,-,-,-,Yes,-,-,-,-,-,-,-,-,-,18362,-,Plantae,Magnoliopsida,http://www.environment.gov.au/cgi-bin/sprat/public/publicspecies.pl?taxon_id=18362,2026-Aug-28,https://id.biodiversity.org.au/name/apni/115819,Euphorbiaceae,Beyeria,lepidopetala,-,-,F.Muell.,-
Beyeria subtecta,Kangaroo Island Turpentine Bush,-,Vulnerable,-,-,-,-,Yes,-,-,-,-,-,-,-,-,-,-,-,-,2076,-,Plantae,Magnoliopsida,http://www.environment.gov.au/cgi-bin/sprat/public/publicspecies.pl?taxon_id=2076,2026-Aug-28,https://id.biodiversity.org.au/name/apni/115914,Euphorbiaceae,Beyeria,subtecta,-,-,J.Black,-
Bidyanus bidyanus,"Silver Perch, Bidyan",-,Endangered,Yes,Yes,-,Yes,Yes,-,Yes,-,-,-,-,-,-,-,-,-,-,76155,-,Animalia,Actinopterygii,http://www.environment.gov.au/cgi-bin/sprat/public/publicspecies.pl?taxon_id=76155,2026-Aug-28,-,Terapontidae,Bidyanus,bidyanus,-,-,"Mitchell, 1838",-
Blechnum norfolkianum,Norfolk Island Water-fern,-,Endangered,-,-,-,-,-,-,-,-,-,-,-,-,-,Yes,-,-,-,65885,-,Plantae,Polypodiatae,http://www.environment.gov.au/cgi-bin/sprat/public/publicspecies.pl?taxon_id=65885,2026-Aug-28,https://id.biodiversity.org.au/name/apni/166842,Blechnaceae,Blechnum,norfolkianum,-,-,(Heward) Maiden,-
Boehmeria australis subsp. australis,"Tree Nettle, Nettletree",Pouzolzia australis,Critically Endangered,-,-,-,-,-,-,-,-,-,-,-,-,-,Yes,-,-,-,83309,94054,Plantae,Magnoliopsida,http://www.environment.gov.au/cgi-bin/sprat/public/publicspecies.pl?taxon_id=83309,2026-Aug-28,https://id.biodiversity.org.au/name/apni/195226,Urticaceae,Boehmeria,australis,subsp.,australis,Endl.,-
Boronia adamsiana,Barbalin Boronia,-,Vulnerable,-,-,-,-,-,-,-,Yes,-,-,-,-,-,-,-,-,-,16935,-,Plantae,Magnoliopsida,http://www.environment.gov.au/cgi-bin/sprat/public/publicspecies.pl?taxon_id=16935,2026-Aug-28,https://id.biodiversity.org.au/name/apni/59234,Rutaceae,Boronia,adamsiana,-,-,F.Muell.,-
Boronia boliviensis,-,-,Critically Endangered,-,Yes,-,-,-,-,-,-,-,-,-,-,-,-,-,-,-,67447,-,Plantae,Magnoliopsida,http://www.environment.gov.au/cgi-bin/sprat/public/publicspecies.pl?taxon_id=67447,2026-Aug-28,https://id.biodiversity.org.au/name/apni/165234,Rutaceae,Boronia,boliviensis,-,-,J.T.Hunter ms.,-
Boronia capitata subsp. capitata,a shrub,-,Endangered,-,-,-,-,-,-,-,Yes,-,-,-,-,-,-,-,-,-,29156,-,Plantae,Magnoliopsida,http://www.environment.gov.au/cgi-bin/sprat/public/publicspecies.pl?taxon_id=29156,2026-Aug-28,https://id.biodiversity.org.au/name/apni/59542,Rutaceae,Boronia,capitata,subsp.,capitata,Benth.,-
Boronia clavata,Bremer Boronia,-,Endangered,-,-,-,-,-,-,-,Yes,-,-,-,-,-,-,-,-,-,5538,-,Plantae,Magnoliopsida,http://www.environment.gov.au/cgi-bin/sprat/public/publicspecies.pl?taxon_id=5538,2026-Aug-28,https://id.biodiversity.org.au/name/apni/59582,Rutaceae,Boronia,clavata,-,-,Paul G.Wilson,-
Boronia deanei subsp. acutifolia,-,-,Endangered,-,Yes,-,-,-,-,-,-,-,-,-,-,-,-,-,-,-,78946,-,Plantae,Magnoliopsida,http://www.environment.gov.au/cgi-bin/sprat/public/publicspecies.pl?taxon_id=78946,2026-Aug-28,https://id.biodiversity.org.au/name/apni/181125,Rutaceae,Boronia,deanei,subsp.,acutifolia,-,Duretto
Boronia deanei subsp. deanei,-,-,Endangered,-,Yes,-,-,-,-,-,-,-,-,-,-,-,-,-,-,-,78947,-,Plantae,Magnoliopsida,http://www.environment.gov.au/cgi-bin/sprat/public/publicspecies.pl?taxon_id=78947,2026-Aug-28,https://id.biodiversity.org.au/name/apni/181124,Rutaceae,Boronia,deanei,subsp.,deanei,Maiden  Betche,-
Boronia exilis,Scott River Boronia,-,Endangered,-,-,-,-,-,-,-,Yes,-,-,-,-,-,-,-,-,-,64844,-,Plantae,Magnoliopsida,http://www.environment.gov.au/cgi-bin/sprat/public/publicspecies.pl?taxon_id=64844,2026-Aug-28,https://id.biodiversity.org.au/name/apni/164187,Rutaceae,Boronia,exilis,-,-,P.G.Wilson,-
Boronia galbraithiae,"Aniseed Boronia, Galbraith's Boronia",-,Vulnerable,-,-,-,-,-,-,Yes,-,-,-,-,-,-,-,-,-,-,56484,-,Plantae,Magnoliopsida,http://www.environment.gov.au/cgi-bin/sprat/public/publicspecies.pl?taxon_id=56484,2026-Aug-28,https://id.biodiversity.org.au/name/apni/119017,Rutaceae,Boronia,galbraithiae,-,-,Albr.,-
Boronia granitica,Granite Boronia,-,Endangered,-,Yes,-,Yes,-,-,-,-,-,-,-,-,-,-,-,-,-,18598,-,Plantae,Magnoliopsida,http://www.environment.gov.au/cgi-bin/sprat/public/publicspecies.pl?taxon_id=18598,2026-Aug-28,https://id.biodiversity.org.au/name/apni/60053,Rutaceae,Boronia,granitica,-,-,Maiden  E.Betche,-
Boronia grimshawii,Grimshaw's Boronia,-,Critically Endangered,-,-,-,Yes,-,-,-,-,-,-,-,-,-,-,-,-,-,78948,-,Plantae,Magnoliopsida,http://www.environment.gov.au/cgi-bin/sprat/public/publicspecies.pl?taxon_id=78948,2026-Aug-28,https://id.biodiversity.org.au/name/apni/181127,Rutaceae,Boronia,grimshawii,-,-,Duretto,-
Boronia gunnii,"Gunn's Boronia, Cataract Gorge Boronia",-,Vulnerable,-,-,-,-,-,Yes,-,-,-,-,-,-,-,-,-,-,-,29394,-,Plantae,Magnoliopsida,http://www.environment.gov.au/cgi-bin/sprat/public/publicspecies.pl?taxon_id=29394,2026-Aug-28,https://id.biodiversity.org.au/name/apni/60082,Rutaceae,Boronia,gunnii,-,-,J.D.Hook.,-
Boronia hemichiton,Mt Arthur Boronia,-,Vulnerable,-,-,-,-,-,Yes,-,-,-,-,-,-,-,-,-,-,-,78926,-,Plantae,Magnoliopsida,http://www.environment.gov.au/cgi-bin/sprat/public/publicspecies.pl?taxon_id=78926,2026-Aug-28,https://id.biodiversity.org.au/name/apni/181011,Rutaceae,Boronia,hemichiton,-,-,Duretto,-
Boronia hippopala,Velvet Boronia,-,Vulnerable,-,-,-,-,-,Yes,-,-,-,-,-,-,-,-,-,-,-,78925,-,Plantae,Magnoliopsida,http://www.environment.gov.au/cgi-bin/sprat/public/publicspecies.pl?taxon_id=78925,2026-Aug-28,https://id.biodiversity.org.au/name/apni/181010,Rutaceae,Boronia,hippopala,-,-,Duretto,-
Boronia imlayensis,-,-,Critically Endangered,-,Yes,-,-,-,-,-,-,-,-,-,-,-,-,-,-,-,78940,-,Plantae,Magnoliopsida,http://www.environment.gov.au/cgi-bin/sprat/public/publicspecies.pl?taxon_id=78940,2026-Aug-28,https://id.biodiversity.org.au/name/apni/181006,Rutaceae,Boronia,imlayensis,-,-,Duretto,-
Boronia inflexa subsp. torringtonensis,-,-,Critically Endangered,-,Yes,-,-,-,-,-,-,-,-,-,-,-,-,-,-,-,78597,-,Plantae,Magnoliopsida,http://www.environment.gov.au/cgi-bin/sprat/public/publicspecies.pl?taxon_id=78597,2026-Aug-28,https://id.biodiversity.org.au/name/apni/180947,Rutaceae,Boronia,inflexa,subsp.,torringtonensis,-,Duretto
Boronia keysii,Key's Boronia,-,Vulnerable,-,-,-,Yes,-,-,-,-,-,-,-,-,-,-,-,-,-,21632,-,Plantae,Magnoliopsida,http://www.environment.gov.au/cgi-bin/sprat/public/publicspecies.pl?taxon_id=21632,2026-Aug-28,https://id.biodiversity.org.au/name/apni/60240,Rutaceae,Boronia,keysii,-,-,Domin,-
Boronia quadrilata,a shrub,-,Vulnerable,-,-,Yes,-,-,-,-,-,-,-,-,-,-,-,-,-,-,64846,-,Plantae,Magnoliopsida,http://www.environment.gov.au/cgi-bin/sprat/public/publicspecies.pl?taxon_id=64846,2026-Aug-28,https://id.biodiversity.org.au/name/apni/165497,Rutaceae,Boronia,quadrilata,-,-,Duretto,-
Boronia repanda,"Repand Boronia, Border Boronia",-,Endangered,-,Yes,-,Yes,-,-,-,-,-,-,-,-,-,-,-,-,-,21315,-,Plantae,Magnoliopsida,http://www.environment.gov.au/cgi-bin/sprat/public/publicspecies.pl?taxon_id=21315,2026-Aug-28,https://id.biodiversity.org.au/name/apni/61032,Rutaceae,Boronia,repanda,-,-,(F.Muell. ex Maiden  Betche) Maiden  Betche,-
Boronia revoluta,Ironcap Boronia,-,Endangered,-,-,-,-,-,-,-,Yes,-,-,-,-,-,-,-,-,-,9167,-,Plantae,Magnoliopsida,http://www.environment.gov.au/cgi-bin/sprat/public/publicspecies.pl?taxon_id=9167,2026-Aug-28,https://id.biodiversity.org.au/name/apni/61054,Rutaceae,Boronia,revoluta,-,-,Paul G.Wilson,-
Boronia subulifolia,Awl-leaved Boronia,-,Endangered,-,Yes,-,-,-,-,-,-,-,-,-,-,-,-,-,-,-,6985,-,Plantae,Magnoliopsida,http://www.environment.gov.au/cgi-bin/sprat/public/publicspecies.pl?taxon_id=6985,2026-Aug-28,https://id.biodiversity.org.au/name/apni/61237,Rutaceae,Boronia,subulifolia,-,-,Cheel,-
Boronia umbellata,Orara Boronia,-,Vulnerable,-,Yes,-,-,-,-,-,-,-,-,-,-,-,-,-,-,-,56301,-,Plantae,Magnoliopsida,http://www.environment.gov.au/cgi-bin/sprat/public/publicspecies.pl?taxon_id=56301,2026-Aug-28,https://id.biodiversity.org.au/name/apni/118807,Rutaceae,Boronia,umbellata,-,-,P.H.Weston,-
Boronia viridiflora,a shrub,-,Vulnerable,-,-,Yes,-,-,-,-,-,-,-,-,-,-,-,-,-,-,64851,-,Plantae,Magnoliopsida,http://www.environment.gov.au/cgi-bin/sprat/public/publicspecies.pl?taxon_id=64851,2026-Aug-28,https://id.biodiversity.org.au/name/apni/154023,Rutaceae,Boronia,viridiflora,-,-,Duretto,-
Borya mirabilis,Grampians Pincushion-lily,-,Endangered,-,-,-,-,-,-,Yes,-,-,-,-,-,-,-,-,-,-,16564,-,Plantae,Liliopsida,http://www.environment.gov.au/cgi-bin/sprat/public/publicspecies.pl?taxon_id=16564,2026-Aug-28,https://id.biodiversity.org.au/name/apni/61809,Boryaceae,Borya,mirabilis,-,-,"Churchill, T.B.Muir  Sinkora",-
Bosistoa transversa,"Three-leaved Bosistoa, Yellow Satinheart",-,Vulnerable,-,Yes,-,Yes,-,-,-,-,-,-,-,-,-,-,-,-,-,16091,-,Plantae,Magnoliopsida,http://www.environment.gov.au/cgi-bin/sprat/public/publicspecies.pl?taxon_id=16091,2026-Aug-28,https://id.biodiversity.org.au/name/apni/62034,Rutaceae,Bosistoa,transversa,-,-,J.Bailey  C.White,-
Bossiaea fragrans,-,-,Critically Endangered,-,Yes,-,-,-,-,-,-,-,-,-,-,-,-,-,-,-,84403,-,Plantae,Magnoliopsida,http://www.environment.gov.au/cgi-bin/sprat/public/publicspecies.pl?taxon_id=84403,2026-Aug-28,https://id.biodiversity.org.au/name/apni/223340,Fabaceae,Bossiaea,fragrans,-,-,K.L.McDougall,-
Bossiaea oligosperma,-,-,Vulnerable,-,Yes,-,-,-,-,-,-,-,-,-,-,-,-,-,-,-,10059,-,Plantae,Magnoliopsida,http://www.environment.gov.au/cgi-bin/sprat/public/publicspecies.pl?taxon_id=10059,2026-Aug-28,https://id.biodiversity.org.au/name/apni/62677,Fabaceae,Bossiaea,oligosperma,-,-,A.Lee,-
Bossiaea peninsularis,Sword Bossiaea,-,Endangered,-,-,-,-,Yes,-,-,-,-,-,-,-,-,-,-,-,-,86647,-,Plantae,Magnoliopsida,http://www.environment.gov.au/cgi-bin/sprat/public/publicspecies.pl?taxon_id=86647,2026-Aug-28,https://id.biodiversity.org.au/name/apni/240243,Fabaceae,Bossiaea,peninsularis,-,-,I.Thomps.,-
Bossiaea sp. Frankland (E.M.Sandiford EMS 896),-,Bossiaea reptans,Endangered,-,-,-,-,-,-,-,Yes,-,-,-,-,-,-,-,-,-,89794,91587,Plantae,Magnoliopsida,http://www.environment.gov.au/cgi-bin/sprat/public/publicspecies.pl?taxon_id=89794,2026-Aug-28,https://id.biodiversity.org.au/name/apni/201531,Fabaceae,Bossiaea,sp. Frankland (E.M.Sandiford EMS 896),-,-,WA Herbarium,-
Botaurus poiciloptilus,Australasian Bittern,-,Endangered,Yes,Yes,-,Yes,Yes,Yes,Yes,Yes,-,-,-,-,-,-,-,-,-,1001,-,Animalia,Aves,http://www.environment.gov.au/cgi-bin/sprat/public/publicspecies.pl?taxon_id=1001,2026-Aug-28,-,Ardeidae,Botaurus,poiciloptilus,-,-,"(Wagler, 1827)",-
Bothriochloa bunyensis,Satin-top Grass,-,Vulnerable,-,-,-,Yes,-,-,-,-,-,-,-,-,-,-,-,-,-,15961,-,Plantae,Liliopsida,http://www.environment.gov.au/cgi-bin/sprat/public/publicspecies.pl?taxon_id=15961,2026-Aug-28,https://id.biodiversity.org.au/name/apni/63020,Poaceae,Bothriochloa,bunyensis,-,-,B.Simon,-
Brachionichthys hirsutus,Spotted Handfish,-,Critically Endangered,-,-,-,-,-,Yes,-,-,-,-,-,-,-,-,-,-,Yes,64418,-,Animalia,Actinopterygii,http://www.environment.gov.au/cgi-bin/sprat/public/publicspecies.pl?taxon_id=64418,2026-Aug-28,-,Brachionichthyidae,Brachionichthys,hirsutus,-,-,"(Lacepede, 1804)",-
Brachiopsilus ziebelli,"Ziebell's Handfish, Waterfall Bay Handfish",-,Vulnerable,-,-,-,-,-,Yes,-,-,-,-,-,-,-,-,-,-,Yes,83757,-,Animalia,Actinopterygii,http://www.environment.gov.au/cgi-bin/sprat/public/publicspecies.pl?taxon_id=83757,2026-Aug-28,-,Brachionichthyidae,Brachiopsilus,ziebelli,-,-,"Last  Gledhill, 2009",-
Brachychiton guymeri,Blackwall Range Kurrajong,-,Critically Endangered,-,-,-,Yes,-,-,-,-,-,-,-,-,-,-,-,-,-,91373,-,Plantae,Magnoliopsida,http://www.environment.gov.au/cgi-bin/sprat/public/publicspecies.pl?taxon_id=91373,2026-Aug-28,https://id.biodiversity.org.au/name/apni/51337110,Malvaceae,Brachychiton,guymeri,-,-,"J.A.Bever., Fensham  P.I.Forst.",-
Brachychiton sp. Ormeau (L.H.Bird AQ435851),Ormeau Bottle Tree,-,Critically Endangered,-,-,-,Yes,-,-,-,-,-,-,-,-,-,-,-,-,-,84105,-,Plantae,Magnoliopsida,http://www.environment.gov.au/cgi-bin/sprat/public/publicspecies.pl?taxon_id=84105,2026-Aug-28,https://id.biodiversity.org.au/name/apni/126931,Malvaceae,Brachychiton,sp. Ormeau (L.H.Bird AQ435851),-,-,Qld Herbarium,-
Brachyscias verecundus,Ironstone Brachyscias,-,Critically Endangered,-,-,-,-,-,-,-,Yes,-,-,-,-,-,-,-,-,-,81321,-,Plantae,Magnoliopsida,http://www.environment.gov.au/cgi-bin/sprat/public/publicspecies.pl?taxon_id=81321,2026-Aug-28,https://id.biodiversity.org.au/name/apni/166813,Apiaceae,Brachyscias,verecundus,-,-,J.M.Hart  M.J.Henwood,-
Brachyscome brownii,-,-,Critically Endangered,-,Yes,-,-,-,-,-,-,-,-,-,-,-,-,-,-,-,91093,-,Plantae,Magnoliopsida,http://www.environment.gov.au/cgi-bin/sprat/public/publicspecies.pl?taxon_id=91093,2026-Aug-28,https://id.biodiversity.org.au/name/apni/217815,Asteraceae,Brachyscome,brownii,-,-,P.S.Short,-
Brachyscome mittagongensis,-,-,Endangered,-,Yes,-,-,-,-,-,-,-,-,-,-,-,-,-,-,-,92768,-,Plantae,Magnoliopsida,http://www.environment.gov.au/cgi-bin/sprat/public/publicspecies.pl?taxon_id=92768,2026-Aug-28,https://id.biodiversity.org.au/name/apni/217893,Asteraceae,Brachyscome,mittagongensis,-,-,P.S.Short,-
Brachyscome muelleri,Corunna Daisy,-,Endangered,-,-,-,-,Yes,-,-,-,-,-,-,-,-,-,-,-,-,18836,-,Plantae,Magnoliopsida,http://www.environment.gov.au/cgi-bin/sprat/public/publicspecies.pl?taxon_id=18836,2026-Aug-28,https://id.biodiversity.org.au/name/apni/65349,Asteraceae,Brachyscome,muelleri,-,-,Sonder,-
Brachyscome muelleroides,Mueller Daisy,-,Vulnerable,-,Yes,-,-,-,-,Yes,-,-,-,-,-,-,-,-,-,-,15572,-,Plantae,Magnoliopsida,http://www.environment.gov.au/cgi-bin/sprat/public/publicspecies.pl?taxon_id=15572,2026-Aug-28,https://id.biodiversity.org.au/name/apni/65357,Asteraceae,Brachyscome,muelleroides,-,-,G.Davis,-
Brachyscome papillosa,Mossgiel Daisy,-,Vulnerable,-,Yes,-,-,-,-,-,-,-,-,-,-,-,-,-,-,-,6625,-,Plantae,Magnoliopsida,http://www.environment.gov.au/cgi-bin/sprat/public/publicspecies.pl?taxon_id=6625,2026-Aug-28,https://id.biodiversity.org.au/name/apni/65455,Asteraceae,Brachyscome,papillosa,-,-,G.Davis,-
Breynia macrantha,-,-,Vulnerable,-,-,-,Yes,-,-,-,-,-,-,-,-,-,-,-,-,-,91387,-,Plantae,Magnoliopsida,http://www.environment.gov.au/cgi-bin/sprat/public/publicspecies.pl?taxon_id=91387,2026-Aug-28,https://id.biodiversity.org.au/name/apni/249016,Phyllanthaceae,Breynia,macrantha,-,-,(Hassk.) Chakrab.  N.P.Balakr.,-
Bruguiera x hainesii,Haines's Orange Mangrove,-,Critically Endangered,-,-,-,Yes,-,-,-,-,-,-,-,-,-,-,-,-,-,91351,-,Plantae,Magnoliopsida,http://www.environment.gov.au/cgi-bin/sprat/public/publicspecies.pl?taxon_id=91351,2026-Aug-28,https://id.biodiversity.org.au/name/apni/218823,Rhizophoraceae,Bruguiera,x hainesii,-,-,C.G.Rogers,-
Budawangia gnidioides,Budawangs Cliff-heath,Epacris gnidioides,Vulnerable,-,Yes,-,-,-,-,-,-,-,-,-,-,-,-,-,-,-,55850,88291,Plantae,Magnoliopsida,http://www.environment.gov.au/cgi-bin/sprat/public/publicspecies.pl?taxon_id=55850,2026-Aug-28,https://id.biodiversity.org.au/name/apni/118305,Epacridaceae,Budawangia,gnidioides,-,-,(Summerh.) Telford,-
Budginmaya eulae,Eula's Planthopper,-,Critically Endangered,-,-,-,-,-,-,-,Yes,-,-,-,-,-,-,-,-,-,93802,-,Animalia,Insecta,http://www.environment.gov.au/cgi-bin/sprat/public/publicspecies.pl?taxon_id=93802,2026-Aug-28,-,Flatidae,Budginmaya,eulae,-,-,"Fletcher  Moir, 2009",-
Bulbophyllum globuliforme,"Miniature Moss-orchid, Hoop Pine Orchid",-,Vulnerable,-,Yes,-,Yes,-,-,-,-,-,-,-,-,-,-,-,-,-,6649,-,Plantae,Liliopsida,http://www.environment.gov.au/cgi-bin/sprat/public/publicspecies.pl?taxon_id=6649,2026-Aug-28,https://id.biodiversity.org.au/name/apni/69536,Orchidaceae,Bulbophyllum,globuliforme,-,-,Nicholls,-
Bulbophyllum gracillimum,Wispy Umbrella Orchid,-,Vulnerable,-,-,-,Yes,-,-,-,-,-,-,-,-,-,-,-,-,-,10002,-,Plantae,Liliopsida,http://www.environment.gov.au/cgi-bin/sprat/public/publicspecies.pl?taxon_id=10002,2026-Aug-28,https://id.biodiversity.org.au/name/apni/69540,Orchidaceae,Bulbophyllum,gracillimum,-,-,(Rolfe) Rolfe,-
Bulbophyllum longiflorum,Pale Umbrella Orchid,-,Vulnerable,-,-,-,Yes,-,-,-,-,-,-,-,-,-,-,-,-,-,9227,-,Plantae,Liliopsida,http://www.environment.gov.au/cgi-bin/sprat/public/publicspecies.pl?taxon_id=9227,2026-Aug-28,https://id.biodiversity.org.au/name/apni/69604,Orchidaceae,Bulbophyllum,longiflorum,-,-,Thouars,-
Burmannia sp. Bathurst Island (R.Fensham 1021),-,Burmannia championii,Endangered,-,-,Yes,-,-,-,-,-,-,-,-,-,-,-,-,-,-,82017,93461,Plantae,Liliopsida,http://www.environment.gov.au/cgi-bin/sprat/public/publicspecies.pl?taxon_id=82017,2026-Aug-28,https://id.biodiversity.org.au/name/apni/194183,Burmanniaceae,Burmannia,sp. Bathurst Island (R.Fensham 1021),-,-,NT Herbarium,-
Burramys parvus,Mountain Pygmy-possum,-,Endangered,-,Yes,-,-,-,-,Yes,-,-,-,-,-,-,-,-,-,-,267,-,Animalia,Mammalia,http://www.environment.gov.au/cgi-bin/sprat/public/publicspecies.pl?taxon_id=267,2026-Aug-28,-,Burramyidae,Burramys,parvus,-,-,"Broom,1896",-
Cadellia pentastylis,Ooline,-,Vulnerable,-,Yes,-,Yes,-,-,-,-,-,-,-,-,-,-,-,-,-,9828,-,Plantae,Magnoliopsida,http://www.environment.gov.au/cgi-bin/sprat/public/publicspecies.pl?taxon_id=9828,2026-Aug-28,https://id.biodiversity.org.au/name/apni/89474,Surianaceae,Cadellia,pentastylis,-,-,F.Muell.,-
Cairnsichthys bitaeniatus,Daintree Rainbowfish,-,Critically Endangered,-,-,-,Yes,-,-,-,-,-,-,-,-,-,-,-,-,-,90721,-,Animalia,Actinopterygii,http://www.environment.gov.au/cgi-bin/sprat/public/publicspecies.pl?taxon_id=90721,2026-Aug-28,-,Melanotaeniidae,Cairnsichthys,bitaeniatus,-,-,"Allen, Hammer  Raadik, 2018",-
Cairnsichthys rhombosomoides,"Cairns Rainbowfish, Northern Soft-spined Sunfish",-,Endangered,-,-,-,Yes,-,-,-,-,-,-,-,-,-,-,-,-,-,86541,-,Animalia,Actinopterygii,http://www.environment.gov.au/cgi-bin/sprat/public/publicspecies.pl?taxon_id=86541,2026-Aug-28,-,Melanotaeniidae,Cairnsichthys,rhombosomoides,-,-,"(Nichols  Raven, 1928)",-
Caladenia actensis,Canberra Spider Orchid,-,Critically Endangered,Yes,-,-,-,-,-,-,-,-,-,-,-,-,-,-,-,-,76138,-,Plantae,Liliopsida,http://www.environment.gov.au/cgi-bin/sprat/public/publicspecies.pl?taxon_id=76138,2026-Aug-28,https://id.biodiversity.org.au/name/apni/162795,Orchidaceae,Caladenia,actensis,-,-,D.L.Jones  M.A.Clem.,-
Caladenia amnicola,-,-,Endangered,-,Yes,-,-,-,-,-,-,-,-,-,-,-,-,-,-,-,76141,-,Plantae,Liliopsida,http://www.environment.gov.au/cgi-bin/sprat/public/publicspecies.pl?taxon_id=76141,2026-Aug-28,https://id.biodiversity.org.au/name/apni/171412,Orchidaceae,Caladenia,amnicola,-,-,D.L.Jones,-
Caladenia amoena,Charming Spider-orchid,-,Endangered,-,-,-,-,-,-,Yes,-,-,-,-,-,-,-,-,-,-,64502,-,Plantae,Liliopsida,http://www.environment.gov.au/cgi-bin/sprat/public/publicspecies.pl?taxon_id=64502,2026-Aug-28,https://id.biodiversity.org.au/name/apni/147527,Orchidaceae,Caladenia,amoena,-,-,D.L.Jones,-
Caladenia ancylosa,"Genoa Spider-orchid, Gippsland Spider Orchid",-,Critically Endangered,-,Yes,-,-,-,-,Yes,-,-,-,-,-,-,-,-,-,-,84574,-,Plantae,Liliopsida,http://www.environment.gov.au/cgi-bin/sprat/public/publicspecies.pl?taxon_id=84574,2026-Aug-28,https://id.biodiversity.org.au/name/apni/206479,Orchidaceae,Caladenia,ancylosa,-,-,(D.L.Jones) G.N.Backh.,-
Caladenia anthracina,Black-tipped Spider-orchid,-,Critically Endangered,-,-,-,-,-,Yes,-,-,-,-,-,-,-,-,-,-,-,64855,-,Plantae,Liliopsida,http://www.environment.gov.au/cgi-bin/sprat/public/publicspecies.pl?taxon_id=64855,2026-Aug-28,https://id.biodiversity.org.au/name/apni/138978,Orchidaceae,Caladenia,anthracina,-,-,D.L. Jones,-
Caladenia arenaria,Sand-hill Spider-orchid,-,Endangered,-,Yes,-,-,-,-,-,-,-,-,-,-,-,-,-,-,-,9275,-,Plantae,Liliopsida,http://www.environment.gov.au/cgi-bin/sprat/public/publicspecies.pl?taxon_id=9275,2026-Aug-28,https://id.biodiversity.org.au/name/apni/90627,Orchidaceae,Caladenia,arenaria,-,-,Fitzg.,-
Caladenia argocalla,White-beauty Spider-orchid,-,Endangered,-,-,-,-,Yes,-,-,-,-,-,-,-,-,-,-,-,-,54991,-,Plantae,Liliopsida,http://www.environment.gov.au/cgi-bin/sprat/public/publicspecies.pl?taxon_id=54991,2026-Aug-28,https://id.biodiversity.org.au/name/apni/117351,Orchidaceae,Caladenia,argocalla,-,-,D.L.Jones,-
Caladenia atroclavia,Black-clubbed Spider-orchid,-,Endangered,-,Yes,-,Yes,-,-,-,-,-,-,-,-,-,-,-,-,-,20859,-,Plantae,Liliopsida,http://www.environment.gov.au/cgi-bin/sprat/public/publicspecies.pl?taxon_id=20859,2026-Aug-28,https://id.biodiversity.org.au/name/apni/90639,Orchidaceae,Caladenia,atroclavia,-,-,D.Jones  M.Clements,-
Caladenia attenuata,Duramana Fingers,-,Critically Endangered,-,Yes,-,-,-,-,-,-,-,-,-,-,-,-,-,-,-,87595,-,Plantae,Liliopsida,http://www.environment.gov.au/cgi-bin/sprat/public/publicspecies.pl?taxon_id=87595,2026-Aug-28,https://id.biodiversity.org.au/name/apni/175383,Orchidaceae,Caladenia,attenuata,-,-,(Brinsley) D.L.Jones,-
Caladenia audasii,"McIvor Spider-orchid, Audas' Spider-orchid",-,Endangered,-,-,-,-,-,-,Yes,-,-,-,-,-,-,-,-,-,-,11727,-,Plantae,Liliopsida,http://www.environment.gov.au/cgi-bin/sprat/public/publicspecies.pl?taxon_id=11727,2026-Aug-28,https://id.biodiversity.org.au/name/apni/90645,Orchidaceae,Caladenia,audasii,-,-,R.S.Rogers,-
Caladenia barbarella,"Small Dragon Orchid, Common Dragon Orchid",-,Endangered,-,-,-,-,-,-,-,Yes,-,-,-,-,-,-,-,-,-,68686,-,Plantae,Liliopsida,http://www.environment.gov.au/cgi-bin/sprat/public/publicspecies.pl?taxon_id=68686,2026-Aug-28,https://id.biodiversity.org.au/name/apni/172989,Orchidaceae,Caladenia,barbarella,-,-,Hopper  A.P.Brown,-
Caladenia behrii,Pink-lipped Spider-orchid,-,Endangered,-,-,-,-,Yes,-,-,-,-,-,-,-,-,-,-,-,-,11161,-,Plantae,Liliopsida,http://www.environment.gov.au/cgi-bin/sprat/public/publicspecies.pl?taxon_id=11161,2026-Aug-28,https://id.biodiversity.org.au/name/apni/90675,Orchidaceae,Caladenia,behrii,-,-,Schldl.,-
Caladenia brachyscapa,Short Spider-orchid,-,Extinct,-,-,-,-,-,Yes,Yes,-,-,-,-,-,-,-,-,-,-,11980,-,Plantae,Liliopsida,http://www.environment.gov.au/cgi-bin/sprat/public/publicspecies.pl?taxon_id=11980,2026-Aug-28,https://id.biodiversity.org.au/name/apni/90700,Orchidaceae,Caladenia,brachyscapa,-,-,G.W.Carr,-
Caladenia brumalis,Winter Spider-orchid,-,Vulnerable,-,-,-,-,Yes,-,-,-,-,-,-,-,-,-,-,-,-,54993,-,Plantae,Liliopsida,http://www.environment.gov.au/cgi-bin/sprat/public/publicspecies.pl?taxon_id=54993,2026-Aug-28,https://id.biodiversity.org.au/name/apni/117353,Orchidaceae,Caladenia,brumalis,-,-,D.L.Jones,-
Caladenia bryceana subsp. bryceana,Dwarf Spider-orchid,-,Endangered,-,-,-,-,-,-,-,Yes,-,-,-,-,-,-,-,-,-,64503,-,Plantae,Liliopsida,http://www.environment.gov.au/cgi-bin/sprat/public/publicspecies.pl?taxon_id=64503,2026-Aug-28,https://id.biodiversity.org.au/name/apni/182278,Orchidaceae,Caladenia,bryceana,subsp.,bryceana,R.S.Rogers,-
Caladenia bryceana subsp. cracens,Northern Dwarf Spider-orchid,-,Vulnerable,-,-,-,-,-,-,-,Yes,-,-,-,-,-,-,-,-,-,64556,-,Plantae,Liliopsida,http://www.environment.gov.au/cgi-bin/sprat/public/publicspecies.pl?taxon_id=64556,2026-Aug-28,https://id.biodiversity.org.au/name/apni/182279,Orchidaceae,Caladenia,bryceana,subsp.,cracens,-,Hopper  A.P.Br.
Caladenia busselliana,Bussell's Spider-orchid,-,Endangered,-,-,-,-,-,-,-,Yes,-,-,-,-,-,-,-,-,-,24369,-,Plantae,Liliopsida,http://www.environment.gov.au/cgi-bin/sprat/public/publicspecies.pl?taxon_id=24369,2026-Aug-28,https://id.biodiversity.org.au/name/apni/182280,Orchidaceae,Caladenia,busselliana,-,-,Hopper  A.P.Br.,-
Caladenia caesarea subsp. maritima,Cape Spider-orchid,-,Endangered,-,-,-,-,-,-,-,Yes,-,-,-,-,-,-,-,-,-,64856,-,Plantae,Liliopsida,http://www.environment.gov.au/cgi-bin/sprat/public/publicspecies.pl?taxon_id=64856,2026-Aug-28,https://id.biodiversity.org.au/name/apni/141591,Orchidaceae,Caladenia,caesarea,subsp.,maritima,Hopper  A.P.Brown,-
Caladenia calcicola,Limestone Spider-orchid,-,Vulnerable,-,-,-,-,Yes,-,Yes,-,-,-,-,-,-,-,-,-,-,10065,-,Plantae,Liliopsida,http://www.environment.gov.au/cgi-bin/sprat/public/publicspecies.pl?taxon_id=10065,2026-Aug-28,https://id.biodiversity.org.au/name/apni/90755,Orchidaceae,Caladenia,calcicola,-,-,G.W.Carr,-
Caladenia campbellii,"Thick-stem Caladenia, Thick-stem Fairy Fingers",-,Critically Endangered,-,-,-,-,-,Yes,-,-,-,-,-,-,-,-,-,-,-,64857,-,Plantae,Liliopsida,http://www.environment.gov.au/cgi-bin/sprat/public/publicspecies.pl?taxon_id=64857,2026-Aug-28,https://id.biodiversity.org.au/name/apni/162808,Orchidaceae,Caladenia,campbellii,-,-,D.L. Jones,-
Caladenia caudata,Tailed Spider-orchid,-,Vulnerable,-,-,-,-,-,Yes,-,-,-,-,-,-,-,-,-,-,-,17067,-,Plantae,Liliopsida,http://www.environment.gov.au/cgi-bin/sprat/public/publicspecies.pl?taxon_id=17067,2026-Aug-28,https://id.biodiversity.org.au/name/apni/90974,Orchidaceae,Caladenia,caudata,-,-,Nicholls,-
Caladenia christineae,Christine's Spider Orchid,-,Vulnerable,-,-,-,-,-,-,-,Yes,-,-,-,-,-,-,-,-,-,56716,-,Plantae,Liliopsida,http://www.environment.gov.au/cgi-bin/sprat/public/publicspecies.pl?taxon_id=56716,2026-Aug-28,https://id.biodiversity.org.au/name/apni/182284,Orchidaceae,Caladenia,christineae,-,-,Hopper  A.P.Br.,-
Caladenia colorata,"Coloured Spider-orchid, Small Western Spider-orchid, Painted Spider-orchid",-,Endangered,-,-,-,-,Yes,-,Yes,-,-,-,-,-,-,-,-,-,-,54999,-,Plantae,Liliopsida,http://www.environment.gov.au/cgi-bin/sprat/public/publicspecies.pl?taxon_id=54999,2026-Aug-28,https://id.biodiversity.org.au/name/apni/117359,Orchidaceae,Caladenia,colorata,-,-,D.L.Jones,-
Caladenia concolor,"Crimson Spider-orchid, Maroon Spider-orchid",-,Vulnerable,-,Yes,-,-,Yes,-,Yes,-,-,-,-,-,-,-,-,-,-,5505,-,Plantae,Liliopsida,http://www.environment.gov.au/cgi-bin/sprat/public/publicspecies.pl?taxon_id=5505,2026-Aug-28,https://id.biodiversity.org.au/name/apni/90994,Orchidaceae,Caladenia,concolor,-,-,Fitzg.,-
Caladenia conferta,Coast Spider-orchid,-,Endangered,-,-,-,-,Yes,-,-,-,-,-,-,-,-,-,-,-,-,55000,-,Plantae,Liliopsida,http://www.environment.gov.au/cgi-bin/sprat/public/publicspecies.pl?taxon_id=55000,2026-Aug-28,https://id.biodiversity.org.au/name/apni/117360,Orchidaceae,Caladenia,conferta,-,-,D.L.Jones,-
Caladenia cremna,"Don's Spider Orchid, Beady Spider Orchid",-,Critically Endangered,-,-,-,-,-,-,Yes,-,-,-,-,-,-,-,-,-,-,82403,-,Plantae,Liliopsida,http://www.environment.gov.au/cgi-bin/sprat/public/publicspecies.pl?taxon_id=82403,2026-Aug-28,https://id.biodiversity.org.au/name/apni/206058,Orchidaceae,Caladenia,cremna,-,-,(D.L.Jones) G.N.Backh.,-
Caladenia dienema,Windswept Spider-orchid,-,Endangered,-,-,-,-,-,Yes,-,-,-,-,-,-,-,-,-,-,-,64858,-,Plantae,Liliopsida,http://www.environment.gov.au/cgi-bin/sprat/public/publicspecies.pl?taxon_id=64858,2026-Aug-28,https://id.biodiversity.org.au/name/apni/139130,Orchidaceae,Caladenia,dienema,-,-,D.L. Jones,-
Caladenia dorrienii,Cossack Spider-orchid,-,Endangered,-,-,-,-,-,-,-,Yes,-,-,-,-,-,-,-,-,-,6596,-,Plantae,Liliopsida,http://www.environment.gov.au/cgi-bin/sprat/public/publicspecies.pl?taxon_id=6596,2026-Aug-28,https://id.biodiversity.org.au/name/apni/91187,Orchidaceae,Caladenia,dorrienii,-,-,Domin,-
Caladenia drakeoides,Hinged Dragon Orchid,-,Endangered,-,-,-,-,-,-,-,Yes,-,-,-,-,-,-,-,-,-,68687,-,Plantae,Liliopsida,http://www.environment.gov.au/cgi-bin/sprat/public/publicspecies.pl?taxon_id=68687,2026-Aug-28,https://id.biodiversity.org.au/name/apni/172990,Orchidaceae,Caladenia,drakeoides,-,-,Hopper  A.P.Br.,-
Caladenia elegans,Elegant Spider-orchid,-,Endangered,-,-,-,-,-,-,-,Yes,-,-,-,-,-,-,-,-,-,56775,-,Plantae,Liliopsida,http://www.environment.gov.au/cgi-bin/sprat/public/publicspecies.pl?taxon_id=56775,2026-Aug-28,https://id.biodiversity.org.au/name/apni/182285,Orchidaceae,Caladenia,elegans,-,-,Hopper  A.P.Br.,-
Caladenia excelsa,Giant Spider-orchid,-,Endangered,-,-,-,-,-,-,-,Yes,-,-,-,-,-,-,-,-,-,56717,-,Plantae,Liliopsida,http://www.environment.gov.au/cgi-bin/sprat/public/publicspecies.pl?taxon_id=56717,2026-Aug-28,https://id.biodiversity.org.au/name/apni/123013,Orchidaceae,Caladenia,excelsa,-,-,Hopper  A.P.Br.,-
Caladenia formosa,"Elegant Spider-orchid, Blood-red Spider-orchid",-,Vulnerable,-,-,-,-,Yes,-,Yes,-,-,-,-,-,-,-,-,-,-,24370,-,Plantae,Liliopsida,http://www.environment.gov.au/cgi-bin/sprat/public/publicspecies.pl?taxon_id=24370,2026-Aug-28,https://id.biodiversity.org.au/name/apni/119060,Orchidaceae,Caladenia,formosa,-,-,G.W.Carr,-
Caladenia fulva,Tawny Spider-orchid,-,Endangered,-,-,-,-,Yes,-,Yes,-,-,-,-,-,-,-,-,-,-,24371,-,Plantae,Liliopsida,http://www.environment.gov.au/cgi-bin/sprat/public/publicspecies.pl?taxon_id=24371,2026-Aug-28,https://id.biodiversity.org.au/name/apni/119064,Orchidaceae,Caladenia,fulva,-,-,G.W.Carr,-
Caladenia gladiolata,"Bayonet Spider-orchid, Clubbed Spider-orchid",-,Endangered,-,-,-,-,Yes,-,-,-,-,-,-,-,-,-,-,-,-,8079,-,Plantae,Liliopsida,http://www.environment.gov.au/cgi-bin/sprat/public/publicspecies.pl?taxon_id=8079,2026-Aug-28,https://id.biodiversity.org.au/name/apni/91520,Orchidaceae,Caladenia,gladiolata,-,-,R.S.Rogers,-
Caladenia graniticola,"Pingaring Spider-orchid, Granite Spider-orchid",-,Endangered,-,-,-,-,-,-,-,Yes,-,-,-,-,-,-,-,-,-,84996,-,Plantae,Liliopsida,http://www.environment.gov.au/cgi-bin/sprat/public/publicspecies.pl?taxon_id=84996,2026-Aug-28,https://id.biodiversity.org.au/name/apni/240839,Orchidaceae,Caladenia,graniticola,-,-,(Hopper  A.P.Br.) Hopper  A.P.Br.,-
Caladenia granitora,-,-,Endangered,-,-,-,-,-,-,-,Yes,-,-,-,-,-,-,-,-,-,65292,-,Plantae,Liliopsida,http://www.environment.gov.au/cgi-bin/sprat/public/publicspecies.pl?taxon_id=65292,2026-Aug-28,https://id.biodiversity.org.au/name/apni/138967,Orchidaceae,Caladenia,granitora,-,-,Hopper  A.P.Brown,-
Caladenia harringtoniae,"Harrington's Spider-orchid, Pink Spider-orchid",-,Vulnerable,-,-,-,-,-,-,-,Yes,-,-,-,-,-,-,-,-,-,56786,-,Plantae,Liliopsida,http://www.environment.gov.au/cgi-bin/sprat/public/publicspecies.pl?taxon_id=56786,2026-Aug-28,https://id.biodiversity.org.au/name/apni/140472,Orchidaceae,Caladenia,harringtoniae,-,-,Hopper  A.P.Br.,-
Caladenia hastata,Melblom's Spider-orchid,-,Endangered,-,-,-,-,-,-,Yes,-,-,-,-,-,-,-,-,-,-,16118,-,Plantae,Liliopsida,http://www.environment.gov.au/cgi-bin/sprat/public/publicspecies.pl?taxon_id=16118,2026-Aug-28,https://id.biodiversity.org.au/name/apni/91585,Orchidaceae,Caladenia,hastata,-,-,(Nicholls) Rupp,-
Caladenia hoffmanii,Hoffman's Spider-orchid,-,Endangered,-,-,-,-,-,-,-,Yes,-,-,-,-,-,-,-,-,-,56719,-,Plantae,Liliopsida,http://www.environment.gov.au/cgi-bin/sprat/public/publicspecies.pl?taxon_id=56719,2026-Aug-28,https://id.biodiversity.org.au/name/apni/182286,Orchidaceae,Caladenia,hoffmanii,-,-,Hopper  A.P.Br.,-
Caladenia hopperiana,"Quindanning Spider Orchid, Boddington Spider Orchid",-,Endangered,-,-,-,-,-,-,-,Yes,-,-,-,-,-,-,-,-,-,88195,-,Plantae,Liliopsida,http://www.environment.gov.au/cgi-bin/sprat/public/publicspecies.pl?taxon_id=88195,2026-Aug-28,https://id.biodiversity.org.au/name/apni/3892193,Orchidaceae,Caladenia,hopperiana,-,-,"A.P.Br.  G.Brockman,",-
Caladenia huegelii,"King Spider-orchid, Grand Spider-orchid, Rusty Spider-orchid",-,Endangered,-,-,-,-,-,-,-,Yes,-,-,-,-,-,-,-,-,-,7309,-,Plantae,Liliopsida,http://www.environment.gov.au/cgi-bin/sprat/public/publicspecies.pl?taxon_id=7309,2026-Aug-28,https://id.biodiversity.org.au/name/apni/91624,Orchidaceae,Caladenia,huegelii,-,-,H.G.Reichb.,-
Caladenia insularis,French Island Spider-orchid,-,Vulnerable,-,-,-,-,-,-,Yes,-,-,-,-,-,-,-,-,-,-,24372,-,Plantae,Liliopsida,http://www.environment.gov.au/cgi-bin/sprat/public/publicspecies.pl?taxon_id=24372,2026-Aug-28,https://id.biodiversity.org.au/name/apni/119065,Orchidaceae,Caladenia,insularis,-,-,G.W.Carr,-
Caladenia intuta,Ghost Spider-orchid,-,Critically Endangered,-,-,-,-,Yes,-,-,-,-,-,-,-,-,-,-,-,-,82821,-,Plantae,Liliopsida,http://www.environment.gov.au/cgi-bin/sprat/public/publicspecies.pl?taxon_id=82821,2026-Aug-28,https://id.biodiversity.org.au/name/apni/216096,Orchidaceae,Caladenia,intuta,-,-,(D.L.Jones) R.J.Bates,-
Caladenia leucochila,Collie Spider Orchid,-,Endangered,-,-,-,-,-,-,-,Yes,-,-,-,-,-,-,-,-,-,88196,-,Plantae,Liliopsida,http://www.environment.gov.au/cgi-bin/sprat/public/publicspecies.pl?taxon_id=88196,2026-Aug-28,https://id.biodiversity.org.au/name/apni/3895354,Orchidaceae,Caladenia,leucochila,-,-,"A.P.Br., R.Phillips  G.Brockman,",-
Caladenia lindleyana,Lindley's Spider-orchid,-,Critically Endangered,-,-,-,-,-,Yes,-,-,-,-,-,-,-,-,-,-,-,9305,-,Plantae,Liliopsida,http://www.environment.gov.au/cgi-bin/sprat/public/publicspecies.pl?taxon_id=9305,2026-Aug-28,https://id.biodiversity.org.au/name/apni/91765,Orchidaceae,Caladenia,lindleyana,-,-,(H.G.Reichb.) M.A.Clements  D.L.Jones,-
Caladenia lodgeana,Lodge's Spider-orchid,-,Critically Endangered,-,-,-,-,-,-,-,Yes,-,-,-,-,-,-,-,-,-,68664,-,Plantae,Liliopsida,http://www.environment.gov.au/cgi-bin/sprat/public/publicspecies.pl?taxon_id=68664,2026-Aug-28,https://id.biodiversity.org.au/name/apni/172377,Orchidaceae,Caladenia,lodgeana,-,-,Hopper  A.P.Brown,-
Caladenia lowanensis,Wimmera Spider-orchid,-,Endangered,-,-,-,-,Yes,-,Yes,-,-,-,-,-,-,-,-,-,-,24374,-,Plantae,Liliopsida,http://www.environment.gov.au/cgi-bin/sprat/public/publicspecies.pl?taxon_id=24374,2026-Aug-28,https://id.biodiversity.org.au/name/apni/119067,Orchidaceae,Caladenia,lowanensis,-,-,G.W.Carr,-
Caladenia luteola,Lemon Spider Orchid,-,Critically Endangered,-,-,-,-,-,-,-,Yes,-,-,-,-,-,-,-,-,-,68713,-,Plantae,Liliopsida,http://www.environment.gov.au/cgi-bin/sprat/public/publicspecies.pl?taxon_id=68713,2026-Aug-28,https://id.biodiversity.org.au/name/apni/173297,Orchidaceae,Caladenia,luteola,-,-,Hopper  A.P.Brown,-
Caladenia macroclavia,Large-club Spider-orchid,-,Endangered,-,-,-,-,Yes,-,-,-,-,-,-,-,-,-,-,-,-,55012,-,Plantae,Liliopsida,http://www.environment.gov.au/cgi-bin/sprat/public/publicspecies.pl?taxon_id=55012,2026-Aug-28,https://id.biodiversity.org.au/name/apni/117373,Orchidaceae,Caladenia,macroclavia,-,-,D.L.Jones,-
Caladenia melanema,"Ballerina Orchid, Ballerina Spider Orchid",-,Critically Endangered,-,-,-,-,-,-,-,Yes,-,-,-,-,-,-,-,-,-,65295,-,Plantae,Liliopsida,http://www.environment.gov.au/cgi-bin/sprat/public/publicspecies.pl?taxon_id=65295,2026-Aug-28,https://id.biodiversity.org.au/name/apni/173299,Orchidaceae,Caladenia,melanema,-,-,Hopper  A.P.Br.,-
Caladenia orientalis,Eastern Spider Orchid,-,Endangered,-,-,-,-,-,-,Yes,-,-,-,-,-,-,-,-,-,-,83410,-,Plantae,Liliopsida,http://www.environment.gov.au/cgi-bin/sprat/public/publicspecies.pl?taxon_id=83410,2026-Aug-28,https://id.biodiversity.org.au/name/apni/194042,Orchidaceae,Caladenia,orientalis,-,-,(G.W.Carr) Hopper  A.P.Br.,-
Caladenia ornata,Ornate Pink Fingers,-,Vulnerable,-,-,-,-,Yes,-,Yes,-,-,-,-,-,-,-,-,-,-,76213,-,Plantae,Liliopsida,http://www.environment.gov.au/cgi-bin/sprat/public/publicspecies.pl?taxon_id=76213,2026-Aug-28,https://id.biodiversity.org.au/name/apni/167933,Orchidaceae,Caladenia,ornata,-,-,(Nicholls) D.L.Jones,-
Caladenia ovata,Kangaroo Island Spider-orchid,-,Endangered,-,-,-,-,Yes,-,-,-,-,-,-,-,-,-,-,-,-,3957,-,Plantae,Liliopsida,http://www.environment.gov.au/cgi-bin/sprat/public/publicspecies.pl?taxon_id=3957,2026-Aug-28,https://id.biodiversity.org.au/name/apni/92030,Orchidaceae,Caladenia,ovata,-,-,R.S.Rogers,-
Caladenia pallida,"Rosy Spider Orchid, Pale Spider-orchid, Summer Spider-orchid",-,Critically Endangered,-,-,-,-,-,Yes,-,-,-,-,-,-,-,-,-,-,-,9604,-,Plantae,Liliopsida,http://www.environment.gov.au/cgi-bin/sprat/public/publicspecies.pl?taxon_id=9604,2026-Aug-28,https://id.biodiversity.org.au/name/apni/92039,Orchidaceae,Caladenia,pallida,-,-,Lindl.,-
Caladenia procera,Carbunup King Spider Orchid,-,Critically Endangered,-,-,-,-,-,-,-,Yes,-,-,-,-,-,-,-,-,-,68679,-,Plantae,Liliopsida,http://www.environment.gov.au/cgi-bin/sprat/public/publicspecies.pl?taxon_id=68679,2026-Aug-28,https://id.biodiversity.org.au/name/apni/172646,Orchidaceae,Caladenia,procera,-,-,Hopper  A.P.Brown,-
Caladenia pumila,Dwarf Spider-orchid,-,Critically Endangered,-,-,-,-,-,-,Yes,-,-,-,-,-,-,-,-,-,-,4155,-,Plantae,Liliopsida,http://www.environment.gov.au/cgi-bin/sprat/public/publicspecies.pl?taxon_id=4155,2026-Aug-28,https://id.biodiversity.org.au/name/apni/92252,Orchidaceae,Caladenia,pumila,-,-,R.S.Rogers,-
Caladenia richardsiorum,Little Dip Spider-orchid,-,Endangered,-,-,-,-,Yes,-,-,-,-,-,-,-,-,-,-,-,-,55018,-,Plantae,Liliopsida,http://www.environment.gov.au/cgi-bin/sprat/public/publicspecies.pl?taxon_id=55018,2026-Aug-28,https://id.biodiversity.org.au/name/apni/117379,Orchidaceae,Caladenia,richardsiorum,-,-,D.L.Jones,-
Caladenia rigida,Stiff White Spider-orchid,-,Endangered,-,-,-,-,Yes,-,-,-,-,-,-,-,-,-,-,-,-,13419,-,Plantae,Liliopsida,http://www.environment.gov.au/cgi-bin/sprat/public/publicspecies.pl?taxon_id=13419,2026-Aug-28,https://id.biodiversity.org.au/name/apni/92363,Orchidaceae,Caladenia,rigida,-,-,R.S.Rogers,-
Caladenia robinsonii,Frankston Spider-orchid,-,Endangered,-,-,-,-,-,-,Yes,-,-,-,-,-,-,-,-,-,-,24375,-,Plantae,Liliopsida,http://www.environment.gov.au/cgi-bin/sprat/public/publicspecies.pl?taxon_id=24375,2026-Aug-28,https://id.biodiversity.org.au/name/apni/119071,Orchidaceae,Caladenia,robinsonii,-,-,G.W.Carr,-
Caladenia rosella,"Rosella Spider-orchid, Little Pink Spider-orchid",-,Endangered,-,Yes,-,-,-,-,Yes,-,-,-,-,-,-,-,-,-,-,5086,-,Plantae,Liliopsida,http://www.environment.gov.au/cgi-bin/sprat/public/publicspecies.pl?taxon_id=5086,2026-Aug-28,https://id.biodiversity.org.au/name/apni/92380,Orchidaceae,Caladenia,rosella,-,-,G.W.Carr,-
Caladenia saggicola,Sagg Spider-orchid,-,Critically Endangered,-,-,-,-,-,Yes,-,-,-,-,-,-,-,-,-,-,-,64859,-,Plantae,Liliopsida,http://www.environment.gov.au/cgi-bin/sprat/public/publicspecies.pl?taxon_id=64859,2026-Aug-28,https://id.biodiversity.org.au/name/apni/146659,Orchidaceae,Caladenia,saggicola,-,-,D.L. Jones,-
Caladenia sp. Kilsyth South (G.S.Lorimer 1253),Kilsyth South Spider-orchid,-,Critically Endangered,-,-,-,-,-,-,Yes,-,-,-,-,-,-,-,-,-,-,82021,-,Plantae,Liliopsida,http://www.environment.gov.au/cgi-bin/sprat/public/publicspecies.pl?taxon_id=82021,2026-Aug-28,https://id.biodiversity.org.au/name/apni/194492,Orchidaceae,Caladenia,sp. Kilsyth South (G.S.Lorimer 1253),-,-,Vic Herbarium,-
Caladenia sylvicola,Forest Fingers,-,Critically Endangered,-,-,-,-,-,Yes,-,-,-,-,-,-,-,-,-,-,-,64860,-,Plantae,Liliopsida,http://www.environment.gov.au/cgi-bin/sprat/public/publicspecies.pl?taxon_id=64860,2026-Aug-28,https://id.biodiversity.org.au/name/apni/174685,Orchidaceae,Caladenia,sylvicola,-,-,D.L. Jones,-
Caladenia tensa,"Greencomb Spider-orchid, Rigid Spider-orchid",-,Endangered,-,Yes,-,-,Yes,-,Yes,-,-,-,-,-,-,-,-,-,-,24390,-,Plantae,Liliopsida,http://www.environment.gov.au/cgi-bin/sprat/public/publicspecies.pl?taxon_id=24390,2026-Aug-28,https://id.biodiversity.org.au/name/apni/119073,Orchidaceae,Caladenia,tensa,-,-,G.W.Carr,-
Caladenia tessellata,"Thick-lipped Spider-orchid, Daddy Long-legs",-,Vulnerable,-,Yes,-,-,-,-,Yes,-,-,-,-,-,Yes,-,-,-,-,2119,-,Plantae,Liliopsida,http://www.environment.gov.au/cgi-bin/sprat/public/publicspecies.pl?taxon_id=2119,2026-Aug-28,https://id.biodiversity.org.au/name/apni/92495,Orchidaceae,Caladenia,tessellata,-,-,Fitzg.,-
Caladenia thysanochila,Fringed Spider-orchid,-,Endangered,-,-,-,-,-,-,Yes,-,-,-,-,-,-,-,-,-,-,24391,-,Plantae,Liliopsida,http://www.environment.gov.au/cgi-bin/sprat/public/publicspecies.pl?taxon_id=24391,2026-Aug-28,https://id.biodiversity.org.au/name/apni/119074,Orchidaceae,Caladenia,thysanochila,-,-,G.W.Carr,-
Caladenia tonellii,Robust Fingers,-,Critically Endangered,-,-,-,-,-,Yes,-,-,-,-,-,-,-,-,-,-,-,64861,-,Plantae,Liliopsida,http://www.environment.gov.au/cgi-bin/sprat/public/publicspecies.pl?taxon_id=64861,2026-Aug-28,https://id.biodiversity.org.au/name/apni/144659,Orchidaceae,Caladenia,tonellii,-,-,D.L.Jones,-
Caladenia versicolor,Candy Spider-orchid,-,Vulnerable,-,-,-,-,Yes,-,Yes,-,-,-,-,-,-,-,-,-,-,24392,-,Plantae,Liliopsida,http://www.environment.gov.au/cgi-bin/sprat/public/publicspecies.pl?taxon_id=24392,2026-Aug-28,https://id.biodiversity.org.au/name/apni/119077,Orchidaceae,Caladenia,versicolor,-,-,G.W.Carr,-
Caladenia viridescens,Dunsborough Spider-orchid,-,Endangered,-,-,-,-,-,-,-,Yes,-,-,-,-,-,-,-,-,-,56776,-,Plantae,Liliopsida,http://www.environment.gov.au/cgi-bin/sprat/public/publicspecies.pl?taxon_id=56776,2026-Aug-28,https://id.biodiversity.org.au/name/apni/182287,Orchidaceae,Caladenia,viridescens,-,-,Hopper  A.P.Br.,-
Caladenia wanosa,Kalbarri Spider-orchid,-,Vulnerable,-,-,-,-,-,-,-,Yes,-,-,-,-,-,-,-,-,-,5878,-,Plantae,Liliopsida,http://www.environment.gov.au/cgi-bin/sprat/public/publicspecies.pl?taxon_id=5878,2026-Aug-28,https://id.biodiversity.org.au/name/apni/92644,Orchidaceae,Caladenia,wanosa,-,-,A.S.George,-
Caladenia williamsiae,Williams Spider Orchid,-,Endangered,-,-,-,-,-,-,-,Yes,-,-,-,-,-,-,-,-,-,68732,-,Plantae,Liliopsida,http://www.environment.gov.au/cgi-bin/sprat/public/publicspecies.pl?taxon_id=68732,2026-Aug-28,https://id.biodiversity.org.au/name/apni/174200,Orchidaceae,Caladenia,williamsiae,-,-,Hopper  A.P.Brown,-
Caladenia winfieldii,Majestic Spider-orchid,-,Endangered,-,-,-,-,-,-,-,Yes,-,-,-,-,-,-,-,-,-,64504,-,Plantae,Liliopsida,http://www.environment.gov.au/cgi-bin/sprat/public/publicspecies.pl?taxon_id=64504,2026-Aug-28,https://id.biodiversity.org.au/name/apni/154635,Orchidaceae,Caladenia,winfieldii,-,-,Hopper  A.P.Br.,-
Caladenia woolcockiorum,Woolcock's Spider-orchid,-,Vulnerable,-,-,-,-,Yes,-,-,-,-,-,-,-,-,-,-,-,-,55023,-,Plantae,Liliopsida,http://www.environment.gov.au/cgi-bin/sprat/public/publicspecies.pl?taxon_id=55023,2026-Aug-28,https://id.biodiversity.org.au/name/apni/117384,Orchidaceae,Caladenia,woolcockiorum,-,-,D.L.Jones,-
Caladenia xanthochila,Yellow-lip Spider-orchid,-,Endangered,-,Yes,-,-,Yes,-,Yes,-,-,-,-,-,-,-,-,-,-,55509,-,Plantae,Liliopsida,http://www.environment.gov.au/cgi-bin/sprat/public/publicspecies.pl?taxon_id=55509,2026-Aug-28,https://id.biodiversity.org.au/name/apni/117925,Orchidaceae,Caladenia,xanthochila,-,-,D.Beardsell  C.Beardsell,-
Caladenia xantholeuca,"White Rabbits, Flinders Ranges White Caladenia",-,Endangered,-,-,-,-,Yes,-,-,-,-,-,-,-,-,-,-,-,-,55025,-,Plantae,Liliopsida,http://www.environment.gov.au/cgi-bin/sprat/public/publicspecies.pl?taxon_id=55025,2026-Aug-28,https://id.biodiversity.org.au/name/apni/117386,Orchidaceae,Caladenia,xantholeuca,-,-,D.L.Jones,-
Calamanthus pyrrhopygius parkeri,Chestnut-rumped Heathwren (Mt Lofty Ranges),Hylacola pyrrhopygia parkeri,Endangered,-,-,-,-,Yes,-,-,-,-,-,-,-,-,-,-,-,-,80826,67071,Animalia,Aves,http://www.environment.gov.au/cgi-bin/sprat/public/publicspecies.pl?taxon_id=80826,2026-Aug-28,-,Acanthizidae,Calamanthus,pyrrhopygius,-,parkeri,-,"Schodde  Mason, 1999"
Calectasia cyanea,Blue Tinsel Lily,-,Critically Endangered,-,-,-,-,-,-,-,Yes,-,-,-,-,-,-,-,-,-,7669,-,Plantae,Liliopsida,http://www.environment.gov.au/cgi-bin/sprat/public/publicspecies.pl?taxon_id=7669,2026-Aug-28,https://id.biodiversity.org.au/name/apni/94946,Dasypogonaceae,Calectasia,cyanea,-,-,R.Br.,-
Calectasia elegans,Elegant Tinsel Lily,-,Critically Endangered,-,-,-,-,-,-,-,Yes,-,-,-,-,-,-,-,-,-,88992,-,Plantae,Liliopsida,http://www.environment.gov.au/cgi-bin/sprat/public/publicspecies.pl?taxon_id=88992,2026-Aug-28,https://id.biodiversity.org.au/name/apni/4910291,Dasypogonaceae,Calectasia,elegans,-,-,R.L.Barrett,-
Calectasia pignattiana,Stilted Tinsel Lily,-,Vulnerable,-,-,-,-,-,-,-,Yes,-,-,-,-,-,-,-,-,-,82018,-,Plantae,Liliopsida,http://www.environment.gov.au/cgi-bin/sprat/public/publicspecies.pl?taxon_id=82018,2026-Aug-28,https://id.biodiversity.org.au/name/apni/170107,Dasypogonaceae,Calectasia,pignattiana,-,-,K.W.Dixon  R.L.Barrett,-
Calidris acuminata,Sharp-tailed Sandpiper,-,Vulnerable,Yes,Yes,Yes,Yes,Yes,Yes,Yes,Yes,Yes,Yes,Yes,-,-,Yes,-,-,Yes,874,-,Animalia,Aves,http://www.environment.gov.au/cgi-bin/sprat/public/publicspecies.pl?taxon_id=874,2026-Aug-28,-,Scolopacidae,Calidris,acuminata,-,-,"(Horsfield,1821)",-
Calidris canutus,"Red Knot, Knot",-,Vulnerable,-,Yes,Yes,Yes,Yes,Yes,Yes,Yes,Yes,-,Yes,Yes,-,Yes,-,-,Yes,855,-,Animalia,Aves,http://www.environment.gov.au/cgi-bin/sprat/public/publicspecies.pl?taxon_id=855,2026-Aug-28,-,Scolopacidae,Calidris,canutus,-,-,"(Linnaeus, 1758)",-
Calidris ferruginea,Curlew Sandpiper,-,Critically Endangered,Yes,Yes,Yes,Yes,Yes,Yes,Yes,Yes,Yes,Yes,Yes,-,Yes,-,-,-,Yes,856,-,Animalia,Aves,http://www.environment.gov.au/cgi-bin/sprat/public/publicspecies.pl?taxon_id=856,2026-Aug-28,-,Scolopacidae,Calidris,ferruginea,-,-,"(Pontoppidan,1763)",-
Calidris tenuirostris,Great Knot,-,Vulnerable,-,Yes,Yes,Yes,Yes,Yes,Yes,Yes,-,-,-,-,-,-,-,-,Yes,862,-,Animalia,Aves,http://www.environment.gov.au/cgi-bin/sprat/public/publicspecies.pl?taxon_id=862,2026-Aug-28,-,Scolopacidae,Calidris,tenuirostris,-,-,"(Horsfield,1821)",-
Callistemon forresterae,Forrester's Bottlebrush,-,Vulnerable,-,Yes,-,-,-,-,Yes,-,-,-,-,-,-,-,-,-,-,56501,-,Plantae,Magnoliopsida,http://www.environment.gov.au/cgi-bin/sprat/public/publicspecies.pl?taxon_id=56501,2026-Aug-28,https://id.biodiversity.org.au/name/apni/119034,Myrtaceae,Callistemon,forresterae,-,-,W.Molyneux,-
Callistemon kenmorrisonii,Betka Bottlebrush,-,Vulnerable,-,-,-,-,-,-,Yes,-,-,-,-,-,-,-,-,-,-,64862,-,Plantae,Magnoliopsida,http://www.environment.gov.au/cgi-bin/sprat/public/publicspecies.pl?taxon_id=64862,2026-Aug-28,https://id.biodiversity.org.au/name/apni/159883,Myrtaceae,Callistemon,kenmorrisonii,-,-,Molyneux,-
Callistemon megalongensis,Megalong Valley Bottlebrush,-,Critically Endangered,-,Yes,-,-,-,-,-,-,-,-,-,-,-,-,-,-,-,85098,-,Plantae,Magnoliopsida,http://www.environment.gov.au/cgi-bin/sprat/public/publicspecies.pl?taxon_id=85098,2026-Aug-28,https://id.biodiversity.org.au/name/apni/238495,Myrtaceae,Callistemon,megalongensis,-,-,(Craven  S.M.Douglas) Udovicic  R.D.Spencer,-
Callistemon pungens,-,-,Vulnerable,-,Yes,-,Yes,-,-,-,-,-,-,-,-,-,-,-,-,-,55581,-,Plantae,Magnoliopsida,http://www.environment.gov.au/cgi-bin/sprat/public/publicspecies.pl?taxon_id=55581,2026-Aug-28,https://id.biodiversity.org.au/name/apni/117993,Myrtaceae,Callistemon,pungens,-,-,Lumley  R.D.Spencer,-
Callistemon purpurascens,a bottlebrush,-,Critically Endangered,-,Yes,-,-,-,-,-,-,-,-,-,-,-,-,-,-,-,88226,-,Plantae,Magnoliopsida,http://www.environment.gov.au/cgi-bin/sprat/public/publicspecies.pl?taxon_id=88226,2026-Aug-28,https://id.biodiversity.org.au/name/apni/4630985,Myrtaceae,Callistemon,purpurascens,-,-,S.M.Douglas  S.David,-
Callistemon wimmerensis,Wimmera Bottlebrush,-,Critically Endangered,-,-,-,-,-,-,Yes,-,-,-,-,-,-,-,-,-,-,82943,-,Plantae,Magnoliopsida,http://www.environment.gov.au/cgi-bin/sprat/public/publicspecies.pl?taxon_id=82943,2026-Aug-28,https://id.biodiversity.org.au/name/apni/214688,Myrtaceae,Callistemon,wimmerensis,-,-,Marriott  G.W.Carr,-
Callitris oblonga subsp. corangensis,Corang Pine,-,Critically Endangered,-,Yes,-,-,-,-,-,-,-,-,-,-,-,-,-,-,-,66688,-,Plantae,Pinatae,http://www.environment.gov.au/cgi-bin/sprat/public/publicspecies.pl?taxon_id=66688,2026-Aug-28,https://id.biodiversity.org.au/name/apni/161550,Cupressaceae,Callitris,oblonga,subsp.,corangensis,-,K.D.Hill
Callitris oblonga subsp. oblonga,South Esk Pine,-,Endangered,-,-,-,-,-,Yes,-,-,-,-,-,-,-,-,-,-,-,64864,-,Plantae,Pinatae,http://www.environment.gov.au/cgi-bin/sprat/public/publicspecies.pl?taxon_id=64864,2026-Aug-28,https://id.biodiversity.org.au/name/apni/154803,Cupressaceae,Callitris,oblonga,subsp.,oblonga,A.Rich.,-
Callitris oblonga subsp. parva,-,-,Critically Endangered,-,Yes,-,-,-,-,-,-,-,-,-,-,-,-,-,-,-,66689,-,Plantae,Pinatae,http://www.environment.gov.au/cgi-bin/sprat/public/publicspecies.pl?taxon_id=66689,2026-Aug-28,https://id.biodiversity.org.au/name/apni/162996,Cupressaceae,Callitris,oblonga,subsp.,parva,-,K.D.Hill
Callocephalon fimbriatum,Gang-gang Cockatoo,-,Endangered,Yes,Yes,-,-,Yes,Yes,Yes,-,-,-,-,-,Yes,-,-,-,-,768,-,Animalia,Aves,http://www.environment.gov.au/cgi-bin/sprat/public/publicspecies.pl?taxon_id=768,2026-Aug-28,-,Cacatuidae,Callocephalon,fimbriatum,-,-,"(Grant,1803)",-
Calochilus cupreus,Copper Beard Orchid,-,Critically Endangered,-,-,-,-,Yes,-,-,-,-,-,-,-,-,-,-,-,-,46998,-,Plantae,Liliopsida,http://www.environment.gov.au/cgi-bin/sprat/public/publicspecies.pl?taxon_id=46998,2026-Aug-28,https://id.biodiversity.org.au/name/apni/98986,Orchidaceae,Calochilus,cupreus,-,-,R.S.Rogers,-
Calochilus psednus,Cardwell Beard Orchid,-,Endangered,-,-,-,Yes,-,-,-,-,-,-,-,-,-,-,-,-,-,55851,-,Plantae,Liliopsida,http://www.environment.gov.au/cgi-bin/sprat/public/publicspecies.pl?taxon_id=55851,2026-Aug-28,https://id.biodiversity.org.au/name/apni/118306,Orchidaceae,Calochilus,psednus,-,-,D.L.Jones  Lavarack,-
Calochilus pulchellus,"Pretty Beard Orchid, Pretty Beard-orchid",-,Endangered,-,Yes,-,-,-,-,Yes,-,-,-,-,-,Yes,-,-,-,-,84677,-,Plantae,Liliopsida,http://www.environment.gov.au/cgi-bin/sprat/public/publicspecies.pl?taxon_id=84677,2026-Aug-28,https://id.biodiversity.org.au/name/apni/205215,Orchidaceae,Calochilus,pulchellus,-,-,D.L.Jones,-
Calochilus richiae,Bald-tip Beard-orchid,-,Endangered,-,-,-,-,-,-,Yes,-,-,-,-,-,-,-,-,-,-,64865,-,Plantae,Liliopsida,http://www.environment.gov.au/cgi-bin/sprat/public/publicspecies.pl?taxon_id=64865,2026-Aug-28,https://id.biodiversity.org.au/name/apni/99082,Orchidaceae,Calochilus,richiae,-,-,Nicholls,-
Calophyllum bicolor,-,-,Vulnerable,-,-,-,Yes,-,-,-,-,-,-,-,-,-,-,-,-,-,11371,-,Plantae,Magnoliopsida,http://www.environment.gov.au/cgi-bin/sprat/public/publicspecies.pl?taxon_id=11371,2026-Aug-28,https://id.biodiversity.org.au/name/apni/116691,Clusiaceae,Calophyllum,bicolor,-,-,P.F.Stevens,-
Caloprymnus campestris,Desert Rat-kangaroo,-,Extinct,-,-,-,Yes,Yes,-,-,-,-,-,-,-,-,-,-,-,-,215,-,Animalia,Mammalia,http://www.environment.gov.au/cgi-bin/sprat/public/publicspecies.pl?taxon_id=215,2026-Aug-28,-,Potoroidae,Caloprymnus,campestris,-,-,"(Gould, 1843)",-
Calotis glandulosa,Mauve Burr-daisy,-,Vulnerable,Yes,Yes,-,-,-,-,-,-,-,-,-,-,-,-,-,-,-,7842,-,Plantae,Magnoliopsida,http://www.environment.gov.au/cgi-bin/sprat/public/publicspecies.pl?taxon_id=7842,2026-Aug-28,https://id.biodiversity.org.au/name/apni/101051,Asteraceae,Calotis,glandulosa,-,-,F.Muell.,-
Calotis moorei,Moore's Burr-daisy,-,Endangered,-,Yes,-,-,-,-,-,-,-,-,-,-,-,-,-,-,-,55381,-,Plantae,Magnoliopsida,http://www.environment.gov.au/cgi-bin/sprat/public/publicspecies.pl?taxon_id=55381,2026-Aug-28,https://id.biodiversity.org.au/name/apni/117798,Asteraceae,Calotis,moorei,-,-,P.S.Short,-
Calyptorhynchus banksii graptogyne,South-eastern Red-tailed Black-Cockatoo,-,Endangered,-,-,-,-,Yes,-,Yes,-,-,-,-,-,-,-,-,-,-,25982,-,Animalia,Aves,http://www.environment.gov.au/cgi-bin/sprat/public/publicspecies.pl?taxon_id=25982,2026-Aug-28,-,Cacatuidae,Calyptorhynchus,banksii,-,graptogyne,-,"Schodde, Saunders and Homberger,1989"
Calyptorhynchus banksii naso,"Forest Red-tailed Black-Cockatoo, Karrak",-,Vulnerable,-,-,-,-,-,-,-,Yes,-,-,-,-,-,-,-,-,-,67034,-,Animalia,Aves,http://www.environment.gov.au/cgi-bin/sprat/public/publicspecies.pl?taxon_id=67034,2026-Aug-28,-,Cacatuidae,Calyptorhynchus,banksii,-,naso,-,"Gould, 1837"
Calyptorhynchus baudinii,"Baudin's Cockatoo, Long-billed Black-Cockatoo",Zanda baudinii,Endangered,-,-,-,-,-,-,-,Yes,-,-,-,-,-,-,-,-,-,769,87736,Animalia,Aves,http://www.environment.gov.au/cgi-bin/sprat/public/publicspecies.pl?taxon_id=769,2026-Aug-28,-,Cacatuidae,Calyptorhynchus,baudinii,-,-,"Lear, 1832",-
Calyptorhynchus lathami halmaturinus,"Kangaroo Island Glossy Black-Cockatoo, Glossy Black-Cockatoo (South Australian)",-,Endangered,-,-,-,-,Yes,-,-,-,-,-,-,-,-,-,-,-,-,64436,-,Animalia,Aves,http://www.environment.gov.au/cgi-bin/sprat/public/publicspecies.pl?taxon_id=64436,2026-Aug-28,-,Cacatuidae,Calyptorhynchus,lathami,-,halmaturinus,-,"Mathews, 1912"
Calyptorhynchus lathami lathami,South-eastern Glossy Black-Cockatoo,-,Vulnerable,Yes,Yes,-,Yes,-,-,Yes,-,-,-,-,-,Yes,-,-,-,-,67036,-,Animalia,Aves,http://www.environment.gov.au/cgi-bin/sprat/public/publicspecies.pl?taxon_id=67036,2026-Aug-28,-,Cacatuidae,Calyptorhynchus,lathami,-,lathami,"(Temminck,1807)",-
Calyptorhynchus latirostris,"Carnaby's Cockatoo,  Short-billed Black-Cockatoo",Zanda latirostris,Endangered,-,-,-,-,-,-,-,Yes,-,-,-,-,-,-,-,-,-,59523,87737,Animalia,Aves,http://www.environment.gov.au/cgi-bin/sprat/public/publicspecies.pl?taxon_id=59523,2026-Aug-28,-,Cacatuidae,Calyptorhynchus,latirostris,-,-,"Carnaby,1948",-
Calystegia affinis,-,-,Critically Endangered,-,Yes,-,-,-,-,-,-,-,-,-,-,-,Yes,-,-,-,48909,-,Plantae,Magnoliopsida,http://www.environment.gov.au/cgi-bin/sprat/public/publicspecies.pl?taxon_id=48909,2026-Aug-28,https://id.biodiversity.org.au/name/apni/103196,Convolvulaceae,Calystegia,affinis,-,-,Endl.,-
Calytrix breviseta subsp. breviseta,Swamp Starflower,-,Endangered,-,-,-,-,-,-,-,Yes,-,-,-,-,-,-,-,-,-,23879,-,Plantae,Magnoliopsida,http://www.environment.gov.au/cgi-bin/sprat/public/publicspecies.pl?taxon_id=23879,2026-Aug-28,https://id.biodiversity.org.au/name/apni/103624,Myrtaceae,Calytrix,breviseta,subsp.,breviseta,Lindl.,-
Calytrix gurulmundensis,-,-,Vulnerable,-,-,-,Yes,-,-,-,-,-,-,-,-,-,-,-,-,-,24241,-,Plantae,Magnoliopsida,http://www.environment.gov.au/cgi-bin/sprat/public/publicspecies.pl?taxon_id=24241,2026-Aug-28,https://id.biodiversity.org.au/name/apni/103914,Myrtaceae,Calytrix,gurulmundensis,-,-,Craven,-
Canarium acutifolium,-,-,Vulnerable,-,-,-,Yes,-,-,-,-,-,-,-,-,-,-,-,-,-,23956,-,Plantae,Magnoliopsida,http://www.environment.gov.au/cgi-bin/sprat/public/publicspecies.pl?taxon_id=23956,2026-Aug-28,https://id.biodiversity.org.au/name/apni/154560,Burseraceae,Canarium,acutifolium,-,-,(DC.) Merr.,-
Capparis thozetiana,-,-,Vulnerable,-,-,-,Yes,-,-,-,-,-,-,-,-,-,-,-,-,-,6021,-,Plantae,Magnoliopsida,http://www.environment.gov.au/cgi-bin/sprat/public/publicspecies.pl?taxon_id=6021,2026-Aug-28,https://id.biodiversity.org.au/name/apni/107833,Capparaceae,Capparis,thozetiana,-,-,(F.Muell.) F.Muell.,-
Carcharias taurus (east coast population),Grey Nurse Shark (east coast population),-,Critically Endangered,-,Yes,-,Yes,-,-,Yes,-,-,-,-,-,Yes,-,-,-,Yes,68751,-,Animalia,Chondrichthyes,http://www.environment.gov.au/cgi-bin/sprat/public/publicspecies.pl?taxon_id=68751,2026-Aug-28,-,Carcharhinidae,Carcharias,taurus,-,(east coast population),-,-
Carcharias taurus (west coast population),Grey Nurse Shark (west coast population),-,Vulnerable,-,-,-,-,-,-,-,Yes,-,-,-,-,-,-,-,-,Yes,68752,-,Animalia,Chondrichthyes,http://www.environment.gov.au/cgi-bin/sprat/public/publicspecies.pl?taxon_id=68752,2026-Aug-28,-,Carcharhinidae,Carcharias,taurus,-,(west coast population),-,-
Carcharodon carcharias,"White Shark, Great White Shark",-,Vulnerable,-,Yes,Yes,Yes,Yes,Yes,Yes,Yes,Yes,Yes,Yes,Yes,Yes,Yes,-,-,Yes,64470,-,Animalia,Chondrichthyes,http://www.environment.gov.au/cgi-bin/sprat/public/publicspecies.pl?taxon_id=64470,2026-Aug-28,-,Lamnidae,Carcharodon,carcharias,-,-,"(Linnaeus, 1758)",-
Caretta caretta,Loggerhead Turtle,-,Endangered,-,Yes,Yes,Yes,Yes,Yes,Yes,Yes,Yes,Yes,Yes,Yes,Yes,Yes,-,-,Yes,1763,-,Animalia,Reptilia,http://www.environment.gov.au/cgi-bin/sprat/public/publicspecies.pl?taxon_id=1763,2026-Aug-28,-,Cheloniidae,Caretta,caretta,-,-,"(Linnaeus,1758)",-
Carettochelys insculpta,"Pig-nosed Turtle, Pitted Shell Turtle",-,Vulnerable,-,-,Yes,-,-,-,-,-,-,-,-,-,-,-,-,-,-,1762,-,Animalia,Reptilia,http://www.environment.gov.au/cgi-bin/sprat/public/publicspecies.pl?taxon_id=1762,2026-Aug-28,-,Carettochelydidae,Carettochelys,insculpta,-,-,"Ramsay,1886",-
Carinascincus greeni,"Alpine Cool-skink, Northern Snow Skink",-,Endangered,-,-,-,-,-,Yes,-,-,-,-,-,-,-,-,-,-,-,90205,-,Animalia,Reptilia,http://www.environment.gov.au/cgi-bin/sprat/public/publicspecies.pl?taxon_id=90205,2026-Aug-28,-,Scincidae,Carinascincus,greeni,-,-,"(Rawlinson,1975)",-
Carinascincus microlepidotus,"Boulder Cool-skink, Southern Snow Skink",-,Endangered,-,-,-,-,-,Yes,-,-,-,-,-,-,-,-,-,-,-,90207,-,Animalia,Reptilia,http://www.environment.gov.au/cgi-bin/sprat/public/publicspecies.pl?taxon_id=90207,2026-Aug-28,-,Scincidae,Carinascincus,microlepidotus,-,-,"(O'Shaughnessy, 1874)",-
Carinascincus orocryptus,"Heath Cool-skink, Mountain Skink",-,Endangered,-,-,-,-,-,Yes,-,-,-,-,-,-,-,-,-,-,-,90209,-,Animalia,Reptilia,http://www.environment.gov.au/cgi-bin/sprat/public/publicspecies.pl?taxon_id=90209,2026-Aug-28,-,Scincidae,Carinascincus,orocryptus,-,-,"(Hutchinson, Schwaner and Medlock,1988)",-
Carinascincus palfreymani,"Pedra Branca Skink,  Pedra Branca Cool-skink, Red-throated Skink",-,Critically Endangered,-,-,-,-,-,Yes,-,-,-,-,-,-,-,-,-,-,-,90203,-,Animalia,Reptilia,http://www.environment.gov.au/cgi-bin/sprat/public/publicspecies.pl?taxon_id=90203,2026-Aug-28,-,Scincidae,Carinascincus,palfreymani,-,-,"(Rawlinson,1974)",-
Carronia pedicellata,-,-,Endangered,-,-,-,Yes,-,-,-,-,-,-,-,-,-,-,-,-,-,24178,-,Plantae,Magnoliopsida,http://www.environment.gov.au/cgi-bin/sprat/public/publicspecies.pl?taxon_id=24178,2026-Aug-28,https://id.biodiversity.org.au/name/apni/113012,Menispermaceae,Carronia,pedicellata,-,-,Forman,-
Cassinia heleniae,-,-,Endangered,-,Yes,-,-,-,-,-,-,-,-,-,-,-,-,-,-,-,91096,-,Plantae,Magnoliopsida,http://www.environment.gov.au/cgi-bin/sprat/public/publicspecies.pl?taxon_id=91096,2026-Aug-28,https://id.biodiversity.org.au/name/apni/203421,Asteraceae,Cassinia,heleniae,-,-,Orchard,-
Cassinia rugata,"Wrinkled Cassinia, Wrinkled Dollybush",-,Vulnerable,-,-,-,-,Yes,Yes,Yes,-,-,-,-,-,-,-,-,-,-,21885,-,Plantae,Magnoliopsida,http://www.environment.gov.au/cgi-bin/sprat/public/publicspecies.pl?taxon_id=21885,2026-Aug-28,https://id.biodiversity.org.au/name/apni/117237,Asteraceae,Cassinia,rugata,-,-,N.G.Walsh,-
Cassinia tegulata,Avenue Cassinia,-,Critically Endangered,-,-,-,-,Yes,-,Yes,-,-,-,-,-,-,-,-,-,-,81640,-,Plantae,Magnoliopsida,http://www.environment.gov.au/cgi-bin/sprat/public/publicspecies.pl?taxon_id=81640,2026-Aug-28,https://id.biodiversity.org.au/name/apni/191719,Asteraceae,Cassinia,tegulata,-,-,Orchard,-
Cassinia theodorii,Kaputar Cassinia,-,Endangered,-,Yes,-,-,-,-,-,-,-,-,-,-,-,-,-,-,-,8424,-,Plantae,Magnoliopsida,http://www.environment.gov.au/cgi-bin/sprat/public/publicspecies.pl?taxon_id=8424,2026-Aug-28,https://id.biodiversity.org.au/name/apni/54915,Asteraceae,Cassinia,theodorii,-,-,F.Muell.,-
Casuarius casuarius johnsonii,"Southern Cassowary, Australian Cassowary, Double-wattled Cassowary",Casuarius casuarius,Endangered,-,-,-,Yes,-,-,-,-,-,-,-,-,-,-,-,-,-,25986,1096,Animalia,Aves,http://www.environment.gov.au/cgi-bin/sprat/public/publicspecies.pl?taxon_id=25986,2026-Aug-28,-,Casuariidae,Casuarius,casuarius,-,johnsonii,-,"Mueller, 1866"
Centrolepis pedderensis,"Pedder Centrolepis, Pedder Bristlewort",-,Endangered,-,-,-,-,-,Yes,-,-,-,-,-,-,-,-,-,-,-,12647,-,Plantae,Liliopsida,http://www.environment.gov.au/cgi-bin/sprat/public/publicspecies.pl?taxon_id=12647,2026-Aug-28,https://id.biodiversity.org.au/name/apni/59042,Centrolepidaceae,Centrolepis,pedderensis,-,-,W.M.Curtis,-
Centrophorus harrissoni,"Harrisson's Dogfish, Endeavour Dogfish, Dumb Gulper Shark, Harrison's Deepsea Dogfish",-,Conservation Dependent,-,-,-,-,-,-,-,-,-,-,-,Yes,-,Yes,-,-,Yes,68444,-,Animalia,Chondrichthyes,http://www.environment.gov.au/cgi-bin/sprat/public/publicspecies.pl?taxon_id=68444,2026-Aug-28,-,Centrophoridae,Centrophorus,harrissoni,-,-,"McCulloch, 1915",-
Centrophorus uyato,Little Gulper Shark,-,Conservation Dependent,-,Yes,-,-,Yes,Yes,Yes,Yes,-,-,-,-,-,-,-,-,Yes,68446,-,Animalia,Chondrichthyes,http://www.environment.gov.au/cgi-bin/sprat/public/publicspecies.pl?taxon_id=68446,2026-Aug-28,-,Centrophoridae,Centrophorus,uyato,-,-,"(Rafinesque, 1810)",-
Cepobaculum carronii,an orchid,Dendrobium carronii,Vulnerable,-,-,-,Yes,-,-,-,-,-,-,-,-,-,-,-,-,-,78700,10822,Plantae,Liliopsida,http://www.environment.gov.au/cgi-bin/sprat/public/publicspecies.pl?taxon_id=78700,2026-Aug-28,https://id.biodiversity.org.au/name/apni/175501,Orchidaceae,Cepobaculum,carronii,-,-,(Lavarack  P.J.Cribb) M.A.Clements  D.L.Jones,-
Cereopsis novaehollandiae grisea,"Cape Barren Goose (south-western), Recherche Cape Barren Goose",-,Vulnerable,-,-,-,-,-,-,-,Yes,-,-,-,-,-,-,-,-,Yes,25978,-,Animalia,Aves,http://www.environment.gov.au/cgi-bin/sprat/public/publicspecies.pl?taxon_id=25978,2026-Aug-28,-,Anatidae,Cereopsis,novaehollandiae,-,grisea,-,"Storr,1980"
Ceyx azureus diemenensis,Tasmanian Azure Kingfisher,-,Endangered,-,-,-,-,-,Yes,-,-,-,-,-,-,-,-,-,-,-,25977,-,Animalia,Aves,http://www.environment.gov.au/cgi-bin/sprat/public/publicspecies.pl?taxon_id=25977,2026-Aug-28,-,Alcedinidae,Ceyx,azureus,-,diemenensis,-,"(Gould, 1846)"
Chaeropus ecaudatus,"Pig-footed Bandicoot, Kanjilpa, Wilalya",-,Extinct,-,Yes,Yes,Yes,Yes,-,Yes,Yes,-,-,-,-,-,-,-,-,-,297,-,Animalia,Mammalia,http://www.environment.gov.au/cgi-bin/sprat/public/publicspecies.pl?taxon_id=297,2026-Aug-28,-,Peramelidae,Chaeropus,ecaudatus,-,-,"(Ogilby, 1838)",-
Chaeropus yirratji,"Yirratji, Northern Pig-footed Bandicoot",-,Extinct,-,-,Yes,Yes,Yes,-,-,Yes,-,-,-,-,-,-,-,-,-,90573,-,Animalia,Mammalia,http://www.environment.gov.au/cgi-bin/sprat/public/publicspecies.pl?taxon_id=90573,2026-Aug-28,-,Peramelidae,Chaeropus,yirratji,-,-,Travouillon et al.  2019,-
Chalcophaps indica natalis,"Christmas Island Emerald Dove, Emerald Dove (Christmas Island)",-,Endangered,-,-,-,-,-,-,-,-,-,-,Yes,-,-,-,-,-,-,67030,-,Animalia,Aves,http://www.environment.gov.au/cgi-bin/sprat/public/publicspecies.pl?taxon_id=67030,2026-Aug-28,-,Columbidae,Chalcophaps,indica,-,natalis,-,"Lister, 1889"
Chalinolobus dwyeri,"Large-eared Pied Bat, Large Pied Bat",-,Endangered,-,Yes,-,Yes,-,-,-,-,-,-,-,-,Yes,-,-,-,-,183,-,Animalia,Mammalia,http://www.environment.gov.au/cgi-bin/sprat/public/publicspecies.pl?taxon_id=183,2026-Aug-28,-,Vespertilionidae,Chalinolobus,dwyeri,-,-,"Ryan,1966",-
Chamelaucium sp. Cataby (G.J.Keighery 11009),Griffin's Waxflower,-,Vulnerable,-,-,-,-,-,-,-,Yes,-,-,-,-,-,-,-,-,-,82509,-,Plantae,Magnoliopsida,http://www.environment.gov.au/cgi-bin/sprat/public/publicspecies.pl?taxon_id=82509,2026-Aug-28,https://id.biodiversity.org.au/name/apni/194245,Myrtaceae,Chamelaucium,sp. Cataby (G.J.Keighery 11009),-,-,WA Herbarium,-
Chamelaucium sp. Gingin (N.G.Marchant 6),Gingin Wax,Chamelaucium lullfitzii,Endangered,-,-,-,-,-,-,-,Yes,-,-,-,-,-,-,-,-,-,88881,92777,Plantae,Magnoliopsida,http://www.environment.gov.au/cgi-bin/sprat/public/publicspecies.pl?taxon_id=88881,2026-Aug-28,https://id.biodiversity.org.au/name/apni/227545,Myrtaceae,Chamelaucium,sp. Gingin (N.G.Marchant 6),-,-,WA Herbarium,-
Chamelaucium sp. S coastal plain (R.D.Royce 4872),Royce's Waxflower,Chamelaucium roycei,Vulnerable,-,-,-,-,-,-,-,Yes,-,-,-,-,-,-,-,-,-,87814,56751,Plantae,Magnoliopsida,http://www.environment.gov.au/cgi-bin/sprat/public/publicspecies.pl?taxon_id=87814,2026-Aug-28,https://id.biodiversity.org.au/name/apni/3728878,Myrtaceae,Chamelaucium,sp. S coastal plain (R.D.Royce 4872),-,-,WA Herbarium,-
Charadrius leschenaultii,"Greater Sand Plover, Large Sand Plover",-,Vulnerable,-,Yes,Yes,Yes,Yes,Yes,Yes,Yes,Yes,Yes,Yes,Yes,-,-,-,-,Yes,877,-,Animalia,Aves,http://www.environment.gov.au/cgi-bin/sprat/public/publicspecies.pl?taxon_id=877,2026-Aug-28,-,Charadriidae,Charadrius,leschenaultii,-,-,"Lesson, 1826",-
Charadrius mongolus,"Lesser Sand Plover, Mongolian Plover",-,Endangered,-,Yes,Yes,Yes,Yes,Yes,Yes,Yes,Yes,-,Yes,Yes,-,-,-,-,Yes,879,-,Animalia,Aves,http://www.environment.gov.au/cgi-bin/sprat/public/publicspecies.pl?taxon_id=879,2026-Aug-28,-,Charadriidae,Charadrius,mongolus,-,-,"Pallas,1776",-
Cheiranthera volubilis,Twining Finger-flower,-,Vulnerable,-,-,-,-,Yes,-,-,-,-,-,-,-,-,-,-,-,-,3125,-,Plantae,Magnoliopsida,http://www.environment.gov.au/cgi-bin/sprat/public/publicspecies.pl?taxon_id=3125,2026-Aug-28,https://id.biodiversity.org.au/name/apni/62823,Pittosporaceae,Cheiranthera,volubilis,-,-,Benth.,-
Chelonia mydas,Green Turtle,-,Vulnerable,-,Yes,Yes,Yes,Yes,Yes,Yes,Yes,Yes,Yes,Yes,Yes,Yes,Yes,-,-,Yes,1765,-,Animalia,Reptilia,http://www.environment.gov.au/cgi-bin/sprat/public/publicspecies.pl?taxon_id=1765,2026-Aug-28,-,Cheloniidae,Chelonia,mydas,-,-,"(Linnaeus,1758)",-
Cherax robustus,Sand Yabby,-,Vulnerable,-,-,-,Yes,-,-,-,-,-,-,-,-,-,-,-,-,-,91922,-,Animalia,Malacostraca,http://www.environment.gov.au/cgi-bin/sprat/public/publicspecies.pl?taxon_id=91922,2026-Aug-28,-,Parastacidae,Cherax,robustus,-,-,"Riek, 1951",-
Cherax tenuimanus,"Hairy Marron, Margaret River Hairy Marron, Margaret River Marron",-,Critically Endangered,-,-,-,-,-,-,-,Yes,-,-,-,-,-,-,-,-,-,78931,-,Animalia,Malacostraca,http://www.environment.gov.au/cgi-bin/sprat/public/publicspecies.pl?taxon_id=78931,2026-Aug-28,-,Parastacidae,Cherax,tenuimanus,-,-,"(Smith, 1912)",-
Chiloglottis anaticeps,Duck's-head Wasp-orchid,-,Endangered,-,Yes,-,-,-,-,-,-,-,-,-,-,-,-,-,-,-,55027,-,Plantae,Liliopsida,http://www.environment.gov.au/cgi-bin/sprat/public/publicspecies.pl?taxon_id=55027,2026-Aug-28,https://id.biodiversity.org.au/name/apni/117388,Orchidaceae,Chiloglottis,anaticeps,-,-,D.L.Jones,-
Chingia australis,-,-,Endangered,-,-,-,Yes,-,-,-,-,-,-,-,-,-,-,-,-,-,24603,-,Plantae,Polypodiatae,http://www.environment.gov.au/cgi-bin/sprat/public/publicspecies.pl?taxon_id=24603,2026-Aug-28,https://id.biodiversity.org.au/name/apni/64875,Thelypteridaceae,Chingia,australis,-,-,Holttum,-
Chlamydogobius gloveri,Dalhousie Goby,-,Critically Endangered,-,-,-,-,Yes,-,-,-,-,-,-,-,-,-,-,-,-,81508,-,Animalia,Actinopterygii,http://www.environment.gov.au/cgi-bin/sprat/public/publicspecies.pl?taxon_id=81508,2026-Aug-28,-,Gobiidae,Chlamydogobius,gloveri,-,-,"Larson, 1995",-
Chlamydogobius micropterus,Elizabeth Springs Goby,-,Endangered,-,-,-,Yes,-,-,-,-,-,-,-,-,-,-,-,-,-,64698,-,Animalia,Actinopterygii,http://www.environment.gov.au/cgi-bin/sprat/public/publicspecies.pl?taxon_id=64698,2026-Aug-28,-,Gobiidae,Chlamydogobius,micropterus,-,-,"Larson, 1995",-
Chlamydogobius squamigenus,Edgbaston Goby,-,Vulnerable,-,-,-,Yes,-,-,-,-,-,-,-,-,-,-,-,-,-,66675,-,Animalia,Actinopterygii,http://www.environment.gov.au/cgi-bin/sprat/public/publicspecies.pl?taxon_id=66675,2026-Aug-28,-,Gobiidae,Chlamydogobius,squamigenus,-,-,"Larson, 1995",-
Chordifex abortivus,Manypeaks Rush,-,Endangered,-,-,-,-,-,-,-,Yes,-,-,-,-,-,-,-,-,-,64868,-,Plantae,Liliopsida,http://www.environment.gov.au/cgi-bin/sprat/public/publicspecies.pl?taxon_id=64868,2026-Aug-28,https://id.biodiversity.org.au/name/apni/154057,Restionaceae,Chordifex,abortivus,-,-,(Nees) B.G.Briggs  L.A.S.Johnson,-
Choretrum spicatum subsp. spicatum,Spiked Sour-bush,-,Endangered,-,-,-,-,Yes,-,-,-,-,-,-,-,-,-,-,-,-,91273,-,Plantae,Magnoliopsida,http://www.environment.gov.au/cgi-bin/sprat/public/publicspecies.pl?taxon_id=91273,2026-Aug-28,https://id.biodiversity.org.au/name/apni/230283,Santalaceae,Choretrum,spicatum,subsp.,spicatum,F.Muell.,-
Chorizema humile,Prostrate Flame Pea,-,Endangered,-,-,-,-,-,-,-,Yes,-,-,-,-,-,-,-,-,-,32573,-,Plantae,Magnoliopsida,http://www.environment.gov.au/cgi-bin/sprat/public/publicspecies.pl?taxon_id=32573,2026-Aug-28,https://id.biodiversity.org.au/name/apni/67089,Fabaceae,Chorizema,humile,-,-,Turcz.,-
Chorizema varium,Limestone Pea,-,Endangered,-,-,-,-,-,-,-,Yes,-,-,-,-,-,-,-,-,-,16981,-,Plantae,Magnoliopsida,http://www.environment.gov.au/cgi-bin/sprat/public/publicspecies.pl?taxon_id=16981,2026-Aug-28,https://id.biodiversity.org.au/name/apni/67398,Fabaceae,Chorizema,varium,-,-,Lindley,-
Christinus guentheri,"Lord Howe Island Gecko, Lord Howe Island Southern Gecko",-,Vulnerable,-,Yes,-,-,-,-,-,-,-,-,-,-,-,Yes,-,-,-,59250,-,Animalia,Reptilia,http://www.environment.gov.au/cgi-bin/sprat/public/publicspecies.pl?taxon_id=59250,2026-Aug-28,-,Gekkonidae,Christinus,guentheri,-,-,"(Boulenger,1885)",-
Cinclosoma punctatum anachoreta,"Mt Lofty Ranges Spotted Quail-thrush, Spotted Quail-thrush (Mt Lofty Ranges)",-,Critically Endangered,-,-,-,-,Yes,-,-,-,-,-,-,-,-,-,-,-,-,67099,-,Animalia,Aves,http://www.environment.gov.au/cgi-bin/sprat/public/publicspecies.pl?taxon_id=67099,2026-Aug-28,-,Cinclosomatidae,Cinclosoma,punctatum,-,anachoreta,-,"Schodde  Mason, 1999"
Clausena excavata,-,-,Critically Endangered,-,-,Yes,-,-,-,-,-,-,-,-,-,-,-,-,-,-,68631,-,Plantae,Magnoliopsida,http://www.environment.gov.au/cgi-bin/sprat/public/publicspecies.pl?taxon_id=68631,2026-Aug-28,https://id.biodiversity.org.au/name/apni/125911,Rutaceae,Clausena,excavata,-,-,Burm.f.,-
Clematis dubia,"a creeper, Clematis",-,Critically Endangered,-,-,-,-,-,-,-,-,-,-,-,-,-,Yes,-,-,-,22035,-,Plantae,Magnoliopsida,http://www.environment.gov.au/cgi-bin/sprat/public/publicspecies.pl?taxon_id=22035,2026-Aug-28,https://id.biodiversity.org.au/name/apni/117286,Ranunculaceae,Clematis,dubia,-,-,(Endl.) P.S.Green,-
Clematis fawcettii,Stream Clematis,-,Vulnerable,-,Yes,-,Yes,-,-,-,-,-,-,-,-,-,-,-,-,-,4311,-,Plantae,Magnoliopsida,http://www.environment.gov.au/cgi-bin/sprat/public/publicspecies.pl?taxon_id=4311,2026-Aug-28,https://id.biodiversity.org.au/name/apni/71771,Ranunculaceae,Clematis,fawcettii,-,-,F.Muell.,-
Climacteris picumnus victoriae,Brown Treecreeper (south-eastern),-,Vulnerable,Yes,Yes,-,Yes,-,-,Yes,-,-,-,-,-,Yes,-,-,-,-,67062,-,Animalia,Aves,http://www.environment.gov.au/cgi-bin/sprat/public/publicspecies.pl?taxon_id=67062,2026-Aug-28,-,Climacteridae,Climacteris,picumnus,-,victoriae,-,"Mathews, 1912"
Codonocarpus pyramidalis,"Slender Bell-fruit, Camel Poison",-,Vulnerable,-,Yes,-,-,Yes,-,-,-,-,-,-,-,-,-,-,-,-,19507,-,Plantae,Magnoliopsida,http://www.environment.gov.au/cgi-bin/sprat/public/publicspecies.pl?taxon_id=19507,2026-Aug-28,https://id.biodiversity.org.au/name/apni/72967,Gyrostemonaceae,Codonocarpus,pyramidalis,-,-,(F.Muell.) F.Muell.,-
Coeranoscincus reticulatus,Three-toed Snake-tooth Skink,-,Vulnerable,-,Yes,-,Yes,-,-,-,-,-,-,-,-,-,-,-,-,-,59628,-,Animalia,Reptilia,http://www.environment.gov.au/cgi-bin/sprat/public/publicspecies.pl?taxon_id=59628,2026-Aug-28,-,Scincidae,Coeranoscincus,reticulatus,-,-,"(Gunther,1873)",-
Coleanthera virgata,Hidden Coleanthera,Styphelia lanata,Extinct,-,-,-,-,-,-,-,Yes,-,-,-,-,-,-,-,-,-,10107,92783,Plantae,Magnoliopsida,http://www.environment.gov.au/cgi-bin/sprat/public/publicspecies.pl?taxon_id=10107,2026-Aug-28,https://id.biodiversity.org.au/name/apni/73128,Epacridaceae,Coleanthera,virgata,-,-,Stschegl.,-
Coleus insularis,Millmerran Mint Bush,-,Critically Endangered,-,-,-,Yes,-,-,-,-,-,-,-,-,-,-,-,-,-,91339,-,Plantae,Magnoliopsida,http://www.environment.gov.au/cgi-bin/sprat/public/publicspecies.pl?taxon_id=91339,2026-Aug-28,https://id.biodiversity.org.au/name/apni/51337400,Lamiaceae,Coleus,insularis,-,-,(P.I.Forst.) P.I.Forst.,-
Colobanthus curtisiae,Curtis' Colobanth,-,Vulnerable,-,-,-,-,-,Yes,-,-,-,-,-,-,-,-,-,-,-,23961,-,Plantae,Magnoliopsida,http://www.environment.gov.au/cgi-bin/sprat/public/publicspecies.pl?taxon_id=23961,2026-Aug-28,https://id.biodiversity.org.au/name/apni/119312,Caryophyllaceae,Colobanthus,curtisiae,-,-,J.G.West,-
Columba vitiensis godmanae,"Lord Howe White-throated Pigeon, White-throated Pigeon (Lord Howe Island)",-,Extinct,-,Yes,-,-,-,-,-,-,-,-,-,-,-,-,-,-,-,25988,-,Animalia,Aves,http://www.environment.gov.au/cgi-bin/sprat/public/publicspecies.pl?taxon_id=25988,2026-Aug-28,-,Columbidae,Columba,vitiensis,-,godmanae,-,"(Mathews, 1915)"
Comesperma oblongatum,Byfield Matchstick,-,Vulnerable,-,-,-,Yes,-,-,-,-,-,-,-,-,-,-,-,-,-,9002,-,Plantae,Magnoliopsida,http://www.environment.gov.au/cgi-bin/sprat/public/publicspecies.pl?taxon_id=9002,2026-Aug-28,https://id.biodiversity.org.au/name/apni/74171,Polygalaceae,Comesperma,oblongatum,-,-,(Benth.) Pedley,-
Commersonia apella,Many-flowered Commersonia,-,Critically Endangered,-,-,-,-,-,-,-,Yes,-,-,-,-,-,-,-,-,-,86877,-,Plantae,Magnoliopsida,http://www.environment.gov.au/cgi-bin/sprat/public/publicspecies.pl?taxon_id=86877,2026-Aug-28,https://id.biodiversity.org.au/name/apni/230731,Malvaceae,Commersonia,apella,-,-,C.F.Wilkins,-
Commersonia erythrogyna,Trigwell's Rulingia,-,Endangered,-,-,-,-,-,-,-,Yes,-,-,-,-,-,-,-,-,-,86397,-,Plantae,Magnoliopsida,http://www.environment.gov.au/cgi-bin/sprat/public/publicspecies.pl?taxon_id=86397,2026-Aug-28,https://id.biodiversity.org.au/name/apni/235967,Malvaceae,Commersonia,erythrogyna,-,-,C.F.Wilkins,-
Commersonia prostrata,Dwarf Kerrawang,-,Endangered,-,Yes,-,-,-,-,Yes,-,-,-,-,-,-,-,-,-,-,87152,-,Plantae,Magnoliopsida,http://www.environment.gov.au/cgi-bin/sprat/public/publicspecies.pl?taxon_id=87152,2026-Aug-28,https://id.biodiversity.org.au/name/apni/230729,Malvaceae,Commersonia,prostrata,-,-,(Maiden  Betche) C.F.Wilkins  Whitlock,-
Conilurus albipes,"White-footed Rabbit-rat, Parroo, White-footed Tree-rat",-,Extinct,-,Yes,-,Yes,Yes,-,Yes,-,-,-,-,-,-,-,-,-,-,131,-,Animalia,Mammalia,http://www.environment.gov.au/cgi-bin/sprat/public/publicspecies.pl?taxon_id=131,2026-Aug-28,-,Muridae,Conilurus,albipes,-,-,"(Lichtenstein, 1829)",-
Conilurus capricornensis,Capricorn Rabbit-rat,-,Extinct,-,-,-,Yes,-,-,-,-,-,-,-,-,-,-,-,-,-,87615,-,Animalia,Mammalia,http://www.environment.gov.au/cgi-bin/sprat/public/publicspecies.pl?taxon_id=87615,2026-Aug-28,-,Muridae,Conilurus,capricornensis,-,-,"Cramb  Hocknull, 2010",-
Conilurus penicillatus,"Brush-tailed Rabbit-rat, Brush-tailed Tree-rat, Pakooma",-,Vulnerable,-,-,Yes,Yes,-,-,-,Yes,-,-,-,-,-,-,-,-,-,132,-,Animalia,Mammalia,http://www.environment.gov.au/cgi-bin/sprat/public/publicspecies.pl?taxon_id=132,2026-Aug-28,-,Muridae,Conilurus,penicillatus,-,-,"Gould, 1842",-
Conospermum densiflorum subsp. unicephalatum,One-headed Smokebush,-,Endangered,-,-,-,-,-,-,-,Yes,-,-,-,-,-,-,-,-,-,64871,-,Plantae,Magnoliopsida,http://www.environment.gov.au/cgi-bin/sprat/public/publicspecies.pl?taxon_id=64871,2026-Aug-28,https://id.biodiversity.org.au/name/apni/161435,Proteaceae,Conospermum,densiflorum,subsp.,unicephalatum,E.M.Benn.,-
Conospermum galeatum,-,-,Critically Endangered,-,-,-,-,-,-,-,Yes,-,-,-,-,-,-,-,-,-,68179,-,Plantae,Magnoliopsida,http://www.environment.gov.au/cgi-bin/sprat/public/publicspecies.pl?taxon_id=68179,2026-Aug-28,https://id.biodiversity.org.au/name/apni/165074,Proteaceae,Conospermum,galeatum,-,-,E.M.Benn.,-
Conospermum hookeri,Variable Smoke-bush,-,Vulnerable,-,-,-,-,-,Yes,-,-,-,-,-,-,-,-,-,-,-,68161,-,Plantae,Magnoliopsida,http://www.environment.gov.au/cgi-bin/sprat/public/publicspecies.pl?taxon_id=68161,2026-Aug-28,https://id.biodiversity.org.au/name/apni/165075,Proteaceae,Conospermum,hookeri,-,-,(Meissner) E.M.Benn.,-
Conospermum quadripetalum,-,-,Critically Endangered,-,-,-,-,-,-,-,Yes,-,-,-,-,-,-,-,-,-,65312,-,Plantae,Magnoliopsida,http://www.environment.gov.au/cgi-bin/sprat/public/publicspecies.pl?taxon_id=65312,2026-Aug-28,https://id.biodiversity.org.au/name/apni/159759,Proteaceae,Conospermum,quadripetalum,-,-,E.M.Benn.,-
Conospermum undulatum,Wavy-leaved Smokebush,-,Vulnerable,-,-,-,-,-,-,-,Yes,-,-,-,-,-,-,-,-,-,24435,-,Plantae,Magnoliopsida,http://www.environment.gov.au/cgi-bin/sprat/public/publicspecies.pl?taxon_id=24435,2026-Aug-28,https://id.biodiversity.org.au/name/apni/76908,Proteaceae,Conospermum,undulatum,-,-,Lindley,-
Conostylis dielsii subsp. teres,Irwin's Conostylis,-,Endangered,-,-,-,-,-,-,-,Yes,-,-,-,-,-,-,-,-,-,3614,-,Plantae,Liliopsida,http://www.environment.gov.au/cgi-bin/sprat/public/publicspecies.pl?taxon_id=3614,2026-Aug-28,https://id.biodiversity.org.au/name/apni/77419,Haemodoraceae,Conostylis,dielsii,subsp.,teres,-,Hopper
Conostylis drummondii,Drummond's Conostylis,-,Endangered,-,-,-,-,-,-,-,Yes,-,-,-,-,-,-,-,-,-,5885,-,Plantae,Liliopsida,http://www.environment.gov.au/cgi-bin/sprat/public/publicspecies.pl?taxon_id=5885,2026-Aug-28,https://id.biodiversity.org.au/name/apni/77427,Haemodoraceae,Conostylis,drummondii,-,-,Benth.,-
Conostylis lepidospermoides,Sedge Conostylis,-,Endangered,-,-,-,-,-,-,-,Yes,-,-,-,-,-,-,-,-,-,9254,-,Plantae,Liliopsida,http://www.environment.gov.au/cgi-bin/sprat/public/publicspecies.pl?taxon_id=9254,2026-Aug-28,https://id.biodiversity.org.au/name/apni/77539,Haemodoraceae,Conostylis,lepidospermoides,-,-,Hopper,-
Conostylis micrantha,Small-flowered Conostylis,-,Endangered,-,-,-,-,-,-,-,Yes,-,-,-,-,-,-,-,-,-,17635,-,Plantae,Liliopsida,http://www.environment.gov.au/cgi-bin/sprat/public/publicspecies.pl?taxon_id=17635,2026-Aug-28,https://id.biodiversity.org.au/name/apni/77576,Haemodoraceae,Conostylis,micrantha,-,-,Hopper,-
Conostylis misera,Grass Conostylis,-,Endangered,-,-,-,-,-,-,-,Yes,-,-,-,-,-,-,-,-,-,21320,-,Plantae,Liliopsida,http://www.environment.gov.au/cgi-bin/sprat/public/publicspecies.pl?taxon_id=21320,2026-Aug-28,https://id.biodiversity.org.au/name/apni/77588,Haemodoraceae,Conostylis,misera,-,-,Endl.,-
Conostylis rogeri,"Kulin Conostylis, Single-flowered Conostylis",-,Vulnerable,-,-,-,-,-,-,-,Yes,-,-,-,-,-,-,-,-,-,14362,-,Plantae,Liliopsida,http://www.environment.gov.au/cgi-bin/sprat/public/publicspecies.pl?taxon_id=14362,2026-Aug-28,https://id.biodiversity.org.au/name/apni/77734,Haemodoraceae,Conostylis,rogeri,-,-,Hopper,-
Conostylis seorsiflora subsp. trichophylla,Hairy Mat Conostylis,-,Endangered,-,-,-,-,-,-,-,Yes,-,-,-,-,-,-,-,-,-,13920,-,Plantae,Liliopsida,http://www.environment.gov.au/cgi-bin/sprat/public/publicspecies.pl?taxon_id=13920,2026-Aug-28,https://id.biodiversity.org.au/name/apni/77751,Haemodoraceae,Conostylis,seorsiflora,subsp.,trichophylla,-,Hopper
Conostylis setigera subsp. dasys,Boscabel Conostylis,-,Critically Endangered,-,-,-,-,-,-,-,Yes,-,-,-,-,-,-,-,-,-,5775,-,Plantae,Liliopsida,http://www.environment.gov.au/cgi-bin/sprat/public/publicspecies.pl?taxon_id=5775,2026-Aug-28,https://id.biodiversity.org.au/name/apni/77768,Haemodoraceae,Conostylis,setigera,subsp.,dasys,-,Hopper
Conostylis wonganensis,Wongan Conostylis,-,Endangered,-,-,-,-,-,-,-,Yes,-,-,-,-,-,-,-,-,-,10906,-,Plantae,Liliopsida,http://www.environment.gov.au/cgi-bin/sprat/public/publicspecies.pl?taxon_id=10906,2026-Aug-28,https://id.biodiversity.org.au/name/apni/77864,Haemodoraceae,Conostylis,wonganensis,-,-,Hopper,-
Coopernookia georgei,Mauve Coopernookia,-,Endangered,-,-,-,-,-,-,-,Yes,-,-,-,-,-,-,-,-,-,21218,-,Plantae,Magnoliopsida,http://www.environment.gov.au/cgi-bin/sprat/public/publicspecies.pl?taxon_id=21218,2026-Aug-28,https://id.biodiversity.org.au/name/apni/78705,Goodeniaceae,Coopernookia,georgei,-,-,Carolin,-
Coopernookia scabridiuscula,-,-,Vulnerable,-,-,-,Yes,-,-,-,-,-,-,-,-,-,-,-,-,-,9174,-,Plantae,Magnoliopsida,http://www.environment.gov.au/cgi-bin/sprat/public/publicspecies.pl?taxon_id=9174,2026-Aug-28,https://id.biodiversity.org.au/name/apni/78722,Goodeniaceae,Coopernookia,scabridiuscula,-,-,Carolin,-
Cophixalus aenigma,Tapping Nursery-frog,-,Endangered,-,-,-,Yes,-,-,-,-,-,-,-,-,-,-,-,-,-,79086,-,Animalia,Amphibia,http://www.environment.gov.au/cgi-bin/sprat/public/publicspecies.pl?taxon_id=79086,2026-Aug-28,-,Microhylidae,Cophixalus,aenigma,-,-,"Hoskin, 2004",-
Cophixalus concinnus,Elegant Frog,-,Critically Endangered,-,-,-,Yes,-,-,-,-,-,-,-,-,-,-,-,-,-,1815,-,Animalia,Amphibia,http://www.environment.gov.au/cgi-bin/sprat/public/publicspecies.pl?taxon_id=1815,2026-Aug-28,-,Microhylidae,Cophixalus,concinnus,-,-,"Tyler,1979",-
Cophixalus hosmeri,"Hosmer's Frog, Rattling Nursery-frog",-,Critically Endangered,-,-,-,Yes,-,-,-,-,-,-,-,-,-,-,-,-,-,1789,-,Animalia,Amphibia,http://www.environment.gov.au/cgi-bin/sprat/public/publicspecies.pl?taxon_id=1789,2026-Aug-28,-,Microhylidae,Cophixalus,hosmeri,-,-,"Zweifel,1985",-
Cophixalus mcdonaldi,"McDonald's Frog, Mt Elliot Nursery-frog",-,Critically Endangered,-,-,-,Yes,-,-,-,-,-,-,-,-,-,-,-,-,-,1791,-,Animalia,Amphibia,http://www.environment.gov.au/cgi-bin/sprat/public/publicspecies.pl?taxon_id=1791,2026-Aug-28,-,Microhylidae,Cophixalus,mcdonaldi,-,-,"Zweifel,1985",-
Cophixalus monticola,Mountain-top Nursery-frog,-,Critically Endangered,-,-,-,Yes,-,-,-,-,-,-,-,-,-,-,-,-,-,64384,-,Animalia,Amphibia,http://www.environment.gov.au/cgi-bin/sprat/public/publicspecies.pl?taxon_id=64384,2026-Aug-28,-,Microhylidae,Cophixalus,monticola,-,-,"Richards, Dennis, Trennery and Werren,1994",-
Cophixalus neglectus,"Neglected Frog, Bellenden Ker Nursery-frog",-,Critically Endangered,-,-,-,Yes,-,-,-,-,-,-,-,-,-,-,-,-,-,1792,-,Animalia,Amphibia,http://www.environment.gov.au/cgi-bin/sprat/public/publicspecies.pl?taxon_id=1792,2026-Aug-28,-,Microhylidae,Cophixalus,neglectus,-,-,"Zweifel,1962",-
Coprosma baueri,Coastal Coprosma,-,Endangered,-,-,-,-,-,-,-,-,-,-,-,-,-,Yes,-,-,-,37851,-,Plantae,Magnoliopsida,http://www.environment.gov.au/cgi-bin/sprat/public/publicspecies.pl?taxon_id=37851,2026-Aug-28,https://id.biodiversity.org.au/name/apni/78799,Rubiaceae,Coprosma,baueri,-,-,Endl.,-
Coprosma pilosa,Mountain Coprosma,-,Endangered,-,-,-,-,-,-,-,-,-,-,-,-,-,Yes,-,-,-,37884,-,Plantae,Magnoliopsida,http://www.environment.gov.au/cgi-bin/sprat/public/publicspecies.pl?taxon_id=37884,2026-Aug-28,https://id.biodiversity.org.au/name/apni/78877,Rubiaceae,Coprosma,pilosa,-,-,Endl.,-
Corchorus cunninghamii,Native Jute,-,Endangered,-,Yes,-,Yes,-,-,-,-,-,-,-,-,-,-,-,-,-,14659,-,Plantae,Magnoliopsida,http://www.environment.gov.au/cgi-bin/sprat/public/publicspecies.pl?taxon_id=14659,2026-Aug-28,https://id.biodiversity.org.au/name/apni/79063,Tiliaceae,Corchorus,cunninghamii,-,-,F.Muell.,-
Cordyline obtecta,Ti,-,Vulnerable,-,-,-,-,-,-,-,-,-,-,-,-,-,Yes,-,-,-,65878,-,Plantae,Liliopsida,http://www.environment.gov.au/cgi-bin/sprat/public/publicspecies.pl?taxon_id=65878,2026-Aug-28,https://id.biodiversity.org.au/name/apni/143071,Agavaceae,Cordyline,obtecta,-,-,(Graham) Baker,-
Cormodes darwini,a beetle,-,Critically Endangered,-,Yes,-,-,-,-,-,-,-,-,-,-,-,-,-,-,-,92235,-,Animalia,Insecta,http://www.environment.gov.au/cgi-bin/sprat/public/publicspecies.pl?taxon_id=92235,2026-Aug-28,-,Cleridae,Cormodes,darwini,-,-,"Pascoe, 1860",-
Corokia whiteana,-,-,Endangered,-,Yes,-,-,-,-,-,-,-,-,-,-,-,-,-,-,-,17820,-,Plantae,Magnoliopsida,http://www.environment.gov.au/cgi-bin/sprat/public/publicspecies.pl?taxon_id=17820,2026-Aug-28,https://id.biodiversity.org.au/name/apni/79991,Argophyllaceae,Corokia,whiteana,-,-,L.S.Sm.,-
Correa baeuerlenii,Chef's Cap,-,Vulnerable,-,Yes,-,-,-,-,-,-,-,-,-,-,-,-,-,-,-,17007,-,Plantae,Magnoliopsida,http://www.environment.gov.au/cgi-bin/sprat/public/publicspecies.pl?taxon_id=17007,2026-Aug-28,https://id.biodiversity.org.au/name/apni/80362,Rutaceae,Correa,baeuerlenii,-,-,F.Muell.,-
Correa calycina,Hindmarsh Correa,-,Vulnerable,-,-,-,-,Yes,-,-,-,-,-,-,-,-,-,-,-,-,7226,-,Plantae,Magnoliopsida,http://www.environment.gov.au/cgi-bin/sprat/public/publicspecies.pl?taxon_id=7226,2026-Aug-28,https://id.biodiversity.org.au/name/apni/80382,Rutaceae,Correa,calycina,-,-,J.M.Black,-
Correa eburnea,Deep Creek Correa,-,Endangered,-,-,-,-,Yes,-,-,-,-,-,-,-,-,-,-,-,-,83820,-,Plantae,Magnoliopsida,http://www.environment.gov.au/cgi-bin/sprat/public/publicspecies.pl?taxon_id=83820,2026-Aug-28,https://id.biodiversity.org.au/name/apni/162951,Rutaceae,Correa,eburnea,-,-,Paul G.Wilson,-
Correa lawrenceana var. genoensis,Genoa River Correa,-,Endangered,-,Yes,-,-,-,-,Yes,-,-,-,-,-,-,-,-,-,-,66626,-,Plantae,Magnoliopsida,http://www.environment.gov.au/cgi-bin/sprat/public/publicspecies.pl?taxon_id=66626,2026-Aug-28,https://id.biodiversity.org.au/name/apni/80621,Rutaceae,Correa,lawrenceana,var.,genoensis,-,Paul G.Wilson
Corunastylis brachystachya,"Short-spiked Midge-orchid, Rocky Cape Midge Orchid",-,Endangered,-,-,-,-,-,Yes,-,-,-,-,-,-,-,-,-,-,-,76410,-,Plantae,Liliopsida,http://www.environment.gov.au/cgi-bin/sprat/public/publicspecies.pl?taxon_id=76410,2026-Aug-28,https://id.biodiversity.org.au/name/apni/178823,Orchidaceae,Corunastylis,brachystachya,-,-,(Lindl.) D.L.Jones  M.A.Clem.,-
Corunastylis ectopa,"Brindabella Midge-orchid, Ectopic Midge-orchid",-,Critically Endangered,Yes,-,-,-,-,-,-,-,-,-,-,-,-,-,-,-,-,78973,-,Plantae,Liliopsida,http://www.environment.gov.au/cgi-bin/sprat/public/publicspecies.pl?taxon_id=78973,2026-Aug-28,https://id.biodiversity.org.au/name/apni/169933,Orchidaceae,Corunastylis,ectopa,-,-,(D.L.Jones) D.L.Jones  M.A.Clem.,-
Corunastylis firthii,Firth's Midge-orchid,-,Critically Endangered,-,-,-,-,-,Yes,-,-,-,-,-,-,-,-,-,-,-,76411,-,Plantae,Liliopsida,http://www.environment.gov.au/cgi-bin/sprat/public/publicspecies.pl?taxon_id=76411,2026-Aug-28,https://id.biodiversity.org.au/name/apni/178827,Orchidaceae,Corunastylis,firthii,-,-,(Cady) D.L.Jones  M.A.Clem.,-
Corunastylis insignis,"Wyong Midge Orchid 1, Variable Midge Orchid 1",-,Critically Endangered,-,Yes,-,-,-,-,-,-,-,-,-,-,-,-,-,-,-,84692,-,Plantae,Liliopsida,http://www.environment.gov.au/cgi-bin/sprat/public/publicspecies.pl?taxon_id=84692,2026-Aug-28,https://id.biodiversity.org.au/name/apni/178829,Orchidaceae,Corunastylis,insignis,-,-,(D.L.Jones) D.L.Jones  M.A.Clem.,-
Corunastylis littoralis,Tuncurry Midge Orchid,-,Critically Endangered,-,Yes,-,-,-,-,-,-,-,-,-,-,-,-,-,-,-,82945,-,Plantae,Liliopsida,http://www.environment.gov.au/cgi-bin/sprat/public/publicspecies.pl?taxon_id=82945,2026-Aug-28,https://id.biodiversity.org.au/name/apni/178830,Orchidaceae,Corunastylis,littoralis,-,-,(D.L.Jones) D.L.Jones  M.A.Clem.,-
Corunastylis sp. Charmhaven (NSW 896673),Wyong Midge Orchid 2,Genoplesium branwhiteorum,Critically Endangered,-,Yes,-,-,-,-,-,-,-,-,-,-,-,-,-,-,-,86263,93200,Plantae,Liliopsida,http://www.environment.gov.au/cgi-bin/sprat/public/publicspecies.pl?taxon_id=86263,2026-Aug-28,https://id.biodiversity.org.au/name/apni/51441360,Orchidaceae,Corunastylis,sp. Charmhaven (NSW 896673),-,-,NSW Herbarium,-
Corybas dentatus,"Toothed Helmet-orchid, Finniss Helmet-orchid",-,Vulnerable,-,-,-,-,Yes,-,-,-,-,-,-,-,-,-,-,-,-,55042,-,Plantae,Liliopsida,http://www.environment.gov.au/cgi-bin/sprat/public/publicspecies.pl?taxon_id=55042,2026-Aug-28,https://id.biodiversity.org.au/name/apni/117403,Orchidaceae,Corybas,dentatus,-,-,D.L.Jones,-
Corybas montanus,Small Helmet-orchid,-,Vulnerable,-,-,-,Yes,-,-,-,-,-,-,-,-,-,-,-,-,-,6494,-,Plantae,Liliopsida,http://www.environment.gov.au/cgi-bin/sprat/public/publicspecies.pl?taxon_id=6494,2026-Aug-28,https://id.biodiversity.org.au/name/apni/81726,Orchidaceae,Corybas,montanus,-,-,D.Jones,-
Corybas sulcatus,Grooved Helmet-orchid,-,Critically Endangered,-,-,-,-,-,Yes,-,-,-,-,-,-,-,-,-,-,-,84309,-,Plantae,Liliopsida,http://www.environment.gov.au/cgi-bin/sprat/public/publicspecies.pl?taxon_id=84309,2026-Aug-28,https://id.biodiversity.org.au/name/apni/226087,Orchidaceae,Corybas,sulcatus,-,-,(M.A.Clem.  D.L.Jones) G.N.Backh.,-
Corymbia clandestina,-,-,Vulnerable,-,-,-,Yes,-,-,-,-,-,-,-,-,-,-,-,-,-,64072,-,Plantae,Magnoliopsida,http://www.environment.gov.au/cgi-bin/sprat/public/publicspecies.pl?taxon_id=64072,2026-Aug-28,https://id.biodiversity.org.au/name/apni/119388,Myrtaceae,Corymbia,clandestina,-,-,(A.R.Bean) K.D.Hill  L.A.S.Johnson,-
Corymbia leptoloma,Yellowjacket,-,Vulnerable,-,-,-,Yes,-,-,-,-,-,-,-,-,-,-,-,-,-,64101,-,Plantae,Magnoliopsida,http://www.environment.gov.au/cgi-bin/sprat/public/publicspecies.pl?taxon_id=64101,2026-Aug-28,https://id.biodiversity.org.au/name/apni/119418,Myrtaceae,Corymbia,leptoloma,-,-,(Brooker  A.R.Bean) K.D.Hill  L.A.S.Johnson,-
Corymbia rhodops,-,-,Vulnerable,-,-,-,Yes,-,-,-,-,-,-,-,-,-,-,-,-,-,64015,-,Plantae,Magnoliopsida,http://www.environment.gov.au/cgi-bin/sprat/public/publicspecies.pl?taxon_id=64015,2026-Aug-28,https://id.biodiversity.org.au/name/apni/119432,Myrtaceae,Corymbia,rhodops,-,-,(D.J.Carr  S.G.M.Carr) K.D.Hill  L.A.S.Johnson,-
Corymbia xanthope,Glen Geddes Bloodwood,-,Vulnerable,-,-,-,Yes,-,-,-,-,-,-,-,-,-,-,-,-,-,64021,-,Plantae,Magnoliopsida,http://www.environment.gov.au/cgi-bin/sprat/public/publicspecies.pl?taxon_id=64021,2026-Aug-28,https://id.biodiversity.org.au/name/apni/119439,Myrtaceae,Corymbia,xanthope,-,-,(A.Bean  Brooker) K.D.Hill  L.A.S.Johnson,-
Corynocarpus rupestris subsp. rupestris,Glenugie Karaka,-,Vulnerable,-,Yes,-,-,-,-,-,-,-,-,-,-,-,-,-,-,-,19303,-,Plantae,Magnoliopsida,http://www.environment.gov.au/cgi-bin/sprat/public/publicspecies.pl?taxon_id=19303,2026-Aug-28,https://id.biodiversity.org.au/name/apni/81913,Corynocarpaceae,Corynocarpus,rupestris,subsp.,rupestris,Guymer,-
Cossinia australiana,Cossinia,-,Endangered,-,-,-,Yes,-,-,-,-,-,-,-,-,-,-,-,-,-,3066,-,Plantae,Magnoliopsida,http://www.environment.gov.au/cgi-bin/sprat/public/publicspecies.pl?taxon_id=3066,2026-Aug-28,https://id.biodiversity.org.au/name/apni/82399,Sapindaceae,Cossinia,australiana,-,-,S.Reyn.,-
Craspedia preminghana,Preminghana Billybutton,-,Endangered,-,-,-,-,-,Yes,-,-,-,-,-,-,-,-,-,-,-,77046,-,Plantae,Magnoliopsida,http://www.environment.gov.au/cgi-bin/sprat/public/publicspecies.pl?taxon_id=77046,2026-Aug-28,https://id.biodiversity.org.au/name/apni/178800,Asteraceae,Craspedia,preminghana,-,-,Rozefelds,-
Craterocephalus dalhousiensis,Dalhousie Hardyhead,-,Critically Endangered,-,-,-,-,Yes,-,-,-,-,-,-,-,-,-,-,-,-,81512,-,Animalia,Actinopterygii,http://www.environment.gov.au/cgi-bin/sprat/public/publicspecies.pl?taxon_id=81512,2026-Aug-28,-,Atherinidae,Craterocephalus,dalhousiensis,-,-,"Ivantsoff and Glover, 1974",-
Craterocephalus fluviatilis,Murray Hardyhead,-,Endangered,-,Yes,-,-,Yes,-,Yes,-,-,-,-,-,-,-,-,-,-,56791,-,Animalia,Actinopterygii,http://www.environment.gov.au/cgi-bin/sprat/public/publicspecies.pl?taxon_id=56791,2026-Aug-28,-,Atherinidae,Craterocephalus,fluviatilis,-,-,"McCulloch, 1912",-
Crepidium lawleri,-,Dienia lawleri,Endangered,-,-,-,Yes,-,-,-,-,-,-,-,-,-,-,-,-,-,64874,92726,Plantae,Liliopsida,http://www.environment.gov.au/cgi-bin/sprat/public/publicspecies.pl?taxon_id=64874,2026-Aug-28,https://id.biodiversity.org.au/name/apni/194267,Orchidaceae,Crepidium,lawleri,-,-,(Lavarack  B.Gray) D.L.Szlachetko,-
Crinia sloanei,Sloane's Froglet,-,Endangered,-,Yes,-,-,-,-,Yes,-,-,-,-,-,-,-,-,-,-,59151,-,Animalia,Amphibia,http://www.environment.gov.au/cgi-bin/sprat/public/publicspecies.pl?taxon_id=59151,2026-Aug-28,-,Myobatrachidae,Crinia,sloanei,-,-,"Littlejohn, 1958",-
Crocidura trichura,Christmas Island Shrew,-,Critically Endangered,-,-,-,-,-,-,-,-,-,-,Yes,-,-,-,-,-,-,86568,-,Animalia,Mammalia,http://www.environment.gov.au/cgi-bin/sprat/public/publicspecies.pl?taxon_id=86568,2026-Aug-28,-,Soricidae,Crocidura,trichura,-,-,"Dobson, 1889",-
Croton mamillatus,Bahrs Scrub Croton,-,Critically Endangered,-,-,-,Yes,-,-,-,-,-,-,-,-,-,-,-,-,-,84796,-,Plantae,Magnoliopsida,http://www.environment.gov.au/cgi-bin/sprat/public/publicspecies.pl?taxon_id=84796,2026-Aug-28,https://id.biodiversity.org.au/name/apni/184829,Euphorbiaceae,Croton,mamillatus,-,-,P.I.Forst.,-
Cryptoblepharus egeriae,"Christmas Island Blue-tailed Skink, Blue-tailed Snake-eyed Skink",-,Critically Endangered,-,-,-,-,-,-,-,-,-,-,Yes,-,-,-,-,-,-,1526,-,Animalia,Reptilia,http://www.environment.gov.au/cgi-bin/sprat/public/publicspecies.pl?taxon_id=1526,2026-Aug-28,-,Scincidae,Cryptoblepharus,egeriae,-,-,"(Boulenger, 1889)",-
Cryptoblepharus gurrmul,Arafura Snake-eyed Skink,-,Endangered,-,-,Yes,-,-,-,-,-,-,-,-,-,-,-,-,-,-,83106,-,Animalia,Reptilia,http://www.environment.gov.au/cgi-bin/sprat/public/publicspecies.pl?taxon_id=83106,2026-Aug-28,-,Scincidae,Cryptoblepharus,gurrmul,-,-,"Horner, 2007",-
Cryptocarya foetida,"Stinking Cryptocarya, Stinking Laurel",-,Vulnerable,-,Yes,-,Yes,-,-,-,-,-,-,-,-,-,-,-,-,-,11976,-,Plantae,Magnoliopsida,http://www.environment.gov.au/cgi-bin/sprat/public/publicspecies.pl?taxon_id=11976,2026-Aug-28,https://id.biodiversity.org.au/name/apni/88305,Lauraceae,Cryptocarya,foetida,-,-,R.Baker,-
Cryptostylis hunteriana,Leafless Tongue-orchid,-,Vulnerable,-,Yes,-,Yes,-,-,Yes,-,-,-,-,-,Yes,-,-,-,-,19533,-,Plantae,Liliopsida,http://www.environment.gov.au/cgi-bin/sprat/public/publicspecies.pl?taxon_id=19533,2026-Aug-28,https://id.biodiversity.org.au/name/apni/89001,Orchidaceae,Cryptostylis,hunteriana,-,-,Nicholls,-
Ctenophorus yinnietharra,Yinnietharra Rock-Dragon,-,Vulnerable,-,-,-,-,-,-,-,Yes,-,-,-,-,-,-,-,-,-,1603,-,Animalia,Reptilia,http://www.environment.gov.au/cgi-bin/sprat/public/publicspecies.pl?taxon_id=1603,2026-Aug-28,-,Agamidae,Ctenophorus,yinnietharra,-,-,"(Storr,1981)",-
Ctenopterella blechnoides,-,-,Vulnerable,-,-,-,Yes,-,-,-,-,-,-,-,-,-,-,-,-,-,83505,-,Plantae,Polypodiatae,http://www.environment.gov.au/cgi-bin/sprat/public/publicspecies.pl?taxon_id=83505,2026-Aug-28,https://id.biodiversity.org.au/name/apni/215165,Grammitidaceae,Ctenopterella,blechnoides,-,-,(Grev.) Parris,-
Ctenotus lancelini,Lancelin Island Skink,-,Vulnerable,-,-,-,-,-,-,-,Yes,-,-,-,-,-,-,-,-,-,1482,-,Animalia,Reptilia,http://www.environment.gov.au/cgi-bin/sprat/public/publicspecies.pl?taxon_id=1482,2026-Aug-28,-,Scincidae,Ctenotus,lancelini,-,-,"Ford,1969",-
Ctenotus serotinus,Gravel Downs Ctenotus,-,Critically Endangered,-,-,-,Yes,-,-,-,-,-,-,-,-,-,-,-,-,-,1444,-,Animalia,Reptilia,http://www.environment.gov.au/cgi-bin/sprat/public/publicspecies.pl?taxon_id=1444,2026-Aug-28,-,Scincidae,Ctenotus,serotinus,-,-,"Czechura,1986",-
Ctenotus zastictus,Hamelin Ctenotus,-,Vulnerable,-,-,-,-,-,-,-,Yes,-,-,-,-,-,-,-,-,-,25570,-,Animalia,Reptilia,http://www.environment.gov.au/cgi-bin/sprat/public/publicspecies.pl?taxon_id=25570,2026-Aug-28,-,Scincidae,Ctenotus,zastictus,-,-,"Storr,1985",-
Cupaniopsis shirleyana,Wedge-leaf Tuckeroo,-,Vulnerable,-,-,-,Yes,-,-,-,-,-,-,-,-,-,-,-,-,-,3205,-,Plantae,Magnoliopsida,http://www.environment.gov.au/cgi-bin/sprat/public/publicspecies.pl?taxon_id=3205,2026-Aug-28,https://id.biodiversity.org.au/name/apni/90407,Sapindaceae,Cupaniopsis,shirleyana,-,-,(Bailey) Radlk.,-
Cupaniopsis tomentella,Boonah Tuckeroo,-,Vulnerable,-,-,-,Yes,-,-,-,-,-,-,-,-,-,-,-,-,-,3322,-,Plantae,Magnoliopsida,http://www.environment.gov.au/cgi-bin/sprat/public/publicspecies.pl?taxon_id=3322,2026-Aug-28,https://id.biodiversity.org.au/name/apni/90412,Sapindaceae,Cupaniopsis,tomentella,-,-,(Benth.) S.Reyn.,-
Cyanoramphus cookii,"Norfolk Island Green Parrot, Tasman Parakeet, Norfolk Island Parakeet",-,Endangered,-,-,-,-,-,-,-,-,-,-,-,-,-,Yes,-,-,-,67046,-,Animalia,Aves,http://www.environment.gov.au/cgi-bin/sprat/public/publicspecies.pl?taxon_id=67046,2026-Aug-28,-,Psittacidae,Cyanoramphus,cookii,-,-,"(Gray, 1859)",-
Cyanoramphus novaezelandiae erythrotis,"Macquarie Island Red-fronted Parakeet, Red-crowned Parakeet (Macquarie Island)",-,Extinct,-,-,-,-,-,Yes,-,-,-,-,-,-,-,-,-,-,-,26035,-,Animalia,Aves,http://www.environment.gov.au/cgi-bin/sprat/public/publicspecies.pl?taxon_id=26035,2026-Aug-28,-,Psittacidae,Cyanoramphus,novaezelandiae,-,erythrotis,-,"(Wagler, 1832)"
Cyanoramphus novaezelandiae subflavescens,"Lord Howe Tasman Parakeet, Red-crowned Parakeet (Lord Howe Island)",-,Extinct,-,Yes,-,-,-,-,-,-,-,-,-,-,-,-,-,-,-,26036,-,Animalia,Aves,http://www.environment.gov.au/cgi-bin/sprat/public/publicspecies.pl?taxon_id=26036,2026-Aug-28,-,Psittacidae,Cyanoramphus,novaezelandiae,-,subflavescens,-,"Salvadori, 1891"
Cyathea exilis,a tree-fern,-,Endangered,-,-,-,Yes,-,-,-,-,-,-,-,-,-,-,-,-,-,18628,-,Plantae,Polypodiatae,http://www.environment.gov.au/cgi-bin/sprat/public/publicspecies.pl?taxon_id=18628,2026-Aug-28,https://id.biodiversity.org.au/name/apni/91613,Cyatheaceae,Cyathea,exilis,-,-,Holttum,-
Cycas cairnsiana,a cycad,-,Vulnerable,-,-,-,Yes,-,-,-,-,-,-,-,-,-,-,-,-,-,5780,-,Plantae,Cycadatae,http://www.environment.gov.au/cgi-bin/sprat/public/publicspecies.pl?taxon_id=5780,2026-Aug-28,https://id.biodiversity.org.au/name/apni/92294,Cycadaceae,Cycas,cairnsiana,-,-,F.Muell.,-
Cycas megacarpa,-,-,Endangered,-,-,-,Yes,-,-,-,-,-,-,-,-,-,-,-,-,-,55794,-,Plantae,Cycadatae,http://www.environment.gov.au/cgi-bin/sprat/public/publicspecies.pl?taxon_id=55794,2026-Aug-28,https://id.biodiversity.org.au/name/apni/118243,Cycadaceae,Cycas,megacarpa,-,-,K.Hill,-
Cycas ophiolitica,-,-,Endangered,-,-,-,Yes,-,-,-,-,-,-,-,-,-,-,-,-,-,55797,-,Plantae,Cycadatae,http://www.environment.gov.au/cgi-bin/sprat/public/publicspecies.pl?taxon_id=55797,2026-Aug-28,https://id.biodiversity.org.au/name/apni/118246,Cycadaceae,Cycas,ophiolitica,-,-,K.D.Hill,-
Cycas platyphylla,a cycad,-,Vulnerable,-,-,-,Yes,-,-,-,-,-,-,-,-,-,-,-,-,-,55796,-,Plantae,Cycadatae,http://www.environment.gov.au/cgi-bin/sprat/public/publicspecies.pl?taxon_id=55796,2026-Aug-28,https://id.biodiversity.org.au/name/apni/118245,Cycadaceae,Cycas,platyphylla,-,-,K.Hill,-
Cycas silvestris,-,-,Vulnerable,-,-,-,Yes,-,-,-,-,-,-,-,-,-,-,-,-,-,55778,-,Plantae,Cycadatae,http://www.environment.gov.au/cgi-bin/sprat/public/publicspecies.pl?taxon_id=55778,2026-Aug-28,https://id.biodiversity.org.au/name/apni/118227,Cycadaceae,Cycas,silvestris,-,-,K.Hill,-
Cyclodomorphus praealtus,Alpine She-oak Skink,-,Endangered,-,Yes,-,-,-,-,Yes,-,-,-,-,-,-,-,-,-,-,64721,-,Animalia,Reptilia,http://www.environment.gov.au/cgi-bin/sprat/public/publicspecies.pl?taxon_id=64721,2026-Aug-28,-,Scincidae,Cyclodomorphus,praealtus,-,-,"Shea, 1995",-
Cyclophyllum costatum,a shrub,-,Vulnerable,-,-,-,Yes,-,-,-,-,-,-,-,-,-,-,-,-,-,82770,-,Plantae,Magnoliopsida,http://www.environment.gov.au/cgi-bin/sprat/public/publicspecies.pl?taxon_id=82770,2026-Aug-28,https://id.biodiversity.org.au/name/apni/180701,Rubiaceae,Cyclophyllum,costatum,-,-,(C.T.White) S.T.Reynolds  R.J.F.Hend.,-
Cyclopsitta diophthalma coxeni,Coxen's Fig-Parrot,-,Critically Endangered,-,Yes,-,Yes,-,-,-,-,-,-,-,-,-,-,-,-,-,59714,-,Animalia,Aves,http://www.environment.gov.au/cgi-bin/sprat/public/publicspecies.pl?taxon_id=59714,2026-Aug-28,-,Psittacidae,Cyclopsitta,diophthalma,-,coxeni,-,"Gould,1867"
Cynanchum elegans,White-flowered Wax Plant,-,Endangered,-,Yes,-,-,-,-,-,-,-,-,-,-,-,-,-,-,-,12533,-,Plantae,Magnoliopsida,http://www.environment.gov.au/cgi-bin/sprat/public/publicspecies.pl?taxon_id=12533,2026-Aug-28,https://id.biodiversity.org.au/name/apni/94203,Apocynaceae,Cynanchum,elegans,-,-,(Benth.) Domin,-
Cyperus cephalotes,-,-,Endangered,-,-,-,Yes,-,-,-,-,-,-,-,-,-,-,-,-,-,10265,-,Plantae,Liliopsida,http://www.environment.gov.au/cgi-bin/sprat/public/publicspecies.pl?taxon_id=10265,2026-Aug-28,https://id.biodiversity.org.au/name/apni/96716,Cyperaceae,Cyperus,cephalotes,-,-,M.Vahl,-
Cyperus semifertilis,-,-,Vulnerable,-,Yes,-,Yes,-,-,-,-,-,-,-,-,-,-,-,-,-,21559,-,Plantae,Liliopsida,http://www.environment.gov.au/cgi-bin/sprat/public/publicspecies.pl?taxon_id=21559,2026-Aug-28,https://id.biodiversity.org.au/name/apni/98982,Cyperaceae,Cyperus,semifertilis,-,-,S.T.Blake,-
Cyphanthera scabrella,-,-,Endangered,-,Yes,-,-,-,-,-,-,-,-,-,-,-,-,-,-,-,14981,-,Plantae,Magnoliopsida,http://www.environment.gov.au/cgi-bin/sprat/public/publicspecies.pl?taxon_id=14981,2026-Aug-28,https://id.biodiversity.org.au/name/apni/99934,Solanaceae,Cyphanthera,scabrella,-,-,(Benth.) Miers,-
Cyrtodactylus sadleiri,Christmas Island Giant Gecko,-,Endangered,-,-,-,-,-,-,-,-,-,-,Yes,-,-,-,-,-,-,86865,-,Animalia,Reptilia,http://www.environment.gov.au/cgi-bin/sprat/public/publicspecies.pl?taxon_id=86865,2026-Aug-28,-,Gekkonidae,Cyrtodactylus,sadleiri,-,-,"Wells and Wellington, 1985",-
Danhatchia copelandii,Bonville Leafless Orchid,-,Critically Endangered,-,Yes,-,-,-,-,-,-,-,-,-,-,-,-,-,-,-,93402,-,Plantae,Liliopsida,http://www.environment.gov.au/cgi-bin/sprat/public/publicspecies.pl?taxon_id=93402,2026-Aug-28,https://id.biodiversity.org.au/name/apni/51337271,Orchidaceae,Danhatchia,copelandii,-,-,D.L.Jones  M.A.Clem.,-
Daphnandra johnsonii,Illawarra Socketwood,-,Endangered,-,Yes,-,-,-,-,-,-,-,-,-,-,-,-,-,-,-,67186,-,Plantae,Magnoliopsida,http://www.environment.gov.au/cgi-bin/sprat/public/publicspecies.pl?taxon_id=67186,2026-Aug-28,https://id.biodiversity.org.au/name/apni/202471,Monimiaceae,Daphnandra,johnsonii,-,-,Schodde,-
Darwinia acerosa,Fine-leaved Darwinia,-,Endangered,-,-,-,-,-,-,-,Yes,-,-,-,-,-,-,-,-,-,9004,-,Plantae,Magnoliopsida,http://www.environment.gov.au/cgi-bin/sprat/public/publicspecies.pl?taxon_id=9004,2026-Aug-28,https://id.biodiversity.org.au/name/apni/80110,Myrtaceae,Darwinia,acerosa,-,-,W.Fitzg.,-
Darwinia apiculata,Scarp Darwinia,-,Endangered,-,-,-,-,-,-,-,Yes,-,-,-,-,-,-,-,-,-,8763,-,Plantae,Magnoliopsida,http://www.environment.gov.au/cgi-bin/sprat/public/publicspecies.pl?taxon_id=8763,2026-Aug-28,https://id.biodiversity.org.au/name/apni/80115,Myrtaceae,Darwinia,apiculata,-,-,N.Marchant,-
Darwinia biflora,-,-,Vulnerable,-,Yes,-,-,-,-,-,-,-,-,-,-,-,-,-,-,-,14619,-,Plantae,Magnoliopsida,http://www.environment.gov.au/cgi-bin/sprat/public/publicspecies.pl?taxon_id=14619,2026-Aug-28,https://id.biodiversity.org.au/name/apni/80132,Myrtaceae,Darwinia,biflora,-,-,(Cheel) B.Briggs,-
Darwinia carnea,"Mogumber Bell, Narrogin Bell",-,Endangered,-,-,-,-,-,-,-,Yes,-,-,-,-,-,-,-,-,-,9736,-,Plantae,Magnoliopsida,http://www.environment.gov.au/cgi-bin/sprat/public/publicspecies.pl?taxon_id=9736,2026-Aug-28,https://id.biodiversity.org.au/name/apni/80179,Myrtaceae,Darwinia,carnea,-,-,C.A.Gardner,-
Darwinia chapmaniana,Chapman's Bell,-,Endangered,-,-,-,-,-,-,-,Yes,-,-,-,-,-,-,-,-,-,64877,-,Plantae,Magnoliopsida,http://www.environment.gov.au/cgi-bin/sprat/public/publicspecies.pl?taxon_id=64877,2026-Aug-28,https://id.biodiversity.org.au/name/apni/222242,Myrtaceae,Darwinia,chapmaniana,-,-,Keighery,-
Darwinia collina,Yellow Mountain Bell,-,Critically Endangered,-,-,-,-,-,-,-,Yes,-,-,-,-,-,-,-,-,-,17296,-,Plantae,Magnoliopsida,http://www.environment.gov.au/cgi-bin/sprat/public/publicspecies.pl?taxon_id=17296,2026-Aug-28,https://id.biodiversity.org.au/name/apni/80216,Myrtaceae,Darwinia,collina,-,-,C.A.Gardner,-
Darwinia ferricola,Scott River Darwinia,-,Endangered,-,-,-,-,-,-,-,Yes,-,-,-,-,-,-,-,-,-,56706,-,Plantae,Magnoliopsida,http://www.environment.gov.au/cgi-bin/sprat/public/publicspecies.pl?taxon_id=56706,2026-Aug-28,https://id.biodiversity.org.au/name/apni/222245,Myrtaceae,Darwinia,ferricola,-,-,Keighery,-
Darwinia foetida,Muchea Bell,-,Critically Endangered,-,-,-,-,-,-,-,Yes,-,-,-,-,-,-,-,-,-,83190,-,Plantae,Magnoliopsida,http://www.environment.gov.au/cgi-bin/sprat/public/publicspecies.pl?taxon_id=83190,2026-Aug-28,https://id.biodiversity.org.au/name/apni/222244,Myrtaceae,Darwinia,foetida,-,-,Keighery,-
Darwinia masonii,Mason's Darwinia,-,Vulnerable,-,-,-,-,-,-,-,Yes,-,-,-,-,-,-,-,-,-,18538,-,Plantae,Magnoliopsida,http://www.environment.gov.au/cgi-bin/sprat/public/publicspecies.pl?taxon_id=18538,2026-Aug-28,https://id.biodiversity.org.au/name/apni/80481,Myrtaceae,Darwinia,masonii,-,-,C.Gardner,-
Darwinia meeboldii,Cranbrook Bell,-,Vulnerable,-,-,-,-,-,-,-,Yes,-,-,-,-,-,-,-,-,-,21512,-,Plantae,Magnoliopsida,http://www.environment.gov.au/cgi-bin/sprat/public/publicspecies.pl?taxon_id=21512,2026-Aug-28,https://id.biodiversity.org.au/name/apni/80494,Myrtaceae,Darwinia,meeboldii,-,-,C.Gardner,-
Darwinia nubigena,"Success Bell, Red Mountain Bell",-,Vulnerable,-,-,-,-,-,-,-,Yes,-,-,-,-,-,-,-,-,-,83191,-,Plantae,Magnoliopsida,http://www.environment.gov.au/cgi-bin/sprat/public/publicspecies.pl?taxon_id=83191,2026-Aug-28,https://id.biodiversity.org.au/name/apni/222248,Myrtaceae,Darwinia,nubigena,-,-,Keighery,-
Darwinia oxylepis,Gillam's Bell,-,Endangered,-,-,-,-,-,-,-,Yes,-,-,-,-,-,-,-,-,-,13188,-,Plantae,Magnoliopsida,http://www.environment.gov.au/cgi-bin/sprat/public/publicspecies.pl?taxon_id=13188,2026-Aug-28,https://id.biodiversity.org.au/name/apni/80569,Myrtaceae,Darwinia,oxylepis,-,-,(Turcz.) N.G.Marchant  Keighery,-
Darwinia polychroma,Harlequin Bell,-,Endangered,-,-,-,-,-,-,-,Yes,-,-,-,-,-,-,-,-,-,83192,-,Plantae,Magnoliopsida,http://www.environment.gov.au/cgi-bin/sprat/public/publicspecies.pl?taxon_id=83192,2026-Aug-28,https://id.biodiversity.org.au/name/apni/222249,Myrtaceae,Darwinia,polychroma,-,-,Keighery,-
Darwinia squarrosa,"Fringed Mountain Bell, Pink Mountain Bell",-,Vulnerable,-,-,-,-,-,-,-,Yes,-,-,-,-,-,-,-,-,-,15694,-,Plantae,Magnoliopsida,http://www.environment.gov.au/cgi-bin/sprat/public/publicspecies.pl?taxon_id=15694,2026-Aug-28,https://id.biodiversity.org.au/name/apni/80744,Myrtaceae,Darwinia,squarrosa,-,-,(Turcz.) Domin,-
Darwinia whicherensis,Abba Bell,-,Endangered,-,-,-,-,-,-,-,Yes,-,-,-,-,-,-,-,-,-,83193,-,Plantae,Magnoliopsida,http://www.environment.gov.au/cgi-bin/sprat/public/publicspecies.pl?taxon_id=83193,2026-Aug-28,https://id.biodiversity.org.au/name/apni/222246,Myrtaceae,Darwinia,whicherensis,-,-,Keighery,-
Darwinia wittwerorum,Wittwer's Mountain Bell,-,Endangered,-,-,-,-,-,-,-,Yes,-,-,-,-,-,-,-,-,-,15626,-,Plantae,Magnoliopsida,http://www.environment.gov.au/cgi-bin/sprat/public/publicspecies.pl?taxon_id=15626,2026-Aug-28,https://id.biodiversity.org.au/name/apni/80954,Myrtaceae,Darwinia,wittwerorum,-,-,N.Marchant  Keighery,-
Dasymalla axillaris,Native Foxglove,-,Critically Endangered,-,-,-,-,-,-,-,Yes,-,-,-,-,-,-,-,-,-,38829,-,Plantae,Magnoliopsida,http://www.environment.gov.au/cgi-bin/sprat/public/publicspecies.pl?taxon_id=38829,2026-Aug-28,https://id.biodiversity.org.au/name/apni/80992,Lamiaceae,Dasymalla,axillaris,-,-,Endl.,-
Dasyornis brachypterus,Eastern Bristlebird,-,Endangered,-,Yes,-,Yes,-,-,Yes,-,-,-,-,-,Yes,-,-,-,-,533,-,Animalia,Aves,http://www.environment.gov.au/cgi-bin/sprat/public/publicspecies.pl?taxon_id=533,2026-Aug-28,-,Dasyornithidae,Dasyornis,brachypterus,-,-,"(Latham, 1802)",-
Dasyornis broadbenti litoralis,"Rufous Bristlebird (western), South-western Rufous Bristlebird",-,Extinct,-,-,-,-,-,-,-,Yes,-,-,-,-,-,-,-,-,-,25972,-,Animalia,Aves,http://www.environment.gov.au/cgi-bin/sprat/public/publicspecies.pl?taxon_id=25972,2026-Aug-28,-,Dasyornithidae,Dasyornis,broadbenti,-,litoralis,-,"(Milligan,1902)"
Dasyornis longirostris,Western Bristlebird,-,Endangered,-,-,-,-,-,-,-,Yes,-,-,-,-,-,-,-,-,-,515,-,Animalia,Aves,http://www.environment.gov.au/cgi-bin/sprat/public/publicspecies.pl?taxon_id=515,2026-Aug-28,-,Dasyornithidae,Dasyornis,longirostris,-,-,"Gould,1841",-
Dasyuroides byrnei,"Kowari, brushy-tailed marsupial rat, Byrne's crest-tailed marsupial rat",-,Endangered,-,-,Yes,Yes,Yes,-,-,-,-,-,-,-,-,-,-,-,-,329,-,Animalia,Mammalia,http://www.environment.gov.au/cgi-bin/sprat/public/publicspecies.pl?taxon_id=329,2026-Aug-28,-,Dasyuridae,Dasyuroides,byrnei,-,-,"Spencer,1896",-
Dasyurus geoffroii,"Chuditch, Western Quoll",-,Vulnerable,Yes,Yes,Yes,Yes,Yes,-,Yes,Yes,-,-,-,-,-,-,-,-,-,330,-,Animalia,Mammalia,http://www.environment.gov.au/cgi-bin/sprat/public/publicspecies.pl?taxon_id=330,2026-Aug-28,-,Dasyuridae,Dasyurus,geoffroii,-,-,"Gould,1841",-
Dasyurus hallucatus,"Northern Quoll, Digul [Gogo-Yimidir], Wijingadda [Dambimangari], Wiminji [Martu]",-,Endangered,-,-,Yes,Yes,-,-,-,Yes,-,-,-,-,-,-,-,-,-,331,-,Animalia,Mammalia,http://www.environment.gov.au/cgi-bin/sprat/public/publicspecies.pl?taxon_id=331,2026-Aug-28,-,Dasyuridae,Dasyurus,hallucatus,-,-,"Gould,1842",-
Dasyurus maculatus gracilis,"Spotted-tailed Quoll (North Queensland), Yarri",-,Endangered,-,-,-,Yes,-,-,-,-,-,-,-,-,-,-,-,-,-,64475,-,Animalia,Mammalia,http://www.environment.gov.au/cgi-bin/sprat/public/publicspecies.pl?taxon_id=64475,2026-Aug-28,-,Dasyuridae,Dasyurus,maculatus,-,gracilis,-,-
Dasyurus maculatus maculatus (SE mainland population),"Spotted-tail Quoll, Spot-tailed Quoll, Tiger Quoll (southeastern mainland population)",-,Endangered,Yes,Yes,-,Yes,Yes,-,Yes,-,-,-,-,-,Yes,-,-,-,-,75184,-,Animalia,Mammalia,http://www.environment.gov.au/cgi-bin/sprat/public/publicspecies.pl?taxon_id=75184,2026-Aug-28,-,Dasyuridae,Dasyurus,maculatus,-,maculatus (SE mainland population),"(Kerr, 1792)",-
Dasyurus maculatus maculatus (Tasmanian population),"Spotted-tail Quoll, Spot-tailed Quoll, Tiger Quoll (Tasmanian population)",-,Vulnerable,-,-,-,-,-,Yes,-,-,-,-,-,-,-,-,-,-,-,75183,-,Animalia,Mammalia,http://www.environment.gov.au/cgi-bin/sprat/public/publicspecies.pl?taxon_id=75183,2026-Aug-28,-,Dasyuridae,Dasyurus,maculatus,-,maculatus (Tasmanian population),-,-
Dasyurus viverrinus,"Eastern Quoll, Luaner",-,Endangered,Yes,Yes,-,-,Yes,Yes,Yes,-,-,-,-,-,-,-,-,-,-,333,-,Animalia,Mammalia,http://www.environment.gov.au/cgi-bin/sprat/public/publicspecies.pl?taxon_id=333,2026-Aug-28,-,Dasyuridae,Dasyurus,viverrinus,-,-,"(Shaw, 1800)",-
Davidsonia jerseyana,Davidson's Plum,-,Endangered,-,Yes,-,-,-,-,-,-,-,-,-,-,-,-,-,-,-,67219,-,Plantae,Magnoliopsida,http://www.environment.gov.au/cgi-bin/sprat/public/publicspecies.pl?taxon_id=67219,2026-Aug-28,https://id.biodiversity.org.au/name/apni/166905,Cunoniaceae,Davidsonia,jerseyana,-,-,(F.Muell ex F.M.Bailey) G.Harden  J.B.Williams,-
Davidsonia johnsonii,"Smooth Davidsonia, Smooth Davidson's Plum, Small-leaved Davidson's Plum",-,Endangered,-,Yes,-,Yes,-,-,-,-,-,-,-,-,-,-,-,-,-,67178,-,Plantae,Magnoliopsida,http://www.environment.gov.au/cgi-bin/sprat/public/publicspecies.pl?taxon_id=67178,2026-Aug-28,https://id.biodiversity.org.au/name/apni/166907,Cunoniaceae,Davidsonia,johnsonii,-,-,J.B.Williams  G.Harden,-
Daviesia bursarioides,Three Springs Daviesia,-,Endangered,-,-,-,-,-,-,-,Yes,-,-,-,-,-,-,-,-,-,56696,-,Plantae,Magnoliopsida,http://www.environment.gov.au/cgi-bin/sprat/public/publicspecies.pl?taxon_id=56696,2026-Aug-28,https://id.biodiversity.org.au/name/apni/122068,Fabaceae,Daviesia,bursarioides,-,-,Crisp,-
Daviesia cunderdin,Cunderdin Daviesia,-,Endangered,-,-,-,-,-,-,-,Yes,-,-,-,-,-,-,-,-,-,64882,-,Plantae,Magnoliopsida,http://www.environment.gov.au/cgi-bin/sprat/public/publicspecies.pl?taxon_id=64882,2026-Aug-28,https://id.biodiversity.org.au/name/apni/154932,Fabaceae,Daviesia,cunderdin,-,-,Crisp  G. Chandler,-
Daviesia dielsii,Diels' Daviesia,-,Endangered,-,-,-,-,-,-,-,Yes,-,-,-,-,-,-,-,-,-,19617,-,Plantae,Magnoliopsida,http://www.environment.gov.au/cgi-bin/sprat/public/publicspecies.pl?taxon_id=19617,2026-Aug-28,https://id.biodiversity.org.au/name/apni/82549,Fabaceae,Daviesia,dielsii,-,-,E.Pritzel,-
Daviesia discolor,-,-,Vulnerable,-,-,-,Yes,-,-,-,-,-,-,-,-,-,-,-,-,-,3567,-,Plantae,Magnoliopsida,http://www.environment.gov.au/cgi-bin/sprat/public/publicspecies.pl?taxon_id=3567,2026-Aug-28,https://id.biodiversity.org.au/name/apni/82556,Fabaceae,Daviesia,discolor,-,-,Pedley,-
Daviesia elongata subsp. elongata,Long-leaved Daviesia,-,Vulnerable,-,-,-,-,-,-,-,Yes,-,-,-,-,-,-,-,-,-,64883,-,Plantae,Magnoliopsida,http://www.environment.gov.au/cgi-bin/sprat/public/publicspecies.pl?taxon_id=64883,2026-Aug-28,https://id.biodiversity.org.au/name/apni/141643,Fabaceae,Daviesia,elongata,subsp.,elongata,Benth.,-
Daviesia euphorbioides,Wongan Cactus,-,Endangered,-,-,-,-,-,-,-,Yes,-,-,-,-,-,-,-,-,-,3477,-,Plantae,Magnoliopsida,http://www.environment.gov.au/cgi-bin/sprat/public/publicspecies.pl?taxon_id=3477,2026-Aug-28,https://id.biodiversity.org.au/name/apni/82626,Fabaceae,Daviesia,euphorbioides,-,-,Benth.,-
Daviesia glossosema,Maroon-flowered Daviesia,-,Critically Endangered,-,-,-,-,-,-,-,Yes,-,-,-,-,-,-,-,-,-,65037,-,Plantae,Magnoliopsida,http://www.environment.gov.au/cgi-bin/sprat/public/publicspecies.pl?taxon_id=65037,2026-Aug-28,https://id.biodiversity.org.au/name/apni/154777,Fabaceae,Daviesia,glossosema,-,-,Crisp,-
Daviesia laevis,Grampians Bitter-pea,-,Vulnerable,-,-,-,-,-,-,Yes,-,-,-,-,-,-,-,-,-,-,55052,-,Plantae,Magnoliopsida,http://www.environment.gov.au/cgi-bin/sprat/public/publicspecies.pl?taxon_id=55052,2026-Aug-28,https://id.biodiversity.org.au/name/apni/117415,Fabaceae,Daviesia,laevis,-,-,Crisp,-
Daviesia megacalyx,Long-sepalled Daviesia,-,Endangered,-,-,-,-,-,-,-,Yes,-,-,-,-,-,-,-,-,-,56785,-,Plantae,Magnoliopsida,http://www.environment.gov.au/cgi-bin/sprat/public/publicspecies.pl?taxon_id=56785,2026-Aug-28,https://id.biodiversity.org.au/name/apni/139371,Fabaceae,Daviesia,megacalyx,-,-,Crisp,-
Daviesia microcarpa,Norseman Pea,-,Endangered,-,-,-,-,-,-,-,Yes,-,-,-,-,-,-,-,-,-,56766,-,Plantae,Magnoliopsida,http://www.environment.gov.au/cgi-bin/sprat/public/publicspecies.pl?taxon_id=56766,2026-Aug-28,https://id.biodiversity.org.au/name/apni/138899,Fabaceae,Daviesia,microcarpa,-,-,Crisp,-
Daviesia obovata,Paddle-leaf Daviesia,-,Endangered,-,-,-,-,-,-,-,Yes,-,-,-,-,-,-,-,-,-,17311,-,Plantae,Magnoliopsida,http://www.environment.gov.au/cgi-bin/sprat/public/publicspecies.pl?taxon_id=17311,2026-Aug-28,https://id.biodiversity.org.au/name/apni/83174,Fabaceae,Daviesia,obovata,-,-,Turcz.,-
Daviesia ovata,Broad-leaf Daviesia,-,Critically Endangered,-,-,-,-,-,-,-,Yes,-,-,-,-,-,-,-,-,-,21193,-,Plantae,Magnoliopsida,http://www.environment.gov.au/cgi-bin/sprat/public/publicspecies.pl?taxon_id=21193,2026-Aug-28,https://id.biodiversity.org.au/name/apni/83218,Fabaceae,Daviesia,ovata,-,-,Benth.,-
Daviesia pseudaphylla,Stirling Range Daviesia,-,Critically Endangered,-,-,-,-,-,-,-,Yes,-,-,-,-,-,-,-,-,-,56747,-,Plantae,Magnoliopsida,http://www.environment.gov.au/cgi-bin/sprat/public/publicspecies.pl?taxon_id=56747,2026-Aug-28,https://id.biodiversity.org.au/name/apni/135799,Fabaceae,Daviesia,pseudaphylla,-,-,Crisp,-
Daviesia speciosa,Beautiful Daviesia,-,Endangered,-,-,-,-,-,-,-,Yes,-,-,-,-,-,-,-,-,-,56698,-,Plantae,Magnoliopsida,http://www.environment.gov.au/cgi-bin/sprat/public/publicspecies.pl?taxon_id=56698,2026-Aug-28,https://id.biodiversity.org.au/name/apni/139377,Fabaceae,Daviesia,speciosa,-,-,Crisp,-
Decaspermum struckoilicum,Struck Oil Myrtle,-,Critically Endangered,-,-,-,Yes,-,-,-,-,-,-,-,-,-,-,-,-,-,78796,-,Plantae,Magnoliopsida,http://www.environment.gov.au/cgi-bin/sprat/public/publicspecies.pl?taxon_id=78796,2026-Aug-28,https://id.biodiversity.org.au/name/apni/180770,Myrtaceae,Decaspermum,struckoilicum,-,-,N.Snow  Guymer,-
Delma impar,"Striped Legless Lizard, Striped Snake-lizard",-,Vulnerable,Yes,Yes,-,-,Yes,-,Yes,-,-,-,-,-,-,-,-,-,-,1649,-,Animalia,Reptilia,http://www.environment.gov.au/cgi-bin/sprat/public/publicspecies.pl?taxon_id=1649,2026-Aug-28,-,Pygopodidae,Delma,impar,-,-,"(Fischer,1882)",-
Delma mitella,"Atherton Delma, Legless Lizard",-,Vulnerable,-,-,-,Yes,-,-,-,-,-,-,-,-,-,-,-,-,-,25931,-,Animalia,Reptilia,http://www.environment.gov.au/cgi-bin/sprat/public/publicspecies.pl?taxon_id=25931,2026-Aug-28,-,Pygopodidae,Delma,mitella,-,-,"Shea,1987",-
Delma torquata,"Adorned Delma, Collared Delma",-,Vulnerable,-,-,-,Yes,-,-,-,-,-,-,-,-,-,-,-,-,-,1656,-,Animalia,Reptilia,http://www.environment.gov.au/cgi-bin/sprat/public/publicspecies.pl?taxon_id=1656,2026-Aug-28,-,Pygopodidae,Delma,torquata,-,-,"Kluge,1974",-
Delma vescolineata,Hunter Valley Delma,-,Endangered,-,Yes,-,-,-,-,-,-,-,-,-,-,-,-,-,-,-,92599,-,Animalia,Reptilia,http://www.environment.gov.au/cgi-bin/sprat/public/publicspecies.pl?taxon_id=92599,2026-Aug-28,-,Pygopodidae,Delma,vescolineata,-,-,"Mahony, Cutajar  Rowley, 2022",-
Dendrobium antennatum,Antelope Orchid,-,Endangered,-,-,-,Yes,-,-,-,-,-,-,-,-,-,-,-,-,-,15240,-,Plantae,Liliopsida,http://www.environment.gov.au/cgi-bin/sprat/public/publicspecies.pl?taxon_id=15240,2026-Aug-28,https://id.biodiversity.org.au/name/apni/84876,Orchidaceae,Dendrobium,antennatum,-,-,Lindl.,-
Dendrobium bigibbum,Cooktown Orchid,-,Vulnerable,-,-,-,Yes,-,-,-,-,-,-,-,-,-,-,-,-,-,10306,-,Plantae,Liliopsida,http://www.environment.gov.au/cgi-bin/sprat/public/publicspecies.pl?taxon_id=10306,2026-Aug-28,https://id.biodiversity.org.au/name/apni/84946,Orchidaceae,Dendrobium,bigibbum,-,-,Lindl.,-
Dendrobium brachypus,Norfolk Island Orchid,-,Endangered,-,-,-,-,-,-,-,-,-,-,-,-,-,Yes,-,-,-,2592,-,Plantae,Liliopsida,http://www.environment.gov.au/cgi-bin/sprat/public/publicspecies.pl?taxon_id=2592,2026-Aug-28,https://id.biodiversity.org.au/name/apni/85184,Orchidaceae,Dendrobium,brachypus,-,-,(Endl.) Rchb.f.,-
Dendrobium johannis,Chocolate Tea Tree Orchid,-,Vulnerable,-,-,-,Yes,-,-,-,-,-,-,-,-,-,-,-,-,-,13585,-,Plantae,Liliopsida,http://www.environment.gov.au/cgi-bin/sprat/public/publicspecies.pl?taxon_id=13585,2026-Aug-28,https://id.biodiversity.org.au/name/apni/85737,Orchidaceae,Dendrobium,johannis,-,-,Rchb.f. ex Bateman,-
Dendrobium mirbelianum,"Dark-stemmed Antler Orchid, Mangrove Orchid",-,Endangered,-,-,-,Yes,-,-,-,-,-,-,-,-,-,-,-,-,-,14310,-,Plantae,Liliopsida,http://www.environment.gov.au/cgi-bin/sprat/public/publicspecies.pl?taxon_id=14310,2026-Aug-28,https://id.biodiversity.org.au/name/apni/86033,Orchidaceae,Dendrobium,mirbelianum,-,-,Gaudich.,-
Dendrobium nindii,an orchid,-,Endangered,-,-,-,Yes,-,-,-,-,-,-,-,-,-,-,-,-,-,11289,-,Plantae,Liliopsida,http://www.environment.gov.au/cgi-bin/sprat/public/publicspecies.pl?taxon_id=11289,2026-Aug-28,https://id.biodiversity.org.au/name/apni/86076,Orchidaceae,Dendrobium,nindii,-,-,W.Hill,-
Dendronephthya australis,Cauliflower Soft Coral,-,Endangered,-,Yes,-,Yes,-,-,-,-,-,-,-,-,Yes,-,-,-,-,90325,-,Animalia,Anthozoa,http://www.environment.gov.au/cgi-bin/sprat/public/publicspecies.pl?taxon_id=90325,2026-Aug-28,-,Nephtheidae,Dendronephthya,australis,-,-,"Kukenthal, 1905",-
Denhamia megacarpa,Large-fruited Denhamia,-,Endangered,-,-,-,Yes,-,-,-,-,-,-,-,-,-,-,-,-,-,91342,-,Plantae,Magnoliopsida,http://www.environment.gov.au/cgi-bin/sprat/public/publicspecies.pl?taxon_id=91342,2026-Aug-28,https://id.biodiversity.org.au/name/apni/51357463,Celastraceae,Denhamia,megacarpa,-,-,J.J.Halford  Jessup,-
Denhamia parvifolia,Small-leaved Denhamia,-,Vulnerable,-,-,-,Yes,-,-,-,-,-,-,-,-,-,-,-,-,-,18106,-,Plantae,Magnoliopsida,http://www.environment.gov.au/cgi-bin/sprat/public/publicspecies.pl?taxon_id=18106,2026-Aug-28,https://id.biodiversity.org.au/name/apni/87204,Celastraceae,Denhamia,parvifolia,-,-,L.S.Smith,-
Denisonia maculata,Ornamental Snake,-,Vulnerable,-,-,-,Yes,-,-,-,-,-,-,-,-,-,-,-,-,-,1193,-,Animalia,Reptilia,http://www.environment.gov.au/cgi-bin/sprat/public/publicspecies.pl?taxon_id=1193,2026-Aug-28,-,Elapidae,Denisonia,maculata,-,-,"(Steindachner,1867)",-
Dermochelys coriacea,"Leatherback Turtle, Leathery Turtle, Luth",-,Endangered,-,Yes,Yes,Yes,Yes,Yes,Yes,Yes,Yes,Yes,Yes,Yes,Yes,Yes,-,-,Yes,1768,-,Animalia,Reptilia,http://www.environment.gov.au/cgi-bin/sprat/public/publicspecies.pl?taxon_id=1768,2026-Aug-28,-,Dermochelyidae,Dermochelys,coriacea,-,-,"Vandelli, 1761",-
Desmodium acanthocladum,Thorny Pea,Pedleya acanthoclada,Vulnerable,-,Yes,-,-,-,-,-,-,-,-,-,-,-,-,-,-,-,17972,93275,Plantae,Magnoliopsida,http://www.environment.gov.au/cgi-bin/sprat/public/publicspecies.pl?taxon_id=17972,2026-Aug-28,https://id.biodiversity.org.au/name/apni/98279,Fabaceae,Desmodium,acanthocladum,-,-,F.Muell.,-
Deyeuxia appressa,-,-,Endangered,-,Yes,-,-,-,-,-,-,-,-,-,-,-,-,-,-,-,7438,-,Plantae,Liliopsida,http://www.environment.gov.au/cgi-bin/sprat/public/publicspecies.pl?taxon_id=7438,2026-Aug-28,https://id.biodiversity.org.au/name/apni/99353,Poaceae,Deyeuxia,appressa,-,-,Vick.,-
Deyeuxia drummondii,"Drummond's Grass, Drummond Grass",-,Endangered,-,-,-,-,-,-,-,Yes,-,-,-,-,-,-,-,-,-,20644,-,Plantae,Liliopsida,http://www.environment.gov.au/cgi-bin/sprat/public/publicspecies.pl?taxon_id=20644,2026-Aug-28,https://id.biodiversity.org.au/name/apni/99501,Poaceae,Deyeuxia,drummondii,-,-,(Steudel) Vick.,-
Deyeuxia lawrencei,-,-,Extinct,-,-,-,-,-,Yes,-,-,-,-,-,-,-,-,-,-,-,12432,-,Plantae,Liliopsida,http://www.environment.gov.au/cgi-bin/sprat/public/publicspecies.pl?taxon_id=12432,2026-Aug-28,https://id.biodiversity.org.au/name/apni/99618,Poaceae,Deyeuxia,lawrencei,-,-,Vick.,-
Deyeuxia pungens,Narrow-leaf Bent-grass,-,Vulnerable,-,-,-,-,-,-,Yes,-,-,-,-,-,-,-,-,-,-,24421,-,Plantae,Liliopsida,http://www.environment.gov.au/cgi-bin/sprat/public/publicspecies.pl?taxon_id=24421,2026-Aug-28,https://id.biodiversity.org.au/name/apni/117811,Poaceae,Deyeuxia,pungens,-,-,N.G.Walsh,-
Deyeuxia ramosa,Climbing Bent-grass,-,Critically Endangered,-,-,-,-,-,-,Yes,-,-,-,-,-,-,-,-,-,-,87970,-,Plantae,Liliopsida,http://www.environment.gov.au/cgi-bin/sprat/public/publicspecies.pl?taxon_id=87970,2026-Aug-28,https://id.biodiversity.org.au/name/apni/220513,Poaceae,Deyeuxia,ramosa,-,-,C.M.Weiller  N.G.Walsh,-
Deyeuxia talariata,Skirted Bent-grass,-,Endangered,-,Yes,-,-,-,-,Yes,-,-,-,-,-,-,-,-,-,-,55375,-,Plantae,Liliopsida,http://www.environment.gov.au/cgi-bin/sprat/public/publicspecies.pl?taxon_id=55375,2026-Aug-28,https://id.biodiversity.org.au/name/apni/117792,Poaceae,Deyeuxia,talariata,-,-,N.G.Walsh,-
Dianella amoena,Matted Flax-lily,-,Endangered,-,-,-,-,-,Yes,Yes,-,-,-,-,-,-,-,-,-,-,64886,-,Plantae,Liliopsida,http://www.environment.gov.au/cgi-bin/sprat/public/publicspecies.pl?taxon_id=64886,2026-Aug-28,https://id.biodiversity.org.au/name/apni/166245,Hemerocallidaceae,Dianella,amoena,-,-,G.W.Carr  P.F.Horsfall,-
Dichanthium queenslandicum,King Blue-grass,-,Endangered,-,-,-,Yes,-,-,-,-,-,-,-,-,-,-,-,-,-,5481,-,Plantae,Liliopsida,http://www.environment.gov.au/cgi-bin/sprat/public/publicspecies.pl?taxon_id=5481,2026-Aug-28,https://id.biodiversity.org.au/name/apni/101412,Poaceae,Dichanthium,queenslandicum,-,-,B.Simon,-
Dichanthium setosum,bluegrass,-,Vulnerable,-,Yes,-,Yes,-,-,-,-,-,-,-,-,-,-,-,-,-,14159,-,Plantae,Liliopsida,http://www.environment.gov.au/cgi-bin/sprat/public/publicspecies.pl?taxon_id=14159,2026-Aug-28,https://id.biodiversity.org.au/name/apni/101478,Poaceae,Dichanthium,setosum,-,-,S.T.Blake,-
Didymoglossum exiguum,-,-,Extinct,-,-,-,Yes,-,-,-,-,-,-,-,-,-,-,-,-,-,24118,-,Plantae,Polypodiatae,http://www.environment.gov.au/cgi-bin/sprat/public/publicspecies.pl?taxon_id=24118,2026-Aug-28,https://id.biodiversity.org.au/name/apni/104048,Hymenophyllaceae,Didymoglossum,exiguum,-,-,(Bedd.) Copel.,-
Dillwynia rupestris,-,-,Endangered,-,Yes,-,-,-,-,-,-,-,-,-,-,-,-,-,-,-,91153,-,Plantae,Magnoliopsida,http://www.environment.gov.au/cgi-bin/sprat/public/publicspecies.pl?taxon_id=91153,2026-Aug-28,https://id.biodiversity.org.au/name/apni/171464,Fabaceae,Dillwynia,rupestris,-,-,Jobson  P.H.Weston,-
Diomedea amsterdamensis,Amsterdam Albatross,-,Endangered,-,-,-,-,-,-,-,Yes,-,-,-,-,-,-,-,-,Yes,64405,-,Animalia,Aves,http://www.environment.gov.au/cgi-bin/sprat/public/publicspecies.pl?taxon_id=64405,2026-Aug-28,-,Diomedeidae,Diomedea,amsterdamensis,-,-,"Roux, Jouventin, Mougin, Stahl  Weimerskirch, 1983",-
Diomedea antipodensis,Antipodean Albatross,-,Vulnerable,-,Yes,-,Yes,Yes,Yes,Yes,Yes,-,-,-,-,Yes,Yes,-,-,Yes,64458,-,Animalia,Aves,http://www.environment.gov.au/cgi-bin/sprat/public/publicspecies.pl?taxon_id=64458,2026-Aug-28,-,Diomedeidae,Diomedea,antipodensis,-,-,"Robertson  Warham, 1992",-
Diomedea antipodensis gibsoni,Gibson's Albatross,-,Vulnerable,-,Yes,-,Yes,-,Yes,Yes,-,-,-,-,-,Yes,Yes,-,-,Yes,82270,-,Animalia,Aves,http://www.environment.gov.au/cgi-bin/sprat/public/publicspecies.pl?taxon_id=82270,2026-Aug-28,-,Diomedeidae,Diomedea,antipodensis,-,gibsoni,-,"Robertson  Warham, 1992"
Diomedea dabbenena,Tristan Albatross,-,Endangered,-,-,-,-,Yes,-,-,Yes,-,-,-,-,-,-,-,-,Yes,66471,-,Animalia,Aves,http://www.environment.gov.au/cgi-bin/sprat/public/publicspecies.pl?taxon_id=66471,2026-Aug-28,-,Diomedeidae,Diomedea,dabbenena,-,-,"Matthews, 1929",-
Diomedea epomophora,Southern Royal Albatross,-,Vulnerable,-,Yes,-,Yes,Yes,Yes,Yes,Yes,-,-,-,-,Yes,Yes,Yes,Yes,Yes,89221,-,Animalia,Aves,http://www.environment.gov.au/cgi-bin/sprat/public/publicspecies.pl?taxon_id=89221,2026-Aug-28,-,Diomedeidae,Diomedea,epomophora,-,-,"Lesson, 1825",-
Diomedea exulans,Wandering Albatross,-,Vulnerable,-,Yes,-,Yes,Yes,Yes,Yes,Yes,-,-,-,-,Yes,Yes,Yes,Yes,Yes,89223,-,Animalia,Aves,http://www.environment.gov.au/cgi-bin/sprat/public/publicspecies.pl?taxon_id=89223,2026-Aug-28,-,Diomedeidae,Diomedea,exulans,-,-,"Linnaeus,1758",-
Diomedea sanfordi,Northern Royal Albatross,-,Endangered,-,Yes,-,Yes,Yes,Yes,Yes,Yes,-,-,-,-,Yes,-,Yes,-,Yes,64456,-,Animalia,Aves,http://www.environment.gov.au/cgi-bin/sprat/public/publicspecies.pl?taxon_id=64456,2026-Aug-28,-,Diomedeidae,Diomedea,sanfordi,-,-,"Murphy, 1917",-
Diospyros mabacea,"Red-fruited Ebony, Silky Persimmon, Ebony",-,Endangered,-,Yes,-,-,-,-,-,-,-,-,-,-,-,-,-,-,-,18548,-,Plantae,Magnoliopsida,http://www.environment.gov.au/cgi-bin/sprat/public/publicspecies.pl?taxon_id=18548,2026-Aug-28,https://id.biodiversity.org.au/name/apni/67023,Ebenaceae,Diospyros,mabacea,-,-,(F.Muell.) F.Muell.,-
Diplazium cordifolium,-,-,Vulnerable,-,-,-,Yes,-,-,-,-,-,-,-,-,-,-,-,-,-,15585,-,Plantae,Polypodiatae,http://www.environment.gov.au/cgi-bin/sprat/public/publicspecies.pl?taxon_id=15585,2026-Aug-28,https://id.biodiversity.org.au/name/apni/77418,Athyriaceae,Diplazium,cordifolium,-,-,Blume,-
Diplazium pallidum,-,-,Endangered,-,-,-,Yes,-,-,-,-,-,-,-,-,-,-,-,-,-,12764,-,Plantae,Polypodiatae,http://www.environment.gov.au/cgi-bin/sprat/public/publicspecies.pl?taxon_id=12764,2026-Aug-28,https://id.biodiversity.org.au/name/apni/77512,Athyriaceae,Diplazium,pallidum,-,-,(Blume) T.Moore,-
Diploglottis campbellii,Small-leaved Tamarind,-,Endangered,-,Yes,-,Yes,-,-,-,-,-,-,-,-,-,-,-,-,-,21484,-,Plantae,Magnoliopsida,http://www.environment.gov.au/cgi-bin/sprat/public/publicspecies.pl?taxon_id=21484,2026-Aug-28,https://id.biodiversity.org.au/name/apni/78012,Sapindaceae,Diploglottis,campbellii,-,-,Cheel,-
Diplolaena andrewsii,-,-,Endangered,-,-,-,-,-,-,-,Yes,-,-,-,-,-,-,-,-,-,6601,-,Plantae,Magnoliopsida,http://www.environment.gov.au/cgi-bin/sprat/public/publicspecies.pl?taxon_id=6601,2026-Aug-28,https://id.biodiversity.org.au/name/apni/78241,Rutaceae,Diplolaena,andrewsii,-,-,Ostenf.,-
Dipodium campanulatum,Bell Flower Hyacinth Orchid,-,Endangered,-,-,-,-,Yes,-,Yes,-,-,-,-,-,-,-,-,-,-,55051,-,Plantae,Liliopsida,http://www.environment.gov.au/cgi-bin/sprat/public/publicspecies.pl?taxon_id=55051,2026-Aug-28,https://id.biodiversity.org.au/name/apni/117414,Orchidaceae,Dipodium,campanulatum,-,-,D.L.Jones,-
Dipodium pictum,-,-,Endangered,-,-,-,Yes,-,-,-,-,-,-,-,-,-,-,-,-,-,2723,-,Plantae,Liliopsida,http://www.environment.gov.au/cgi-bin/sprat/public/publicspecies.pl?taxon_id=2723,2026-Aug-28,https://id.biodiversity.org.au/name/apni/79490,Orchidaceae,Dipodium,pictum,-,-,(Lindley) H.G.Reichb.,-
Dischidia litoralis,-,-,Vulnerable,-,-,-,Yes,-,-,-,-,-,-,-,-,-,-,-,-,-,82026,-,Plantae,Magnoliopsida,http://www.environment.gov.au/cgi-bin/sprat/public/publicspecies.pl?taxon_id=82026,2026-Aug-28,https://id.biodiversity.org.au/name/apni/151968,Asclepiadaceae,Dischidia,litoralis,-,-,Schltr.,-
Diuris aequalis,Buttercup Doubletail,-,Endangered,-,Yes,-,-,-,-,-,-,-,-,-,-,-,-,-,-,-,21588,-,Plantae,Liliopsida,http://www.environment.gov.au/cgi-bin/sprat/public/publicspecies.pl?taxon_id=21588,2026-Aug-28,https://id.biodiversity.org.au/name/apni/78709,Orchidaceae,Diuris,aequalis,-,-,F. Muell. ex Fitzg.,-
Diuris basaltica,"Small Golden Moths Orchid, Early Golden Moths",-,Endangered,-,-,-,-,-,-,Yes,-,-,-,-,-,-,-,-,-,-,64654,-,Plantae,Liliopsida,http://www.environment.gov.au/cgi-bin/sprat/public/publicspecies.pl?taxon_id=64654,2026-Aug-28,https://id.biodiversity.org.au/name/apni/206475,Orchidaceae,Diuris,basaltica,-,-,D.L.Jones,-
Diuris bracteata,-,-,Extinct,-,Yes,-,-,-,-,-,-,-,-,-,-,-,-,-,-,-,20090,-,Plantae,Liliopsida,http://www.environment.gov.au/cgi-bin/sprat/public/publicspecies.pl?taxon_id=20090,2026-Aug-28,https://id.biodiversity.org.au/name/apni/78804,Orchidaceae,Diuris,bracteata,-,-,Fitzg.,-
Diuris drummondii,Tall Donkey Orchid,-,Vulnerable,-,-,-,-,-,-,-,Yes,-,-,-,-,-,-,-,-,-,4365,-,Plantae,Liliopsida,http://www.environment.gov.au/cgi-bin/sprat/public/publicspecies.pl?taxon_id=4365,2026-Aug-28,https://id.biodiversity.org.au/name/apni/79071,Orchidaceae,Diuris,drummondii,-,-,Lindley,-
Diuris eborensis,-,-,Endangered,-,Yes,-,-,-,-,-,-,-,-,-,-,-,-,-,-,-,88275,-,Plantae,Liliopsida,http://www.environment.gov.au/cgi-bin/sprat/public/publicspecies.pl?taxon_id=88275,2026-Aug-28,https://id.biodiversity.org.au/name/apni/200283,Orchidaceae,Diuris,eborensis,-,-,D.L.Jones,-
Diuris flavescens,"Pale Yellow Doubletail, Wingham Doubletail",-,Critically Endangered,-,Yes,-,-,-,-,-,-,-,-,-,-,-,-,-,-,-,55075,-,Plantae,Liliopsida,http://www.environment.gov.au/cgi-bin/sprat/public/publicspecies.pl?taxon_id=55075,2026-Aug-28,https://id.biodiversity.org.au/name/apni/117438,Orchidaceae,Diuris,flavescens,-,-,D.L.Jones,-
Diuris fragrantissima,"Sunshine Diuris, Fragrant Doubletail, White Diuris",-,Endangered,-,-,-,-,-,-,Yes,-,-,-,-,-,-,-,-,-,-,21243,-,Plantae,Liliopsida,http://www.environment.gov.au/cgi-bin/sprat/public/publicspecies.pl?taxon_id=21243,2026-Aug-28,https://id.biodiversity.org.au/name/apni/79212,Orchidaceae,Diuris,fragrantissima,-,-,D.L.Jones  M.A.Clem.,-
Diuris lanceolata,Snake Orchid,-,Endangered,-,-,-,-,-,Yes,-,-,-,-,-,-,-,-,-,-,-,10231,-,Plantae,Liliopsida,http://www.environment.gov.au/cgi-bin/sprat/public/publicspecies.pl?taxon_id=10231,2026-Aug-28,https://id.biodiversity.org.au/name/apni/79257,Orchidaceae,Diuris,lanceolata,-,-,Lindley,-
Diuris micrantha,Dwarf Bee-orchid,-,Vulnerable,-,-,-,-,-,-,-,Yes,-,-,-,-,-,-,-,-,-,55082,-,Plantae,Liliopsida,http://www.environment.gov.au/cgi-bin/sprat/public/publicspecies.pl?taxon_id=55082,2026-Aug-28,https://id.biodiversity.org.au/name/apni/117445,Orchidaceae,Diuris,micrantha,-,-,D.L.Jones,-
Diuris ochroma,Pale Golden Moths,-,Vulnerable,-,Yes,-,-,-,-,Yes,-,-,-,-,-,-,-,-,-,-,64565,-,Plantae,Liliopsida,http://www.environment.gov.au/cgi-bin/sprat/public/publicspecies.pl?taxon_id=64565,2026-Aug-28,https://id.biodiversity.org.au/name/apni/137880,Orchidaceae,Diuris,ochroma,-,-,D.L.Jones,-
Diuris pedunculata,"Small Snake Orchid, Two-leaved Golden Moths, Golden Moths, Cowslip Orchid, Snake Orchid",-,Endangered,-,Yes,-,-,-,-,-,-,-,-,-,-,-,-,-,-,-,18325,-,Plantae,Liliopsida,http://www.environment.gov.au/cgi-bin/sprat/public/publicspecies.pl?taxon_id=18325,2026-Aug-28,https://id.biodiversity.org.au/name/apni/95963,Orchidaceae,Diuris,pedunculata,-,-,R.Br.,-
Diuris praecox,Newcastle Doubletail,-,Vulnerable,-,Yes,-,-,-,-,-,-,-,-,-,-,-,-,-,-,-,55086,-,Plantae,Liliopsida,http://www.environment.gov.au/cgi-bin/sprat/public/publicspecies.pl?taxon_id=55086,2026-Aug-28,https://id.biodiversity.org.au/name/apni/117449,Orchidaceae,Diuris,praecox,-,-,D.L.Jones,-
Diuris purdiei,Purdie's Donkey-orchid,-,Endangered,-,-,-,-,-,-,-,Yes,-,-,-,-,-,-,-,-,-,12950,-,Plantae,Liliopsida,http://www.environment.gov.au/cgi-bin/sprat/public/publicspecies.pl?taxon_id=12950,2026-Aug-28,https://id.biodiversity.org.au/name/apni/96514,Orchidaceae,Diuris,purdiei,-,-,Diels,-
Diuris venosa,"Veined Doubletail, Goat Orchid, Veined Donkey-orchid",-,Vulnerable,-,Yes,-,-,-,-,-,-,-,-,-,-,-,-,-,-,-,6425,-,Plantae,Liliopsida,http://www.environment.gov.au/cgi-bin/sprat/public/publicspecies.pl?taxon_id=6425,2026-Aug-28,https://id.biodiversity.org.au/name/apni/96950,Orchidaceae,Diuris,venosa,-,-,Rupp,-
Dodonaea procumbens,Trailing Hop-bush,-,Vulnerable,Yes,Yes,-,-,Yes,-,Yes,-,-,-,-,-,-,-,-,-,-,12149,-,Plantae,Magnoliopsida,http://www.environment.gov.au/cgi-bin/sprat/public/publicspecies.pl?taxon_id=12149,2026-Aug-28,https://id.biodiversity.org.au/name/apni/72333,Sapindaceae,Dodonaea,procumbens,-,-,F.Muell.,-
Dodonaea rupicola,Velvet Hopbush,-,Vulnerable,-,-,-,Yes,-,-,-,-,-,-,-,-,-,-,-,-,-,15140,-,Plantae,Magnoliopsida,http://www.environment.gov.au/cgi-bin/sprat/public/publicspecies.pl?taxon_id=15140,2026-Aug-28,https://id.biodiversity.org.au/name/apni/72433,Sapindaceae,Dodonaea,rupicola,-,-,C.T.White,-
Dodonaea subglandulifera,Peep Hill Hop-bush,-,Endangered,-,-,-,-,Yes,-,-,-,-,-,-,-,-,-,-,-,-,11956,-,Plantae,Magnoliopsida,http://www.environment.gov.au/cgi-bin/sprat/public/publicspecies.pl?taxon_id=11956,2026-Aug-28,https://id.biodiversity.org.au/name/apni/72554,Sapindaceae,Dodonaea,subglandulifera,-,-,J.G.West,-
Drakaea concolor,Kneeling Hammer-orchid,-,Vulnerable,-,-,-,-,-,-,-,Yes,-,-,-,-,-,-,-,-,-,56777,-,Plantae,Liliopsida,http://www.environment.gov.au/cgi-bin/sprat/public/publicspecies.pl?taxon_id=56777,2026-Aug-28,https://id.biodiversity.org.au/name/apni/219741,Orchidaceae,Drakaea,concolor,-,-,Hopper  A.P.Br..,-
Drakaea confluens,Late Hammer-orchid,-,Endangered,-,-,-,-,-,-,-,Yes,-,-,-,-,-,-,-,-,-,56778,-,Plantae,Liliopsida,http://www.environment.gov.au/cgi-bin/sprat/public/publicspecies.pl?taxon_id=56778,2026-Aug-28,https://id.biodiversity.org.au/name/apni/219742,Orchidaceae,Drakaea,confluens,-,-,Hopper  A.P.Br.,-
Drakaea elastica,"Glossy-leafed Hammer Orchid, Glossy-leaved Hammer Orchid,  Warty Hammer Orchid",-,Endangered,-,-,-,-,-,-,-,Yes,-,-,-,-,-,-,-,-,-,16753,-,Plantae,Liliopsida,http://www.environment.gov.au/cgi-bin/sprat/public/publicspecies.pl?taxon_id=16753,2026-Aug-28,https://id.biodiversity.org.au/name/apni/83694,Orchidaceae,Drakaea,elastica,-,-,Lindl.,-
Drakaea isolata,Lonely Hammer-orchid,-,Endangered,-,-,-,-,-,-,-,Yes,-,-,-,-,-,-,-,-,-,64669,-,Plantae,Liliopsida,http://www.environment.gov.au/cgi-bin/sprat/public/publicspecies.pl?taxon_id=64669,2026-Aug-28,https://id.biodiversity.org.au/name/apni/219744,Orchidaceae,Drakaea,isolata,-,-,Hopper  A.P.Br.,-
Drakaea micrantha,Dwarf Hammer-orchid,-,Vulnerable,-,-,-,-,-,-,-,Yes,-,-,-,-,-,-,-,-,-,56755,-,Plantae,Liliopsida,http://www.environment.gov.au/cgi-bin/sprat/public/publicspecies.pl?taxon_id=56755,2026-Aug-28,https://id.biodiversity.org.au/name/apni/219745,Orchidaceae,Drakaea,micrantha,-,-,Hopper  A.P.Br.,-
Dromaius ater,King Island Emu,Dromaius novaehollandiae minor,Extinct,-,-,-,-,-,Yes,-,-,-,-,-,-,-,-,-,-,-,66724,93588,Animalia,Aves,http://www.environment.gov.au/cgi-bin/sprat/public/publicspecies.pl?taxon_id=66724,2026-Aug-28,-,Dromaiidae,Dromaius,ater,-,-,"(Vieilot, 1817)",-
Dromaius baudinianus,Kangaroo Island Emu,Dromaius novaehollandiae baudinianus,Extinct,-,-,-,-,Yes,-,-,-,-,-,-,-,-,-,-,-,-,26183,91194,Animalia,Aves,http://www.environment.gov.au/cgi-bin/sprat/public/publicspecies.pl?taxon_id=26183,2026-Aug-28,-,Dromaiidae,Dromaius,baudinianus,-,-,"Parker, 1984",-
Dromaius novaehollandiae diemenensis,"Tasmanian Emu, Emu (Tasmanian)",-,Extinct,-,-,-,-,-,Yes,-,-,-,-,-,-,-,-,-,-,-,64437,-,Animalia,Aves,http://www.environment.gov.au/cgi-bin/sprat/public/publicspecies.pl?taxon_id=64437,2026-Aug-28,-,Casuariidae,Dromaius,novaehollandiae,-,diemenensis,-,"Le Souef, 1907"
Drosera oreopodion,-,-,Critically Endangered,-,-,-,-,-,-,-,Yes,-,-,-,-,-,-,-,-,-,55320,-,Plantae,Magnoliopsida,http://www.environment.gov.au/cgi-bin/sprat/public/publicspecies.pl?taxon_id=55320,2026-Aug-28,https://id.biodiversity.org.au/name/apni/117728,Droseraceae,Drosera,oreopodion,-,-,N.Marchant  Lowrie,-
Drosera prolifera,Trailing Sundew,-,Vulnerable,-,-,-,Yes,-,-,-,-,-,-,-,-,-,-,-,-,-,9940,-,Plantae,Magnoliopsida,http://www.environment.gov.au/cgi-bin/sprat/public/publicspecies.pl?taxon_id=9940,2026-Aug-28,https://id.biodiversity.org.au/name/apni/55296,Droseraceae,Drosera,prolifera,-,-,C.White,-
Drosera schizandra,-,-,Vulnerable,-,-,-,Yes,-,-,-,-,-,-,-,-,-,-,-,-,-,17085,-,Plantae,Magnoliopsida,http://www.environment.gov.au/cgi-bin/sprat/public/publicspecies.pl?taxon_id=17085,2026-Aug-28,https://id.biodiversity.org.au/name/apni/55441,Droseraceae,Drosera,schizandra,-,-,Diels,-
Drummondita ericoides,Morseby Range Drummondita,-,Endangered,-,-,-,-,-,-,-,Yes,-,-,-,-,-,-,-,-,-,9193,-,Plantae,Magnoliopsida,http://www.environment.gov.au/cgi-bin/sprat/public/publicspecies.pl?taxon_id=9193,2026-Aug-28,https://id.biodiversity.org.au/name/apni/55974,Rutaceae,Drummondita,ericoides,-,-,Harv.,-
Drummondita longifolia,Peak Charles Drummondita,-,Vulnerable,-,-,-,-,-,-,-,Yes,-,-,-,-,-,-,-,-,-,64888,-,Plantae,Magnoliopsida,http://www.environment.gov.au/cgi-bin/sprat/public/publicspecies.pl?taxon_id=64888,2026-Aug-28,https://id.biodiversity.org.au/name/apni/164728,Rutaceae,Drummondita,longifolia,-,-,(P.G.Wilson) P.G.Wilson,-
Dryococelus australis,"Lord Howe Island Phasmid, Land Lobster",-,Critically Endangered,-,Yes,-,-,-,-,-,-,-,-,-,-,-,-,-,-,-,66752,-,Animalia,Insecta,http://www.environment.gov.au/cgi-bin/sprat/public/publicspecies.pl?taxon_id=66752,2026-Aug-28,-,Phasmatidae,Dryococelus,australis,-,-,"Montrouzier, 1855",-
Duma horrida subsp. abdita,Remote Thorny Lignum,-,Critically Endangered,-,-,-,-,-,-,-,Yes,-,-,-,-,-,-,-,-,-,87538,-,Plantae,Magnoliopsida,http://www.environment.gov.au/cgi-bin/sprat/public/publicspecies.pl?taxon_id=87538,2026-Aug-28,https://id.biodiversity.org.au/name/apni/235406,Polygonaceae,Duma,horrida,subsp.,abdita,-,(K.L.Wilson) T.M.Schust.
Dysoxylum bijugum,"Sharkwood, a tree",-,Vulnerable,-,-,-,-,-,-,-,-,-,-,-,-,-,Yes,-,-,-,65892,-,Plantae,Magnoliopsida,http://www.environment.gov.au/cgi-bin/sprat/public/publicspecies.pl?taxon_id=65892,2026-Aug-28,https://id.biodiversity.org.au/name/apni/123541,Meliaceae,Dysoxylum,bijugum,-,-,(Labill.) Seem.,-
Egernia roomi,"Kaputar Rock Skink, Mt Kaputar Rock Skink",-,Critically Endangered,-,Yes,-,-,-,-,-,-,-,-,-,-,-,-,-,-,-,90714,-,Animalia,Reptilia,http://www.environment.gov.au/cgi-bin/sprat/public/publicspecies.pl?taxon_id=90714,2026-Aug-28,-,Scincidae,Egernia,roomi,-,-,"(Wells  Wellington, 1985)",-
Egernia rugosa,Yakka Skink,-,Vulnerable,-,-,-,Yes,-,-,-,-,-,-,-,-,-,-,-,-,-,1420,-,Animalia,Reptilia,http://www.environment.gov.au/cgi-bin/sprat/public/publicspecies.pl?taxon_id=1420,2026-Aug-28,-,Scincidae,Egernia,rugosa,-,-,"De Vis,1888",-
Egernia stokesii badia,"Western Spiny-tailed Skink, Baudin Island Spiny-tailed Skink",-,Endangered,-,-,-,-,-,-,-,Yes,-,-,-,-,-,-,-,-,-,64483,-,Animalia,Reptilia,http://www.environment.gov.au/cgi-bin/sprat/public/publicspecies.pl?taxon_id=64483,2026-Aug-28,-,Scincidae,Egernia,stokesii,-,badia,-,"Storr, 1978"
Eidothea hardeniana,Nightcap Oak,-,Critically Endangered,-,Yes,-,-,-,-,-,-,-,-,-,-,-,-,-,-,-,76351,-,Plantae,Magnoliopsida,http://www.environment.gov.au/cgi-bin/sprat/public/publicspecies.pl?taxon_id=76351,2026-Aug-28,https://id.biodiversity.org.au/name/apni/178801,Proteaceae,Eidothea,hardeniana,-,-,P.H.Weston  Kooyman,-
Elaeocarpus miegei,-,-,Endangered,-,-,Yes,-,-,-,-,-,-,-,-,-,-,-,-,-,-,65147,-,Plantae,Magnoliopsida,http://www.environment.gov.au/cgi-bin/sprat/public/publicspecies.pl?taxon_id=65147,2026-Aug-28,https://id.biodiversity.org.au/name/apni/229216,Elaeocarpaceae,Elaeocarpus,miegei,-,-,Weibel.,-
Elaeocarpus sedentarius,Minyon Quandong,-,Endangered,-,Yes,-,-,-,-,-,-,-,-,-,-,-,-,-,-,-,83093,-,Plantae,Magnoliopsida,http://www.environment.gov.au/cgi-bin/sprat/public/publicspecies.pl?taxon_id=83093,2026-Aug-28,https://id.biodiversity.org.au/name/apni/214396,Elaeocarpaceae,Elaeocarpus,sedentarius,-,-,Maynard  Crayn,-
Elaeocarpus williamsianus,Hairy Quandong,-,Endangered,-,Yes,-,-,-,-,-,-,-,-,-,-,-,-,-,-,-,8956,-,Plantae,Magnoliopsida,http://www.environment.gov.au/cgi-bin/sprat/public/publicspecies.pl?taxon_id=8956,2026-Aug-28,https://id.biodiversity.org.au/name/apni/69612,Elaeocarpaceae,Elaeocarpus,williamsianus,-,-,Guymer,-
Elatostema montanum,Mountain Procris,-,Critically Endangered,-,-,-,-,-,-,-,-,-,-,-,-,-,Yes,-,-,-,33862,-,Plantae,Magnoliopsida,http://www.environment.gov.au/cgi-bin/sprat/public/publicspecies.pl?taxon_id=33862,2026-Aug-28,https://id.biodiversity.org.au/name/apni/70059,Urticaceae,Elatostema,montanum,-,-,S.L.Endlicher,-
Eleocharis keigheryi,Keighery's Eleocharis,-,Vulnerable,-,-,-,-,-,-,-,Yes,-,-,-,-,-,-,-,-,-,64893,-,Plantae,Liliopsida,http://www.environment.gov.au/cgi-bin/sprat/public/publicspecies.pl?taxon_id=64893,2026-Aug-28,https://id.biodiversity.org.au/name/apni/170725,Cyperaceae,Eleocharis,keigheryi,-,-,K.L.Wilson,-
Eleocharis obicis,a spike rush,-,Vulnerable,-,Yes,-,-,-,-,Yes,-,-,-,-,-,-,-,-,-,-,15320,-,Plantae,Liliopsida,http://www.environment.gov.au/cgi-bin/sprat/public/publicspecies.pl?taxon_id=15320,2026-Aug-28,https://id.biodiversity.org.au/name/apni/67061,Cyperaceae,Eleocharis,obicis,-,-,L.Johnson  O.Evans,-
Eleocharis papillosa,Dwarf Desert Spike-rush,-,Vulnerable,-,-,Yes,-,Yes,-,-,Yes,-,-,-,-,-,-,-,-,-,2519,-,Plantae,Liliopsida,http://www.environment.gov.au/cgi-bin/sprat/public/publicspecies.pl?taxon_id=2519,2026-Aug-28,https://id.biodiversity.org.au/name/apni/67207,Cyperaceae,Eleocharis,papillosa,-,-,Latz,-
Eleocharis retroflexa,a sedge,-,Vulnerable,-,-,Yes,Yes,-,-,-,-,-,-,-,-,-,-,-,-,-,23672,-,Plantae,Liliopsida,http://www.environment.gov.au/cgi-bin/sprat/public/publicspecies.pl?taxon_id=23672,2026-Aug-28,https://id.biodiversity.org.au/name/apni/67334,Cyperaceae,Eleocharis,retroflexa,-,-,(Poiret) Urban,-
Elseya albagula,"Southern Snapping Turtle, White-throated Snapping Turtle",-,Critically Endangered,-,-,-,Yes,-,-,-,-,-,-,-,-,-,-,-,-,-,81648,-,Animalia,Reptilia,http://www.environment.gov.au/cgi-bin/sprat/public/publicspecies.pl?taxon_id=81648,2026-Aug-28,-,Chelidae,Elseya,albagula,-,-,"Thomson, Georges  Limpus, 2006",-
Elseya irwini,"Irwin's Turtle, White-headed Snapping Turtle",-,Vulnerable,-,-,-,Yes,-,-,-,-,-,-,-,-,-,-,-,-,-,78961,-,Animalia,Reptilia,http://www.environment.gov.au/cgi-bin/sprat/public/publicspecies.pl?taxon_id=78961,2026-Aug-28,-,Chelidae,Elseya,irwini,-,-,"Cann, 1997",-
Elseya lavarackorum,Gulf Snapping Turtle,-,Endangered,-,-,Yes,Yes,-,-,-,-,-,-,-,-,-,-,-,-,-,67197,-,Animalia,Reptilia,http://www.environment.gov.au/cgi-bin/sprat/public/publicspecies.pl?taxon_id=67197,2026-Aug-28,-,Chelidae,Elseya,lavarackorum,-,-,"(Archer  White, 1994)",-
Elusor macrurus,"Mary River Turtle, Mary River Tortoise",-,Critically Endangered,-,-,-,Yes,-,-,-,-,-,-,-,-,-,-,-,-,-,64389,-,Animalia,Reptilia,http://www.environment.gov.au/cgi-bin/sprat/public/publicspecies.pl?taxon_id=64389,2026-Aug-28,-,Chelidae,Elusor,macrurus,-,-,"Cann and Legler, 1994",-
Emoia nativitatis,"Christmas Island Forest Skink, Christmas Island Whiptail-skink",-,Extinct,-,-,-,-,-,-,-,-,-,-,Yes,-,-,-,-,-,-,1400,-,Animalia,Reptilia,http://www.environment.gov.au/cgi-bin/sprat/public/publicspecies.pl?taxon_id=1400,2026-Aug-28,-,Scincidae,Emoia,nativitatis,-,-,"(Boulenger,1887)",-
Emydura subglobosa subglobosa,"Jardine River Turtle, Red-flushed River Turtle",-,Critically Endangered,-,-,-,Yes,-,-,-,-,-,-,-,-,-,-,-,-,-,84783,-,Animalia,Reptilia,http://www.environment.gov.au/cgi-bin/sprat/public/publicspecies.pl?taxon_id=84783,2026-Aug-28,-,Chelidae,Emydura,subglobosa,-,subglobosa,"(Krefft,1876)",-
Endiandra cooperana,-,-,Endangered,-,-,-,Yes,-,-,-,-,-,-,-,-,-,-,-,-,-,52889,-,Plantae,Magnoliopsida,http://www.environment.gov.au/cgi-bin/sprat/public/publicspecies.pl?taxon_id=52889,2026-Aug-28,https://id.biodiversity.org.au/name/apni/111618,Lauraceae,Endiandra,cooperana,-,-,B.Hyland,-
Endiandra floydii,"Floyd's Walnut, Crystal Creek Walnut",-,Endangered,-,Yes,-,Yes,-,-,-,-,-,-,-,-,-,-,-,-,-,52955,-,Plantae,Magnoliopsida,http://www.environment.gov.au/cgi-bin/sprat/public/publicspecies.pl?taxon_id=52955,2026-Aug-28,https://id.biodiversity.org.au/name/apni/111743,Lauraceae,Endiandra,floydii,-,-,B.Hyland,-
Endiandra hayesii,"Rusty Rose Walnut, Velvet Laurel",-,Vulnerable,-,Yes,-,Yes,-,-,-,-,-,-,-,-,-,-,-,-,-,13866,-,Plantae,Magnoliopsida,http://www.environment.gov.au/cgi-bin/sprat/public/publicspecies.pl?taxon_id=13866,2026-Aug-28,https://id.biodiversity.org.au/name/apni/111806,Lauraceae,Endiandra,hayesii,-,-,Kosterm.,-
Engaeus granulatus,Central North Burrowing Crayfish,-,Endangered,-,-,-,-,-,Yes,-,-,-,-,-,-,-,-,-,-,-,78959,-,Animalia,Malacostraca,http://www.environment.gov.au/cgi-bin/sprat/public/publicspecies.pl?taxon_id=78959,2026-Aug-28,-,Parastacidae,Engaeus,granulatus,-,-,"Horwitz, 1990",-
Engaeus martigener,Furneaux Burrowing Crayfish,-,Endangered,-,-,-,-,-,Yes,-,-,-,-,-,-,-,-,-,-,-,67220,-,Animalia,Malacostraca,http://www.environment.gov.au/cgi-bin/sprat/public/publicspecies.pl?taxon_id=67220,2026-Aug-28,-,Parastacidae,Engaeus,martigener,-,-,"Horwitz, 1990",-
Engaeus orramakunna,Mount Arthur Burrowing Crayfish,-,Vulnerable,-,-,-,-,-,Yes,-,-,-,-,-,-,-,-,-,-,-,66778,-,Animalia,Malacostraca,http://www.environment.gov.au/cgi-bin/sprat/public/publicspecies.pl?taxon_id=66778,2026-Aug-28,-,Parastacidae,Engaeus,orramakunna,-,-,"Horwitz, 1990",-
Engaeus spinicaudatus,Scottsdale Burrowing Crayfish,-,Endangered,-,-,-,-,-,Yes,-,-,-,-,-,-,-,-,-,-,-,66780,-,Animalia,Malacostraca,http://www.environment.gov.au/cgi-bin/sprat/public/publicspecies.pl?taxon_id=66780,2026-Aug-28,-,Parastacidae,Engaeus,spinicaudatus,-,-,"Horwitz, 1990",-
Engaeus yabbimunna,Burnie Burrowing Crayfish,-,Vulnerable,-,-,-,-,-,Yes,-,-,-,-,-,-,-,-,-,-,-,66781,-,Animalia,Malacostraca,http://www.environment.gov.au/cgi-bin/sprat/public/publicspecies.pl?taxon_id=66781,2026-Aug-28,-,Parastacidae,Engaeus,yabbimunna,-,-,"Horwitz, 1994",-
Engaewa pseudoreducta,Margaret River Burrowing Crayfish,-,Critically Endangered,-,-,-,-,-,-,-,Yes,-,-,-,-,-,-,-,-,-,82674,-,Animalia,Malacostraca,http://www.environment.gov.au/cgi-bin/sprat/public/publicspecies.pl?taxon_id=82674,2026-Aug-28,-,Parastacidae,Engaewa,pseudoreducta,-,-,"Horwitz  Adams, 2000",-
Engaewa reducta,Dunsborough Burrowing Crayfish,-,Critically Endangered,-,-,-,-,-,-,-,Yes,-,-,-,-,-,-,-,-,-,82675,-,Animalia,Malacostraca,http://www.environment.gov.au/cgi-bin/sprat/public/publicspecies.pl?taxon_id=82675,2026-Aug-28,-,Parastacidae,Engaewa,reducta,-,-,"Riek, 1967",-
Engaewa walpolea,Walpole Burrowing Crayfish,-,Endangered,-,-,-,-,-,-,-,Yes,-,-,-,-,-,-,-,-,-,82676,-,Animalia,Malacostraca,http://www.environment.gov.au/cgi-bin/sprat/public/publicspecies.pl?taxon_id=82676,2026-Aug-28,-,Parastacidae,Engaewa,walpolea,-,-,"Horwitz  Adams, 2000",-
Epacris apsleyensis,Apsley Heath,-,Endangered,-,-,-,-,-,Yes,-,-,-,-,-,-,-,-,-,-,-,15428,-,Plantae,Magnoliopsida,http://www.environment.gov.au/cgi-bin/sprat/public/publicspecies.pl?taxon_id=15428,2026-Aug-28,https://id.biodiversity.org.au/name/apni/63124,Ericaceae,Epacris,apsleyensis,-,-,Crowden,-
Epacris barbata,Bearded Heath,-,Endangered,-,-,-,-,-,Yes,-,-,-,-,-,-,-,-,-,-,-,17625,-,Plantae,Magnoliopsida,http://www.environment.gov.au/cgi-bin/sprat/public/publicspecies.pl?taxon_id=17625,2026-Aug-28,https://id.biodiversity.org.au/name/apni/63198,Ericaceae,Epacris,barbata,-,-,Melville,-
Epacris exserta,South Esk Heath,-,Endangered,-,-,-,-,-,Yes,-,-,-,-,-,-,-,-,-,-,-,19879,-,Plantae,Magnoliopsida,http://www.environment.gov.au/cgi-bin/sprat/public/publicspecies.pl?taxon_id=19879,2026-Aug-28,https://id.biodiversity.org.au/name/apni/64048,Ericaceae,Epacris,exserta,-,-,R.Br.,-
Epacris glabella,Smooth Heath,-,Endangered,-,-,-,-,-,Yes,-,-,-,-,-,-,-,-,-,-,-,24010,-,Plantae,Magnoliopsida,http://www.environment.gov.au/cgi-bin/sprat/public/publicspecies.pl?taxon_id=24010,2026-Aug-28,https://id.biodiversity.org.au/name/apni/123341,Ericaceae,Epacris,glabella,-,-,Jarman,-
Epacris grandis,Tall Heath,-,Endangered,-,-,-,-,-,Yes,-,-,-,-,-,-,-,-,-,-,-,18719,-,Plantae,Magnoliopsida,http://www.environment.gov.au/cgi-bin/sprat/public/publicspecies.pl?taxon_id=18719,2026-Aug-28,https://id.biodiversity.org.au/name/apni/77607,Ericaceae,Epacris,grandis,-,-,Crowden,-
Epacris graniticola,"Granite Heath, Mt Cameron Heath",-,Critically Endangered,-,-,-,-,-,Yes,-,-,-,-,-,-,-,-,-,-,-,82822,-,Plantae,Magnoliopsida,http://www.environment.gov.au/cgi-bin/sprat/public/publicspecies.pl?taxon_id=82822,2026-Aug-28,https://id.biodiversity.org.au/name/apni/166306,Ericaceae,Epacris,graniticola,-,-,Crowden,-
Epacris hamiltonii,-,-,Endangered,-,Yes,-,-,-,-,-,-,-,-,-,-,-,-,-,-,-,8700,-,Plantae,Magnoliopsida,http://www.environment.gov.au/cgi-bin/sprat/public/publicspecies.pl?taxon_id=8700,2026-Aug-28,https://id.biodiversity.org.au/name/apni/77686,Ericaceae,Epacris,hamiltonii,-,-,Maiden  E.Betche,-
Epacris limbata,"Bordered Heath, Border Heath",-,Critically Endangered,-,-,-,-,-,Yes,-,-,-,-,-,-,-,-,-,-,-,24011,-,Plantae,Magnoliopsida,http://www.environment.gov.au/cgi-bin/sprat/public/publicspecies.pl?taxon_id=24011,2026-Aug-28,https://id.biodiversity.org.au/name/apni/154586,Ericaceae,Epacris,limbata,-,-,K.J.Williams  F.Duncan,-
Epacris sparsa,-,-,Endangered,-,Yes,-,-,-,-,-,-,-,-,-,-,-,-,-,-,-,16450,-,Plantae,Magnoliopsida,http://www.environment.gov.au/cgi-bin/sprat/public/publicspecies.pl?taxon_id=16450,2026-Aug-28,https://id.biodiversity.org.au/name/apni/79901,Ericaceae,Epacris,sparsa,-,-,R.Br.,-
Epacris stuartii,"Southport Heath, Stuart's Heath",-,Critically Endangered,-,-,-,-,-,Yes,-,-,-,-,-,-,-,-,-,-,-,10348,-,Plantae,Magnoliopsida,http://www.environment.gov.au/cgi-bin/sprat/public/publicspecies.pl?taxon_id=10348,2026-Aug-28,https://id.biodiversity.org.au/name/apni/80010,Ericaceae,Epacris,stuartii,-,-,Stapf,-
Epacris virgata,Pretty Heath,-,Endangered,-,-,-,-,-,Yes,-,-,-,-,-,-,-,-,-,-,-,20375,-,Plantae,Magnoliopsida,http://www.environment.gov.au/cgi-bin/sprat/public/publicspecies.pl?taxon_id=20375,2026-Aug-28,https://id.biodiversity.org.au/name/apni/80191,Ericaceae,Epacris,virgata,-,-,Hook.f.,-
Epilobium brunnescens subsp. beaugleholei,Bog Willow-herb,-,Vulnerable,-,-,-,-,-,-,Yes,-,-,-,-,-,-,-,-,-,-,6192,-,Plantae,Magnoliopsida,http://www.environment.gov.au/cgi-bin/sprat/public/publicspecies.pl?taxon_id=6192,2026-Aug-28,https://id.biodiversity.org.au/name/apni/88165,Onagraceae,Epilobium,brunnescens,subsp.,beaugleholei,-,K.R.West  P.H.Raven
Epinephelus daemelii,"Black Rockcod, Black Cod, Saddled Rockcod",-,Vulnerable,-,Yes,-,Yes,-,-,Yes,-,-,-,-,-,Yes,Yes,-,-,Yes,68449,-,Animalia,Actinopterygii,http://www.environment.gov.au/cgi-bin/sprat/public/publicspecies.pl?taxon_id=68449,2026-Aug-28,-,Serranidae,Epinephelus,daemelii,-,-,"(Gunther, 1876)",-
Epthianura crocea macgregori,"Capricorn Yellow Chat, Yellow Chat (Dawson)",-,Critically Endangered,-,-,-,Yes,-,-,-,-,-,-,-,-,-,-,-,-,-,67090,-,Animalia,Aves,http://www.environment.gov.au/cgi-bin/sprat/public/publicspecies.pl?taxon_id=67090,2026-Aug-28,-,Meliphagidae,Epthianura,crocea,-,macgregori,-,"Keast, 1958"
Epthianura crocea tunneyi,"Alligator Rivers Yellow Chat, Yellow Chat (Alligator Rivers)",-,Endangered,-,-,Yes,-,-,-,-,-,-,-,-,-,-,-,-,-,-,67089,-,Animalia,Aves,http://www.environment.gov.au/cgi-bin/sprat/public/publicspecies.pl?taxon_id=67089,2026-Aug-28,-,Meliphagidae,Epthianura,crocea,-,tunneyi,-,"Mathews, 1912"
Eremochloa muricata,-,-,Endangered,-,-,-,Yes,-,-,-,-,-,-,-,-,-,-,-,-,-,6469,-,Plantae,Liliopsida,http://www.environment.gov.au/cgi-bin/sprat/public/publicspecies.pl?taxon_id=6469,2026-Aug-28,https://id.biodiversity.org.au/name/apni/90244,Poaceae,Eremochloa,muricata,-,-,(Retz.) Hackel,-
Eremophila ciliata,-,-,Endangered,-,-,-,-,-,-,-,Yes,-,-,-,-,-,-,-,-,-,84926,-,Plantae,Magnoliopsida,http://www.environment.gov.au/cgi-bin/sprat/public/publicspecies.pl?taxon_id=84926,2026-Aug-28,https://id.biodiversity.org.au/name/apni/207389,Scrophulariaceae,Eremophila,ciliata,-,-,Chinnock,-
Eremophila denticulata subsp. denticulata,Fitzgerald Eremophila,-,Vulnerable,-,-,-,-,-,-,-,Yes,-,-,-,-,-,-,-,-,-,64569,-,Plantae,Magnoliopsida,http://www.environment.gov.au/cgi-bin/sprat/public/publicspecies.pl?taxon_id=64569,2026-Aug-28,https://id.biodiversity.org.au/name/apni/207195,Scrophulariaceae,Eremophila,denticulata,subsp.,denticulata,F.Muell.,-
Eremophila denticulata subsp. trisulcata,Cumquat Eremophila,-,Endangered,-,-,-,-,-,-,-,Yes,-,-,-,-,-,-,-,-,-,64570,-,Plantae,Magnoliopsida,http://www.environment.gov.au/cgi-bin/sprat/public/publicspecies.pl?taxon_id=64570,2026-Aug-28,https://id.biodiversity.org.au/name/apni/207193,Scrophulariaceae,Eremophila,denticulata,subsp.,trisulcata,-,Chinnock
Eremophila glabra subsp. chlorella,-,-,Endangered,-,-,-,-,-,-,-,Yes,-,-,-,-,-,-,-,-,-,84927,-,Plantae,Magnoliopsida,http://www.environment.gov.au/cgi-bin/sprat/public/publicspecies.pl?taxon_id=84927,2026-Aug-28,https://id.biodiversity.org.au/name/apni/208537,Scrophulariaceae,Eremophila,glabra,subsp.,chlorella,-,(Gand.) Chinnock
Eremophila glabra subsp. Scaddan (C.Turley s.n. 10/11/2005),-,-,Critically Endangered,-,-,-,-,-,-,-,Yes,-,-,-,-,-,-,-,-,-,89454,-,Plantae,Magnoliopsida,http://www.environment.gov.au/cgi-bin/sprat/public/publicspecies.pl?taxon_id=89454,2026-Aug-28,https://id.biodiversity.org.au/name/apni/235623,Scrophulariaceae,Eremophila,glabra,subsp.,Scaddan (C.Turley s.n. 10/11/2005),-,WA Herbarium
Eremophila koobabbiensis,"Koobabbie Eremophila, Koobabbie Poverty Bush",-,Critically Endangered,-,-,-,-,-,-,-,Yes,-,-,-,-,-,-,-,-,-,86684,-,Plantae,Magnoliopsida,http://www.environment.gov.au/cgi-bin/sprat/public/publicspecies.pl?taxon_id=86684,2026-Aug-28,https://id.biodiversity.org.au/name/apni/236646,Scrophulariaceae,Eremophila,koobabbiensis,-,-,Chinnock,-
Eremophila lactea,Milky Emu Bush,-,Endangered,-,-,-,-,-,-,-,Yes,-,-,-,-,-,-,-,-,-,2416,-,Plantae,Magnoliopsida,http://www.environment.gov.au/cgi-bin/sprat/public/publicspecies.pl?taxon_id=2416,2026-Aug-28,https://id.biodiversity.org.au/name/apni/114099,Scrophulariaceae,Eremophila,lactea,-,-,Chinn.,-
Eremophila nivea,Silky Eremophila,-,Endangered,-,-,-,-,-,-,-,Yes,-,-,-,-,-,-,-,-,-,14431,-,Plantae,Magnoliopsida,http://www.environment.gov.au/cgi-bin/sprat/public/publicspecies.pl?taxon_id=14431,2026-Aug-28,https://id.biodiversity.org.au/name/apni/114456,Scrophulariaceae,Eremophila,nivea,-,-,Chinn.,-
Eremophila pinnatifida,Pinnate-leaf Eremophila,-,Endangered,-,-,-,-,-,-,-,Yes,-,-,-,-,-,-,-,-,-,64894,-,Plantae,Magnoliopsida,http://www.environment.gov.au/cgi-bin/sprat/public/publicspecies.pl?taxon_id=64894,2026-Aug-28,https://id.biodiversity.org.au/name/apni/207230,Scrophulariaceae,Eremophila,pinnatifida,-,-,Chinnock,-
Eremophila prostrata,Rainbow Valley Fuchsia Bush,-,Vulnerable,-,-,Yes,-,-,-,-,-,-,-,-,-,-,-,-,-,-,56749,-,Plantae,Magnoliopsida,http://www.environment.gov.au/cgi-bin/sprat/public/publicspecies.pl?taxon_id=56749,2026-Aug-28,https://id.biodiversity.org.au/name/apni/207603,Scrophulariaceae,Eremophila,prostrata,-,-,Chinnock,-
Eremophila resinosa,Resinous Eremophila,-,Endangered,-,-,-,-,-,-,-,Yes,-,-,-,-,-,-,-,-,-,11735,-,Plantae,Magnoliopsida,http://www.environment.gov.au/cgi-bin/sprat/public/publicspecies.pl?taxon_id=11735,2026-Aug-28,https://id.biodiversity.org.au/name/apni/115233,Scrophulariaceae,Eremophila,resinosa,-,-,(Endl.) F.Muell.,-
Eremophila rostrata,Beaked Eremophila,-,Critically Endangered,-,-,-,-,-,-,-,Yes,-,-,-,-,-,-,-,-,-,65124,-,Plantae,Magnoliopsida,http://www.environment.gov.au/cgi-bin/sprat/public/publicspecies.pl?taxon_id=65124,2026-Aug-28,https://id.biodiversity.org.au/name/apni/207235,Scrophulariaceae,Eremophila,rostrata,-,-,Chinnock,-
Eremophila scaberula,Rough Emu Bush,-,Endangered,-,-,-,-,-,-,-,Yes,-,-,-,-,-,-,-,-,-,16729,-,Plantae,Magnoliopsida,http://www.environment.gov.au/cgi-bin/sprat/public/publicspecies.pl?taxon_id=16729,2026-Aug-28,https://id.biodiversity.org.au/name/apni/115398,Scrophulariaceae,Eremophila,scaberula,-,-,W.Fitzg.,-
Eremophila sp. Narrow leaves (J.D.Start D12-150),-,Eremophila subangustifolia,Critically Endangered,-,-,-,-,-,-,-,Yes,-,-,-,-,-,-,-,-,-,89307,89829,Plantae,Magnoliopsida,http://www.environment.gov.au/cgi-bin/sprat/public/publicspecies.pl?taxon_id=89307,2026-Aug-28,https://id.biodiversity.org.au/name/apni/50587775,Scrophulariaceae,Eremophila,sp. Narrow leaves (J.D.Start D12-150),-,-,-,-
Eremophila subteretifolia,Lake King Eremophila,-,Endangered,-,-,-,-,-,-,-,Yes,-,-,-,-,-,-,-,-,-,56702,-,Plantae,Magnoliopsida,http://www.environment.gov.au/cgi-bin/sprat/public/publicspecies.pl?taxon_id=56702,2026-Aug-28,https://id.biodiversity.org.au/name/apni/207239,Scrophulariaceae,Eremophila,subteretifolia,-,-,Chinnock,-
Eremophila ternifolia,Wongan Eremophila,-,Endangered,-,-,-,-,-,-,-,Yes,-,-,-,-,-,-,-,-,-,2293,-,Plantae,Magnoliopsida,http://www.environment.gov.au/cgi-bin/sprat/public/publicspecies.pl?taxon_id=2293,2026-Aug-28,https://id.biodiversity.org.au/name/apni/115695,Scrophulariaceae,Eremophila,ternifolia,-,-,Chinn.,-
Eremophila vernicosa,Resinous Poverty Bush,-,Vulnerable,-,-,-,-,-,-,-,Yes,-,-,-,-,-,-,-,-,-,64596,-,Plantae,Magnoliopsida,http://www.environment.gov.au/cgi-bin/sprat/public/publicspecies.pl?taxon_id=64596,2026-Aug-28,https://id.biodiversity.org.au/name/apni/207251,Scrophulariaceae,Eremophila,vernicosa,-,-,Chinnock,-
Eremophila verticillata,Whorled Eremophila,-,Endangered,-,-,-,-,-,-,-,Yes,-,-,-,-,-,-,-,-,-,7032,-,Plantae,Magnoliopsida,http://www.environment.gov.au/cgi-bin/sprat/public/publicspecies.pl?taxon_id=7032,2026-Aug-28,https://id.biodiversity.org.au/name/apni/115904,Scrophulariaceae,Eremophila,verticillata,-,-,Chinn.,-
Eremophila virens,"Campion Eremophila, Green-flowered Emu bush",-,Endangered,-,-,-,-,-,-,-,Yes,-,-,-,-,-,-,-,-,-,21433,-,Plantae,Magnoliopsida,http://www.environment.gov.au/cgi-bin/sprat/public/publicspecies.pl?taxon_id=21433,2026-Aug-28,https://id.biodiversity.org.au/name/apni/115913,Scrophulariaceae,Eremophila,virens,-,-,C.Gardner,-
Eremophila viscida,Varnish Bush,-,Endangered,-,-,-,-,-,-,-,Yes,-,-,-,-,-,-,-,-,-,2394,-,Plantae,Magnoliopsida,http://www.environment.gov.au/cgi-bin/sprat/public/publicspecies.pl?taxon_id=2394,2026-Aug-28,https://id.biodiversity.org.au/name/apni/115954,Scrophulariaceae,Eremophila,viscida,-,-,Endl.,-
Eretmochelys imbricata,Hawksbill Turtle,-,Vulnerable,-,Yes,Yes,Yes,-,-,-,Yes,Yes,Yes,Yes,Yes,Yes,Yes,-,-,Yes,1766,-,Animalia,Reptilia,http://www.environment.gov.au/cgi-bin/sprat/public/publicspecies.pl?taxon_id=1766,2026-Aug-28,-,Cheloniidae,Eretmochelys,imbricata,-,-,"(Linnaeus,1766)",-
Eriocaulon australasicum,"Austral Pipewort, Southern Pipewort",-,Endangered,-,Yes,-,-,Yes,-,Yes,-,-,-,-,-,-,-,-,-,-,7649,-,Plantae,Liliopsida,http://www.environment.gov.au/cgi-bin/sprat/public/publicspecies.pl?taxon_id=7649,2026-Aug-28,https://id.biodiversity.org.au/name/apni/73680,Eriocaulaceae,Eriocaulon,australasicum,-,-,(F.Muell.) Koern.,-
Eriocaulon carsonii,"Salt Pipewort, Button Grass",-,Endangered,-,Yes,-,Yes,Yes,-,-,-,-,-,-,-,-,-,-,-,-,10584,-,Plantae,Liliopsida,http://www.environment.gov.au/cgi-bin/sprat/public/publicspecies.pl?taxon_id=10584,2026-Aug-28,https://id.biodiversity.org.au/name/apni/88859,Eriocaulaceae,Eriocaulon,carsonii,-,-,F.Muell.,-
Eryngium fontanum,Blue Devil,-,Endangered,-,-,-,Yes,-,-,-,-,-,-,-,-,-,-,-,-,-,64516,-,Plantae,Magnoliopsida,http://www.environment.gov.au/cgi-bin/sprat/public/publicspecies.pl?taxon_id=64516,2026-Aug-28,https://id.biodiversity.org.au/name/apni/154587,Apiaceae,Eryngium,fontanum,-,-,-,-
Erythrotriorchis radiatus,Red Goshawk,-,Endangered,-,Yes,Yes,Yes,-,-,-,Yes,-,-,-,-,-,-,-,-,-,942,-,Animalia,Aves,http://www.environment.gov.au/cgi-bin/sprat/public/publicspecies.pl?taxon_id=942,2026-Aug-28,-,Accipitridae,Erythrotriorchis,radiatus,-,-,"(Latham,1801)",-
Erythroxylum sp. Cholmondely Creek (J.R.Clarkson 9367) (Northern Territory Population),-,-,Vulnerable,-,-,Yes,-,-,-,-,-,-,-,-,-,-,-,-,-,-,91740,-,Plantae,Magnoliopsida,http://www.environment.gov.au/cgi-bin/sprat/public/publicspecies.pl?taxon_id=91740,2026-Aug-28,NO NSL_ID,Erythroxylaceae,Erythroxylum,sp. Cholmondely Creek (J.R.Clarkson 9367),-,(Northern Territory Population),-,-
Erythrura gouldiae,Gouldian Finch,Chloebia gouldiae,Endangered,-,-,Yes,Yes,-,-,-,Yes,-,-,-,-,-,-,-,-,-,413,90091,Animalia,Aves,http://www.environment.gov.au/cgi-bin/sprat/public/publicspecies.pl?taxon_id=413,2026-Aug-28,-,Estrildidae,Erythrura,gouldiae,-,-,"(Gould,1844)",-
Euastacus angustus,"Narrow Euastacus, Slender Dwarf Crayfish, Narrow Dwarf Crayfish",-,Critically Endangered,-,Yes,-,-,-,-,-,-,-,-,-,-,-,-,-,-,-,90754,-,Animalia,Malacostraca,http://www.environment.gov.au/cgi-bin/sprat/public/publicspecies.pl?taxon_id=90754,2026-Aug-28,-,Parastacidae,Euastacus,angustus,-,-,"Coughran  Dawkins, 2013",-
Euastacus armatus,Murray Crayfish,-,Vulnerable,Yes,Yes,-,-,-,-,Yes,-,-,-,-,-,-,-,-,-,-,81537,-,Animalia,Malacostraca,http://www.environment.gov.au/cgi-bin/sprat/public/publicspecies.pl?taxon_id=81537,2026-Aug-28,-,Parastacidae,Euastacus,armatus,-,-,"von Martens, 1866",-
Euastacus balanensis,Balan Spiny Crayfish,-,Endangered,-,-,-,Yes,-,-,-,-,-,-,-,-,-,-,-,-,-,86595,-,Animalia,Malacostraca,http://www.environment.gov.au/cgi-bin/sprat/public/publicspecies.pl?taxon_id=86595,2026-Aug-28,-,Parastacidae,Euastacus,balanensis,-,-,"Morgan, 1988",-
Euastacus bidawalus,"Bidhawal Crayfish, Bidawal Crayfish, East Gippsland Spiny Crayfish",-,Endangered,-,Yes,-,-,-,-,Yes,-,-,-,-,-,-,-,-,-,-,83136,-,Animalia,Malacostraca,http://www.environment.gov.au/cgi-bin/sprat/public/publicspecies.pl?taxon_id=83136,2026-Aug-28,-,Parastacidae,Euastacus,bidawalus,-,-,"Morgan, 1986",-
Euastacus bindal,Mt Elliot Crayfish,-,Critically Endangered,-,-,-,Yes,-,-,-,-,-,-,-,-,-,-,-,-,-,86598,-,Animalia,Malacostraca,http://www.environment.gov.au/cgi-bin/sprat/public/publicspecies.pl?taxon_id=86598,2026-Aug-28,-,Parastacidae,Euastacus,bindal,-,-,"Morgan, 1989",-
Euastacus binzayedi,Embezee's Crayfish,-,Critically Endangered,-,-,-,Yes,-,-,-,-,-,-,-,-,-,-,-,-,-,90755,-,Animalia,Malacostraca,http://www.environment.gov.au/cgi-bin/sprat/public/publicspecies.pl?taxon_id=90755,2026-Aug-28,-,Parastacidae,Euastacus,binzayedi,-,-,"Coughran  Dawkins, 2013",-
Euastacus bispinosus,"Glenelg Spiny Freshwater Crayfish, Pricklyback",-,Endangered,-,-,-,-,Yes,-,Yes,-,-,-,-,-,-,-,-,-,-,81552,-,Animalia,Malacostraca,http://www.environment.gov.au/cgi-bin/sprat/public/publicspecies.pl?taxon_id=81552,2026-Aug-28,-,Parastacidae,Euastacus,bispinosus,-,-,"Clark, 1941",-
Euastacus clarkae,"Ellen Clark's Crayfish, Clark's Crayfish",-,Endangered,-,Yes,-,-,-,-,-,-,-,-,-,-,-,-,-,-,-,83138,-,Animalia,Malacostraca,http://www.environment.gov.au/cgi-bin/sprat/public/publicspecies.pl?taxon_id=83138,2026-Aug-28,-,Parastacidae,Euastacus,clarkae,-,-,"Morgan, 1997",-
Euastacus dalagarbe,Mud Gully Crayfish,-,Critically Endangered,-,Yes,-,Yes,-,-,-,-,-,-,-,-,-,-,-,-,-,83141,-,Animalia,Malacostraca,http://www.environment.gov.au/cgi-bin/sprat/public/publicspecies.pl?taxon_id=83141,2026-Aug-28,-,Parastacidae,Euastacus,dalagarbe,-,-,"Coughran, 2005",-
Euastacus dharawalus,Fitzroy Falls Spiny Crayfish,-,Critically Endangered,-,Yes,-,-,-,-,-,-,-,-,-,-,-,-,-,-,-,83143,-,Animalia,Malacostraca,http://www.environment.gov.au/cgi-bin/sprat/public/publicspecies.pl?taxon_id=83143,2026-Aug-28,-,Parastacidae,Euastacus,dharawalus,-,-,"Morgan, 1997",-
Euastacus diversus,Orbost Spiny Crayfish,-,Endangered,-,-,-,-,-,-,Yes,-,-,-,-,-,-,-,-,-,-,66782,-,Animalia,Malacostraca,http://www.environment.gov.au/cgi-bin/sprat/public/publicspecies.pl?taxon_id=66782,2026-Aug-28,-,Parastacidae,Euastacus,diversus,-,-,"Riek, 1969",-
Euastacus eungella,Eungella Spiny Crayfish,-,Endangered,-,-,-,Yes,-,-,-,-,-,-,-,-,-,-,-,-,-,86599,-,Animalia,Malacostraca,http://www.environment.gov.au/cgi-bin/sprat/public/publicspecies.pl?taxon_id=86599,2026-Aug-28,-,Parastacidae,Euastacus,eungella,-,-,"Morgan, 1988",-
Euastacus fleckeri,"Flecker's Crayfish, Red and Blue Spiny Crayfish",-,Endangered,-,-,-,Yes,-,-,-,-,-,-,-,-,-,-,-,-,-,86600,-,Animalia,Malacostraca,http://www.environment.gov.au/cgi-bin/sprat/public/publicspecies.pl?taxon_id=86600,2026-Aug-28,-,Parastacidae,Euastacus,fleckeri,-,-,"(Watson, 1935)",-
Euastacus gamilaroi,"Gamilaroi Crayfish, Gamilaroi Spiny Crayfish, Hanging Rock Crayfish",-,Endangered,-,Yes,-,-,-,-,-,-,-,-,-,-,-,-,-,-,-,83144,-,Animalia,Malacostraca,http://www.environment.gov.au/cgi-bin/sprat/public/publicspecies.pl?taxon_id=83144,2026-Aug-28,-,Parastacidae,Euastacus,gamilaroi,-,-,"Morgan, 1997",-
Euastacus girurmulayn,Smooth Crayfish,-,Endangered,-,Yes,-,-,-,-,-,-,-,-,-,-,-,-,-,-,-,83146,-,Animalia,Malacostraca,http://www.environment.gov.au/cgi-bin/sprat/public/publicspecies.pl?taxon_id=83146,2026-Aug-28,-,Parastacidae,Euastacus,girurmulayn,-,-,"Coughran, 2005",-
Euastacus gumar,"Bloodclaw Crayfish, Blood Crayfish",-,Endangered,-,Yes,-,-,-,-,-,-,-,-,-,-,-,-,-,-,-,68363,-,Animalia,Malacostraca,http://www.environment.gov.au/cgi-bin/sprat/public/publicspecies.pl?taxon_id=68363,2026-Aug-28,-,Parastacidae,Euastacus,gumar,-,-,"Morgan, 1997",-
Euastacus guruhgi,Swollen Crayfish,-,Critically Endangered,-,Yes,-,-,-,-,-,-,-,-,-,-,-,-,-,-,-,83147,-,Animalia,Malacostraca,http://www.environment.gov.au/cgi-bin/sprat/public/publicspecies.pl?taxon_id=83147,2026-Aug-28,-,Parastacidae,Euastacus,guruhgi,-,-,"Coughran, 2005",-
Euastacus guwinus,Tianjara Crayfish,-,Critically Endangered,-,Yes,-,-,-,-,-,-,-,-,-,-,-,-,-,-,-,81538,-,Animalia,Malacostraca,http://www.environment.gov.au/cgi-bin/sprat/public/publicspecies.pl?taxon_id=81538,2026-Aug-28,-,Parastacidae,Euastacus,guwinus,-,-,"Morgan, 1997",-
Euastacus hystricosus,Conondale Spiny Crayfish,-,Endangered,-,-,-,Yes,-,-,-,-,-,-,-,-,-,-,-,-,-,86601,-,Animalia,Malacostraca,http://www.environment.gov.au/cgi-bin/sprat/public/publicspecies.pl?taxon_id=86601,2026-Aug-28,-,Parastacidae,Euastacus,hystricosus,-,-,"Riek, 1951",-
Euastacus jagabar,Blue-black Crayfish,-,Critically Endangered,-,Yes,-,-,-,-,-,-,-,-,-,-,-,-,-,-,-,83148,-,Animalia,Malacostraca,http://www.environment.gov.au/cgi-bin/sprat/public/publicspecies.pl?taxon_id=83148,2026-Aug-28,-,Parastacidae,Euastacus,jagabar,-,-,"Coughran, 2005",-
Euastacus jagara,Jagara Hairy Crayfish,-,Critically Endangered,-,-,-,Yes,-,-,-,-,-,-,-,-,-,-,-,-,-,86602,-,Animalia,Malacostraca,http://www.environment.gov.au/cgi-bin/sprat/public/publicspecies.pl?taxon_id=86602,2026-Aug-28,-,Parastacidae,Euastacus,jagara,-,-,"Morgan, 1989",-
Euastacus maccai,Terrestrial Crayfish,-,Endangered,-,Yes,-,-,-,-,-,-,-,-,-,-,-,-,-,-,-,83149,-,Animalia,Malacostraca,http://www.environment.gov.au/cgi-bin/sprat/public/publicspecies.pl?taxon_id=83149,2026-Aug-28,-,Parastacidae,Euastacus,maccai,-,-,"Coughran, 2008",-
Euastacus maidae,"Hinterland Spiny Crayfish, Hinterland Crayfish",-,Critically Endangered,-,-,-,Yes,-,-,-,-,-,-,-,-,-,-,-,-,-,86603,-,Animalia,Malacostraca,http://www.environment.gov.au/cgi-bin/sprat/public/publicspecies.pl?taxon_id=86603,2026-Aug-28,-,Parastacidae,Euastacus,maidae,-,-,"(Riek, 1956)",-
Euastacus mirangudjin,Orange-bellied Crayfish,-,Endangered,-,Yes,-,Yes,-,-,-,-,-,-,-,-,-,-,-,-,-,83150,-,Animalia,Malacostraca,http://www.environment.gov.au/cgi-bin/sprat/public/publicspecies.pl?taxon_id=83150,2026-Aug-28,-,Parastacidae,Euastacus,mirangudjin,-,-,"Coughran, 2002",-
Euastacus monteithorum,"Monteith's Crayfish, Monteith's Spiny Crayfish",-,Endangered,-,-,-,Yes,-,-,-,-,-,-,-,-,-,-,-,-,-,81542,-,Animalia,Malacostraca,http://www.environment.gov.au/cgi-bin/sprat/public/publicspecies.pl?taxon_id=81542,2026-Aug-28,-,Parastacidae,Euastacus,monteithorum,-,-,"Morgan, 1989",-
Euastacus morgani,Morgan's Crayfish,-,Critically Endangered,-,Yes,-,-,-,-,-,-,-,-,-,-,-,-,-,-,-,90715,-,Animalia,Malacostraca,http://www.environment.gov.au/cgi-bin/sprat/public/publicspecies.pl?taxon_id=90715,2026-Aug-28,-,Parastacidae,Euastacus,morgani,-,-,"Coughran  McCormack, 2011",-
Euastacus polysetosus,Many-bristled Crayfish,-,Endangered,-,Yes,-,-,-,-,-,-,-,-,-,-,-,-,-,-,-,83153,-,Animalia,Malacostraca,http://www.environment.gov.au/cgi-bin/sprat/public/publicspecies.pl?taxon_id=83153,2026-Aug-28,-,Parastacidae,Euastacus,polysetosus,-,-,"Riek, 1951",-
Euastacus rieki,Riek's Crayfish,-,Endangered,Yes,Yes,-,-,-,-,-,-,-,-,-,-,-,-,-,-,-,83155,-,Animalia,Malacostraca,http://www.environment.gov.au/cgi-bin/sprat/public/publicspecies.pl?taxon_id=83155,2026-Aug-28,-,Parastacidae,Euastacus,rieki,-,-,"Morgan, 1997",-
Euastacus robertsi,"Robert's Crayfish, Robert's Spiny Crayfish",-,Endangered,-,-,-,Yes,-,-,-,-,-,-,-,-,-,-,-,-,-,86604,-,Animalia,Malacostraca,http://www.environment.gov.au/cgi-bin/sprat/public/publicspecies.pl?taxon_id=86604,2026-Aug-28,-,Parastacidae,Euastacus,robertsi,-,-,"Monroe, 1977",-
Euastacus simplex,"Simple Crayfish, Small Mountain Crayfish",-,Endangered,-,Yes,-,-,-,-,-,-,-,-,-,-,-,-,-,-,-,83156,-,Animalia,Malacostraca,http://www.environment.gov.au/cgi-bin/sprat/public/publicspecies.pl?taxon_id=83156,2026-Aug-28,-,Parastacidae,Euastacus,simplex,-,-,"Riek, 1956",-
Euastacus sp. 1 coughrani (McCormack & Fetzner),"Coughran's Crayfish, Arte Spiny Crayfish",-,Endangered,-,-,-,-,-,-,Yes,-,-,-,-,-,-,-,-,-,-,92902,-,Animalia,Malacostraca,http://www.environment.gov.au/cgi-bin/sprat/public/publicspecies.pl?taxon_id=92902,2026-Aug-28,-,Parastacidae,Euastacus,sp. 1 coughrani (McCormack & Fetzner),-,-,-,-
Euastacus spinichelatus,Small Crayfish,-,Endangered,-,Yes,-,-,-,-,-,-,-,-,-,-,-,-,-,-,-,83157,-,Animalia,Malacostraca,http://www.environment.gov.au/cgi-bin/sprat/public/publicspecies.pl?taxon_id=83157,2026-Aug-28,-,Parastacidae,Euastacus,spinichelatus,-,-,"Morgan, 1997",-
Euastacus suttoni,Sutton's Crayfish,-,Endangered,-,Yes,-,Yes,-,-,-,-,-,-,-,-,-,-,-,-,-,83158,-,Animalia,Malacostraca,http://www.environment.gov.au/cgi-bin/sprat/public/publicspecies.pl?taxon_id=83158,2026-Aug-28,-,Parastacidae,Euastacus,suttoni,-,-,"Clark, 1941",-
Euastacus urospinosus,Maleny Crayfish,-,Endangered,-,-,-,Yes,-,-,-,-,-,-,-,-,-,-,-,-,-,86605,-,Animalia,Malacostraca,http://www.environment.gov.au/cgi-bin/sprat/public/publicspecies.pl?taxon_id=86605,2026-Aug-28,-,Parastacidae,Euastacus,urospinosus,-,-,"(Riek, 1956)",-
Euastacus vesper,Cudgegong Giant Spiny Crayfish,-,Critically Endangered,-,Yes,-,-,-,-,-,-,-,-,-,-,-,-,-,-,-,90756,-,Animalia,Malacostraca,http://www.environment.gov.au/cgi-bin/sprat/public/publicspecies.pl?taxon_id=90756,2026-Aug-28,-,Parastacidae,Euastacus,vesper,-,-,"McCormack  Ahyong, 2017",-
Euastacus yigara,"Cardwell Crayfish, Cardwell Hairy Crayfish",-,Critically Endangered,-,-,-,Yes,-,-,-,-,-,-,-,-,-,-,-,-,-,86608,-,Animalia,Malacostraca,http://www.environment.gov.au/cgi-bin/sprat/public/publicspecies.pl?taxon_id=86608,2026-Aug-28,-,Parastacidae,Euastacus,yigara,-,-,"Short  Davie, 1993",-
Eubalaena australis,Southern Right Whale,-,Endangered,-,Yes,-,Yes,Yes,Yes,Yes,Yes,-,-,-,-,Yes,Yes,Yes,Yes,Yes,40,-,Animalia,Mammalia,http://www.environment.gov.au/cgi-bin/sprat/public/publicspecies.pl?taxon_id=40,2026-Aug-28,-,Balaenidae,Eubalaena,australis,-,-,"(Desmoulins, 1822)",-
Eucalyptus absita,Badgingarra Box,-,Endangered,-,-,-,-,-,-,-,Yes,-,-,-,-,-,-,-,-,-,24260,-,Plantae,Magnoliopsida,http://www.environment.gov.au/cgi-bin/sprat/public/publicspecies.pl?taxon_id=24260,2026-Aug-28,https://id.biodiversity.org.au/name/apni/118379,Myrtaceae,Eucalyptus,absita,-,-,Grayling  Brooker,-
Eucalyptus aggregata,Black Gum,-,Vulnerable,Yes,Yes,-,-,-,-,Yes,-,-,-,-,-,-,-,-,-,-,20890,-,Plantae,Magnoliopsida,http://www.environment.gov.au/cgi-bin/sprat/public/publicspecies.pl?taxon_id=20890,2026-Aug-28,https://id.biodiversity.org.au/name/apni/77945,Myrtaceae,Eucalyptus,aggregata,-,-,H.Deane  Maiden,-
Eucalyptus alligatrix subsp. limaensis,Lima Stringybark,-,Endangered,-,-,-,-,-,-,Yes,-,-,-,-,-,-,-,-,-,-,64340,-,Plantae,Magnoliopsida,http://www.environment.gov.au/cgi-bin/sprat/public/publicspecies.pl?taxon_id=64340,2026-Aug-28,https://id.biodiversity.org.au/name/apni/119616,Myrtaceae,Eucalyptus,alligatrix,subsp.,limaensis,-,"Brooker, Slee  J.D.Briggs"
Eucalyptus alligatrix subsp. miscella,a stringybark,-,Vulnerable,-,Yes,-,-,-,-,-,-,-,-,-,-,-,-,-,-,-,64341,-,Plantae,Magnoliopsida,http://www.environment.gov.au/cgi-bin/sprat/public/publicspecies.pl?taxon_id=64341,2026-Aug-28,https://id.biodiversity.org.au/name/apni/119617,Myrtaceae,Eucalyptus,alligatrix,subsp.,miscella,-,"Brooker, Slee  J.D.Briggs"
Eucalyptus aquatica,"Mountain Swamp Gum, Broad-leaved Sallee, Broad-leaved Sally",-,Critically Endangered,-,Yes,-,-,-,-,-,-,-,-,-,-,-,-,-,-,-,56173,-,Plantae,Magnoliopsida,http://www.environment.gov.au/cgi-bin/sprat/public/publicspecies.pl?taxon_id=56173,2026-Aug-28,https://id.biodiversity.org.au/name/apni/118664,Myrtaceae,Eucalyptus,aquatica,-,-,(Blakely) L.Johnson  K.Hill,-
Eucalyptus argophloia,"Queensland White Gum, Queensland Western White Gum, Lapunyah, Scrub Gum, White Gum",-,Vulnerable,-,-,-,Yes,-,-,-,-,-,-,-,-,-,-,-,-,-,19748,-,Plantae,Magnoliopsida,http://www.environment.gov.au/cgi-bin/sprat/public/publicspecies.pl?taxon_id=19748,2026-Aug-28,https://id.biodiversity.org.au/name/apni/95303,Myrtaceae,Eucalyptus,argophloia,-,-,Blakely,-
Eucalyptus argutifolia,"Yanchep Mallee, Wabling Hill Mallee",-,Vulnerable,-,-,-,-,-,-,-,Yes,-,-,-,-,-,-,-,-,-,24263,-,Plantae,Magnoliopsida,http://www.environment.gov.au/cgi-bin/sprat/public/publicspecies.pl?taxon_id=24263,2026-Aug-28,https://id.biodiversity.org.au/name/apni/118382,Myrtaceae,Eucalyptus,argutifolia,-,-,Grayling  Brooker,-
Eucalyptus articulata,Ponton Creek Mallee,-,Vulnerable,-,-,-,-,-,-,-,Yes,-,-,-,-,-,-,-,-,-,56772,-,Plantae,Magnoliopsida,http://www.environment.gov.au/cgi-bin/sprat/public/publicspecies.pl?taxon_id=56772,2026-Aug-28,https://id.biodiversity.org.au/name/apni/119573,Myrtaceae,Eucalyptus,articulata,-,-,Brooker and Hopper,-
Eucalyptus beaniana,Bean's Ironbark,-,Vulnerable,-,-,-,Yes,-,-,-,-,-,-,-,-,-,-,-,-,-,56320,-,Plantae,Magnoliopsida,http://www.environment.gov.au/cgi-bin/sprat/public/publicspecies.pl?taxon_id=56320,2026-Aug-28,https://id.biodiversity.org.au/name/apni/118829,Myrtaceae,Eucalyptus,beaniana,-,-,L.A.S.Johnson  K.D.Hill,-
Eucalyptus beardiana,Beard's Mallee,-,Vulnerable,-,-,-,-,-,-,-,Yes,-,-,-,-,-,-,-,-,-,18933,-,Plantae,Magnoliopsida,http://www.environment.gov.au/cgi-bin/sprat/public/publicspecies.pl?taxon_id=18933,2026-Aug-28,https://id.biodiversity.org.au/name/apni/58892,Myrtaceae,Eucalyptus,beardiana,-,-,Brooker  Blaxell,-
Eucalyptus benthamii,"Camden White Gum, Nepean River Gum",-,Critically Endangered,-,Yes,-,-,-,-,-,-,-,-,-,-,-,-,-,-,-,2821,-,Plantae,Magnoliopsida,http://www.environment.gov.au/cgi-bin/sprat/public/publicspecies.pl?taxon_id=2821,2026-Aug-28,https://id.biodiversity.org.au/name/apni/58994,Myrtaceae,Eucalyptus,benthamii,-,-,Maiden  Cambage,-
Eucalyptus boliviana,"Bolivia Stringybark, Bolivia Hill Stringybark",-,Critically Endangered,-,Yes,-,-,-,-,-,-,-,-,-,-,-,-,-,-,-,84685,-,Plantae,Magnoliopsida,http://www.environment.gov.au/cgi-bin/sprat/public/publicspecies.pl?taxon_id=84685,2026-Aug-28,https://id.biodiversity.org.au/name/apni/170831,Myrtaceae,Eucalyptus,boliviana,-,-,J.B.Williams  K.D.Hill,-
Eucalyptus brevipes,Mukinbudin Mallee,-,Endangered,-,-,-,-,-,-,-,Yes,-,-,-,-,-,-,-,-,-,7495,-,Plantae,Magnoliopsida,http://www.environment.gov.au/cgi-bin/sprat/public/publicspecies.pl?taxon_id=7495,2026-Aug-28,https://id.biodiversity.org.au/name/apni/73530,Myrtaceae,Eucalyptus,brevipes,-,-,Brooker,-
Eucalyptus broviniensis,-,-,Endangered,-,-,-,Yes,-,-,-,-,-,-,-,-,-,-,-,-,-,75593,-,Plantae,Magnoliopsida,http://www.environment.gov.au/cgi-bin/sprat/public/publicspecies.pl?taxon_id=75593,2026-Aug-28,https://id.biodiversity.org.au/name/apni/171703,Myrtaceae,Eucalyptus,broviniensis,-,-,A.R.Bean,-
Eucalyptus burdettiana,Burdett Gum,-,Endangered,-,-,-,-,-,-,-,Yes,-,-,-,-,-,-,-,-,-,13505,-,Plantae,Magnoliopsida,http://www.environment.gov.au/cgi-bin/sprat/public/publicspecies.pl?taxon_id=13505,2026-Aug-28,https://id.biodiversity.org.au/name/apni/73731,Myrtaceae,Eucalyptus,burdettiana,-,-,Blakely  Steedman,-
Eucalyptus cadens,Warby Range Swamp Gum,-,Vulnerable,-,-,-,-,-,-,Yes,-,-,-,-,-,-,-,-,-,-,21845,-,Plantae,Magnoliopsida,http://www.environment.gov.au/cgi-bin/sprat/public/publicspecies.pl?taxon_id=21845,2026-Aug-28,https://id.biodiversity.org.au/name/apni/91249,Myrtaceae,Eucalyptus,cadens,-,-,J.Briggs  Crisp,-
Eucalyptus caleyi subsp. ovendenii,Ovenden's Ironbark,-,Vulnerable,-,Yes,-,-,-,-,-,-,-,-,-,-,-,-,-,-,-,56193,-,Plantae,Magnoliopsida,http://www.environment.gov.au/cgi-bin/sprat/public/publicspecies.pl?taxon_id=56193,2026-Aug-28,https://id.biodiversity.org.au/name/apni/118687,Myrtaceae,Eucalyptus,caleyi,subsp.,ovendenii,-,L.A.S.Johnson  K.D.Hill
Eucalyptus camfieldii,Camfield's Stringybark,-,Vulnerable,-,Yes,-,-,-,-,-,-,-,-,-,-,-,-,-,-,-,15460,-,Plantae,Magnoliopsida,http://www.environment.gov.au/cgi-bin/sprat/public/publicspecies.pl?taxon_id=15460,2026-Aug-28,https://id.biodiversity.org.au/name/apni/94333,Myrtaceae,Eucalyptus,camfieldii,-,-,Maiden,-
Eucalyptus canobolensis,"Silver-leaf Candlebark, Mt Canobolas Candlebark",-,Endangered,-,Yes,-,-,-,-,-,-,-,-,-,-,-,-,-,-,-,64896,-,Plantae,Magnoliopsida,http://www.environment.gov.au/cgi-bin/sprat/public/publicspecies.pl?taxon_id=64896,2026-Aug-28,https://id.biodiversity.org.au/name/apni/155032,Myrtaceae,Eucalyptus,canobolensis,-,-,(L.A.S.Johnson  K.D.Hill) J.T.Hunter,-
Eucalyptus ceracea,Seppelt Range Gum,-,Vulnerable,-,-,-,-,-,-,-,Yes,-,-,-,-,-,-,-,-,-,3889,-,Plantae,Magnoliopsida,http://www.environment.gov.au/cgi-bin/sprat/public/publicspecies.pl?taxon_id=3889,2026-Aug-28,https://id.biodiversity.org.au/name/apni/112288,Myrtaceae,Eucalyptus,ceracea,-,-,Brooker  Done,-
Eucalyptus conglomerata,Swamp Stringybark,-,Endangered,-,-,-,Yes,-,-,-,-,-,-,-,-,-,-,-,-,-,3160,-,Plantae,Magnoliopsida,http://www.environment.gov.au/cgi-bin/sprat/public/publicspecies.pl?taxon_id=3160,2026-Aug-28,https://id.biodiversity.org.au/name/apni/113510,Myrtaceae,Eucalyptus,conglomerata,-,-,Maiden  Blakely,-
Eucalyptus copulans,-,-,Endangered,-,Yes,-,-,-,-,-,-,-,-,-,-,-,-,-,-,-,56225,-,Plantae,Magnoliopsida,http://www.environment.gov.au/cgi-bin/sprat/public/publicspecies.pl?taxon_id=56225,2026-Aug-28,https://id.biodiversity.org.au/name/apni/118720,Myrtaceae,Eucalyptus,copulans,-,-,L.A.S.Johnson  K.D.Hill,-
Eucalyptus coronata,Crowned Mallee,-,Vulnerable,-,-,-,-,-,-,-,Yes,-,-,-,-,-,-,-,-,-,2308,-,Plantae,Magnoliopsida,http://www.environment.gov.au/cgi-bin/sprat/public/publicspecies.pl?taxon_id=2308,2026-Aug-28,https://id.biodiversity.org.au/name/apni/114085,Myrtaceae,Eucalyptus,coronata,-,-,C.Gardner,-
Eucalyptus crenulata,"Silver Gum, Buxton Gum",-,Endangered,-,-,-,-,-,-,Yes,-,-,-,-,-,-,-,-,-,-,7193,-,Plantae,Magnoliopsida,http://www.environment.gov.au/cgi-bin/sprat/public/publicspecies.pl?taxon_id=7193,2026-Aug-28,https://id.biodiversity.org.au/name/apni/114562,Myrtaceae,Eucalyptus,crenulata,-,-,Blakely  Beuzev.,-
Eucalyptus crispata,Yandanooka Mallee,-,Vulnerable,-,-,-,-,-,-,-,Yes,-,-,-,-,-,-,-,-,-,24268,-,Plantae,Magnoliopsida,http://www.environment.gov.au/cgi-bin/sprat/public/publicspecies.pl?taxon_id=24268,2026-Aug-28,https://id.biodiversity.org.au/name/apni/118327,Myrtaceae,Eucalyptus,crispata,-,-,Brooker  Hopper,-
Eucalyptus crucis subsp. crucis,Silver Mallee,-,Vulnerable,-,-,-,-,-,-,-,Yes,-,-,-,-,-,-,-,-,-,4474,-,Plantae,Magnoliopsida,http://www.environment.gov.au/cgi-bin/sprat/public/publicspecies.pl?taxon_id=4474,2026-Aug-28,https://id.biodiversity.org.au/name/apni/114588,Myrtaceae,Eucalyptus,crucis,subsp.,crucis,Maiden,-
Eucalyptus crucis subsp. praecipua,Paynes Find Mallee,-,Endangered,-,-,-,-,-,-,-,Yes,-,-,-,-,-,-,-,-,-,64650,-,Plantae,Magnoliopsida,http://www.environment.gov.au/cgi-bin/sprat/public/publicspecies.pl?taxon_id=64650,2026-Aug-28,https://id.biodiversity.org.au/name/apni/119588,Myrtaceae,Eucalyptus,crucis,subsp.,praecipua,-,Brooker  Hopper
Eucalyptus cuprea,Mallee Box,-,Endangered,-,-,-,-,-,-,-,Yes,-,-,-,-,-,-,-,-,-,56773,-,Plantae,Magnoliopsida,http://www.environment.gov.au/cgi-bin/sprat/public/publicspecies.pl?taxon_id=56773,2026-Aug-28,https://id.biodiversity.org.au/name/apni/119605,Myrtaceae,Eucalyptus,cuprea,-,-,Brooker  Hopper,-
Eucalyptus dalveenica,Dalveen Blue Box,-,Critically Endangered,-,-,-,Yes,-,-,-,-,-,-,-,-,-,-,-,-,-,90823,-,Plantae,Magnoliopsida,http://www.environment.gov.au/cgi-bin/sprat/public/publicspecies.pl?taxon_id=90823,2026-Aug-28,https://id.biodiversity.org.au/name/apni/51306587,Myrtaceae,Eucalyptus,dalveenica,-,-,"T.L.Collins, R.L.Andrew  J.J.Bruhl",-
Eucalyptus dolorosa,"Dandaragan Mallee, Mount Misery Mallee",-,Endangered,-,-,-,-,-,-,-,Yes,-,-,-,-,-,-,-,-,-,56709,-,Plantae,Magnoliopsida,http://www.environment.gov.au/cgi-bin/sprat/public/publicspecies.pl?taxon_id=56709,2026-Aug-28,https://id.biodiversity.org.au/name/apni/119569,Myrtaceae,Eucalyptus,dolorosa,-,-,Brooker and Hopper,-
Eucalyptus forresterae,Brumby Sallee,-,Endangered,-,Yes,-,-,-,-,Yes,-,-,-,-,-,-,-,-,-,-,87837,-,Plantae,Magnoliopsida,http://www.environment.gov.au/cgi-bin/sprat/public/publicspecies.pl?taxon_id=87837,2026-Aug-28,https://id.biodiversity.org.au/name/apni/229875,Myrtaceae,Eucalyptus,forresterae,-,-,Molyneux  Rule,-
Eucalyptus glaucina,Slaty Red Gum,-,Vulnerable,-,Yes,-,Yes,-,-,-,-,-,-,-,-,-,-,-,-,-,5670,-,Plantae,Magnoliopsida,http://www.environment.gov.au/cgi-bin/sprat/public/publicspecies.pl?taxon_id=5670,2026-Aug-28,https://id.biodiversity.org.au/name/apni/61113,Myrtaceae,Eucalyptus,glaucina,-,-,(Blakely) L.Johnson,-
Eucalyptus gunnii subsp. divaricata,Miena Cider Gum,-,Endangered,-,-,-,-,-,Yes,-,-,-,-,-,-,-,-,-,-,-,68394,-,Plantae,Magnoliopsida,http://www.environment.gov.au/cgi-bin/sprat/public/publicspecies.pl?taxon_id=68394,2026-Aug-28,https://id.biodiversity.org.au/name/apni/194306,Myrtaceae,Eucalyptus,gunnii,subsp.,divaricata,-,(McAulay  Brett) B.M.Potts
Eucalyptus hallii,Goodwood Gum,-,Vulnerable,-,-,-,Yes,-,-,-,-,-,-,-,-,-,-,-,-,-,20433,-,Plantae,Magnoliopsida,http://www.environment.gov.au/cgi-bin/sprat/public/publicspecies.pl?taxon_id=20433,2026-Aug-28,https://id.biodiversity.org.au/name/apni/96443,Myrtaceae,Eucalyptus,hallii,-,-,Brooker,-
Eucalyptus imlayensis,"Imlay Mallee, Mount Imlay Mallee",-,Critically Endangered,-,Yes,-,-,-,-,-,-,-,-,-,-,-,-,-,-,-,12623,-,Plantae,Magnoliopsida,http://www.environment.gov.au/cgi-bin/sprat/public/publicspecies.pl?taxon_id=12623,2026-Aug-28,https://id.biodiversity.org.au/name/apni/71543,Myrtaceae,Eucalyptus,imlayensis,-,-,Crisp  Brooker,-
Eucalyptus impensa,Eneabba Mallee,Eucalyptus x impensa,Endangered,-,-,-,-,-,-,-,Yes,-,-,-,-,-,-,-,-,-,56711,94219,Plantae,Magnoliopsida,http://www.environment.gov.au/cgi-bin/sprat/public/publicspecies.pl?taxon_id=56711,2026-Aug-28,https://id.biodiversity.org.au/name/apni/204168,Myrtaceae,Eucalyptus,impensa,-,-,Brooker and Hopper,-
Eucalyptus infera,Durikai Mallee,-,Vulnerable,-,-,-,Yes,-,-,-,-,-,-,-,-,-,-,-,-,-,55145,-,Plantae,Magnoliopsida,http://www.environment.gov.au/cgi-bin/sprat/public/publicspecies.pl?taxon_id=55145,2026-Aug-28,https://id.biodiversity.org.au/name/apni/117511,Myrtaceae,Eucalyptus,infera,-,-,A.R.Bean,-
Eucalyptus insularis,Twin Peak Island Mallee,-,Endangered,-,-,-,-,-,-,-,Yes,-,-,-,-,-,-,-,-,-,3057,-,Plantae,Magnoliopsida,http://www.environment.gov.au/cgi-bin/sprat/public/publicspecies.pl?taxon_id=3057,2026-Aug-28,https://id.biodiversity.org.au/name/apni/72804,Myrtaceae,Eucalyptus,insularis,-,-,Brooker,-
Eucalyptus johnsoniana,Johnson's Mallee,-,Vulnerable,-,-,-,-,-,-,-,Yes,-,-,-,-,-,-,-,-,-,14516,-,Plantae,Magnoliopsida,http://www.environment.gov.au/cgi-bin/sprat/public/publicspecies.pl?taxon_id=14516,2026-Aug-28,https://id.biodiversity.org.au/name/apni/109039,Myrtaceae,Eucalyptus,johnsoniana,-,-,Brooker  Blaxell,-
Eucalyptus kabiana,Mount Beerwah Mallee,-,Vulnerable,-,-,-,Yes,-,-,-,-,-,-,-,-,-,-,-,-,-,56319,-,Plantae,Magnoliopsida,http://www.environment.gov.au/cgi-bin/sprat/public/publicspecies.pl?taxon_id=56319,2026-Aug-28,https://id.biodiversity.org.au/name/apni/118828,Myrtaceae,Eucalyptus,kabiana,-,-,L.A.S.Johnson  K.D.Hill,-
Eucalyptus kartzoffiana,Araluen Gum,-,Vulnerable,-,Yes,-,-,-,-,-,-,-,-,-,-,-,-,-,-,-,19330,-,Plantae,Magnoliopsida,http://www.environment.gov.au/cgi-bin/sprat/public/publicspecies.pl?taxon_id=19330,2026-Aug-28,https://id.biodiversity.org.au/name/apni/83507,Myrtaceae,Eucalyptus,kartzoffiana,-,-,L.Johnson  Blaxell,-
Eucalyptus langleyi,"Albatross Mallee, Green Mallee Ash",-,Vulnerable,-,Yes,-,-,-,-,-,-,-,-,-,-,-,-,-,-,-,56224,-,Plantae,Magnoliopsida,http://www.environment.gov.au/cgi-bin/sprat/public/publicspecies.pl?taxon_id=56224,2026-Aug-28,https://id.biodiversity.org.au/name/apni/118719,Myrtaceae,Eucalyptus,langleyi,-,-,L.A.S.Johnson  Blaxell,-
Eucalyptus largeana,Craven Grey Box,-,Endangered,-,Yes,-,-,-,-,-,-,-,-,-,-,-,-,-,-,-,18581,-,Plantae,Magnoliopsida,http://www.environment.gov.au/cgi-bin/sprat/public/publicspecies.pl?taxon_id=18581,2026-Aug-28,https://id.biodiversity.org.au/name/apni/63155,Myrtaceae,Eucalyptus,largeana,-,-,Blakely,-
Eucalyptus lateritica,Laterite Mallee,Eucalyptus x lateritica,Vulnerable,-,-,-,-,-,-,-,Yes,-,-,-,-,-,-,-,-,-,6271,94036,Plantae,Magnoliopsida,http://www.environment.gov.au/cgi-bin/sprat/public/publicspecies.pl?taxon_id=6271,2026-Aug-28,https://id.biodiversity.org.au/name/apni/63272,Myrtaceae,Eucalyptus,lateritica,-,-,Brooker  Hopper,-
Eucalyptus leprophloia,"Scaly Butt Mallee, Scaly-butt Mallee",-,Endangered,-,-,-,-,-,-,-,Yes,-,-,-,-,-,-,-,-,-,56712,-,Plantae,Magnoliopsida,http://www.environment.gov.au/cgi-bin/sprat/public/publicspecies.pl?taxon_id=56712,2026-Aug-28,https://id.biodiversity.org.au/name/apni/119572,Myrtaceae,Eucalyptus,leprophloia,-,-,Brooker and Hopper,-
Eucalyptus macarthurii,"Camden Woollybutt, Paddys River Box",-,Endangered,-,Yes,-,-,-,-,-,-,-,-,-,-,-,-,-,-,-,7827,-,Plantae,Magnoliopsida,http://www.environment.gov.au/cgi-bin/sprat/public/publicspecies.pl?taxon_id=7827,2026-Aug-28,https://id.biodiversity.org.au/name/apni/97075,Myrtaceae,Eucalyptus,macarthurii,-,-,H.Deane  Maiden,-
Eucalyptus mckieana,McKie's Stringybark,-,Vulnerable,-,Yes,-,-,-,-,-,-,-,-,-,-,-,-,-,-,-,20199,-,Plantae,Magnoliopsida,http://www.environment.gov.au/cgi-bin/sprat/public/publicspecies.pl?taxon_id=20199,2026-Aug-28,https://id.biodiversity.org.au/name/apni/99476,Myrtaceae,Eucalyptus,mckieana,-,-,Blakely,-
Eucalyptus merrickiae,Goblet Mallee,-,Vulnerable,-,-,-,-,-,-,-,Yes,-,-,-,-,-,-,-,-,-,13119,-,Plantae,Magnoliopsida,http://www.environment.gov.au/cgi-bin/sprat/public/publicspecies.pl?taxon_id=13119,2026-Aug-28,https://id.biodiversity.org.au/name/apni/56206,Myrtaceae,Eucalyptus,merrickiae,-,-,Maiden  Blakely,-
Eucalyptus mooreana,"Mountain White Gum,  King Leopold Range Mallee, Moore's Gum",-,Vulnerable,-,-,-,-,-,-,-,Yes,-,-,-,-,-,-,-,-,-,17656,-,Plantae,Magnoliopsida,http://www.environment.gov.au/cgi-bin/sprat/public/publicspecies.pl?taxon_id=17656,2026-Aug-28,https://id.biodiversity.org.au/name/apni/56584,Myrtaceae,Eucalyptus,mooreana,-,-,Maiden,-
Eucalyptus morrisbyi,"Morrisby's Gum, Morrisbys Gum",-,Critically Endangered,-,-,-,-,-,Yes,-,-,-,-,-,-,-,-,-,-,-,7382,-,Plantae,Magnoliopsida,http://www.environment.gov.au/cgi-bin/sprat/public/publicspecies.pl?taxon_id=7382,2026-Aug-28,https://id.biodiversity.org.au/name/apni/56699,Myrtaceae,Eucalyptus,morrisbyi,-,-,Brett,-
Eucalyptus nicholii,"Narrow-leaved Peppermint, Narrow-leaved Black Peppermint",-,Vulnerable,-,Yes,-,-,-,-,-,-,-,-,-,-,-,-,-,-,-,20992,-,Plantae,Magnoliopsida,http://www.environment.gov.au/cgi-bin/sprat/public/publicspecies.pl?taxon_id=20992,2026-Aug-28,https://id.biodiversity.org.au/name/apni/74286,Myrtaceae,Eucalyptus,nicholii,-,-,Maiden  Blakely,-
Eucalyptus nudicaulis,Mt Isa Mallee,-,Endangered,-,-,-,Yes,-,-,-,-,-,-,-,-,-,-,-,-,-,55399,-,Plantae,Magnoliopsida,http://www.environment.gov.au/cgi-bin/sprat/public/publicspecies.pl?taxon_id=55399,2026-Aug-28,https://id.biodiversity.org.au/name/apni/117812,Myrtaceae,Eucalyptus,nudicaulis,-,-,A.R.Bean,-
Eucalyptus pachycalyx subsp. banyabba,Banyabba Shiny-barked Gum,-,Endangered,-,Yes,-,-,-,-,-,-,-,-,-,-,-,-,-,-,-,64898,-,Plantae,Magnoliopsida,http://www.environment.gov.au/cgi-bin/sprat/public/publicspecies.pl?taxon_id=64898,2026-Aug-28,https://id.biodiversity.org.au/name/apni/154692,Myrtaceae,Eucalyptus,pachycalyx,subsp.,banyabba,K.D.Hill,-
Eucalyptus paedoglauca,Mt Stuart Ironbark,-,Vulnerable,-,-,-,Yes,-,-,-,-,-,-,-,-,-,-,-,-,-,56188,-,Plantae,Magnoliopsida,http://www.environment.gov.au/cgi-bin/sprat/public/publicspecies.pl?taxon_id=56188,2026-Aug-28,https://id.biodiversity.org.au/name/apni/118680,Myrtaceae,Eucalyptus,paedoglauca,-,-,L.A.S.Johnson  Blaxell,-
Eucalyptus paliformis,Wadbilliga Ash,-,Critically Endangered,-,Yes,-,-,-,-,-,-,-,-,-,-,-,-,-,-,-,5565,-,Plantae,Magnoliopsida,http://www.environment.gov.au/cgi-bin/sprat/public/publicspecies.pl?taxon_id=5565,2026-Aug-28,https://id.biodiversity.org.au/name/apni/87088,Myrtaceae,Eucalyptus,paliformis,-,-,L.A.S.Johnson  Blaxell,-
Eucalyptus paludicola,"Mount Compass Swamp Gum, Fleurieu Swamp Gum, Marsh Gum",Eucalyptus x paludicola,Endangered,-,-,-,-,Yes,-,-,-,-,-,-,-,-,-,-,-,-,64276,94622,Plantae,Magnoliopsida,http://www.environment.gov.au/cgi-bin/sprat/public/publicspecies.pl?taxon_id=64276,2026-Aug-28,https://id.biodiversity.org.au/name/apni/119655,Myrtaceae,Eucalyptus,paludicola,-,-,D.Nicolle,-
Eucalyptus parramattensis subsp. decadens,"Earp's Gum, Earp's Dirty Gum",-,Vulnerable,-,Yes,-,-,-,-,-,-,-,-,-,-,-,-,-,-,-,56148,-,Plantae,Magnoliopsida,http://www.environment.gov.au/cgi-bin/sprat/public/publicspecies.pl?taxon_id=56148,2026-Aug-28,https://id.biodiversity.org.au/name/apni/118638,Myrtaceae,Eucalyptus,parramattensis,subsp.,decadens,-,L.A.S.Johnson  Blaxell
Eucalyptus parvula,Small-leaved Gum,-,Vulnerable,-,Yes,-,-,-,-,-,-,-,-,-,-,-,-,-,-,-,56153,-,Plantae,Magnoliopsida,http://www.environment.gov.au/cgi-bin/sprat/public/publicspecies.pl?taxon_id=56153,2026-Aug-28,https://id.biodiversity.org.au/name/apni/118643,Myrtaceae,Eucalyptus,parvula,-,-,L.A.S.Johnson  K.D.Hill,-
Eucalyptus phoenix,Brumby Mallee-gum,-,Critically Endangered,-,-,-,-,-,-,Yes,-,-,-,-,-,-,-,-,-,-,89462,-,Plantae,Magnoliopsida,http://www.environment.gov.au/cgi-bin/sprat/public/publicspecies.pl?taxon_id=89462,2026-Aug-28,https://id.biodiversity.org.au/name/apni/242245,Myrtaceae,Eucalyptus,phoenix,-,-,Molyneux  Forrester,-
Eucalyptus platydisca,Jimberlana Mallee,-,Vulnerable,-,-,-,-,-,-,-,Yes,-,-,-,-,-,-,-,-,-,64575,-,Plantae,Magnoliopsida,http://www.environment.gov.au/cgi-bin/sprat/public/publicspecies.pl?taxon_id=64575,2026-Aug-28,https://id.biodiversity.org.au/name/apni/205918,Myrtaceae,Eucalyptus,platydisca,-,-,L.A.S.Johnson  K.D.Hill ex D.Nicolle  Brooker,-
Eucalyptus pruiniramis,"Midlands Gum, Jingymia Gum",-,Endangered,-,-,-,-,-,-,-,Yes,-,-,-,-,-,-,-,-,-,56403,-,Plantae,Magnoliopsida,http://www.environment.gov.au/cgi-bin/sprat/public/publicspecies.pl?taxon_id=56403,2026-Aug-28,https://id.biodiversity.org.au/name/apni/118926,Myrtaceae,Eucalyptus,pruiniramis,-,-,L.A.S.Johnson  K.D.Hill,-
Eucalyptus pulverulenta,"Silver-leaved Mountain Gum, Silver-leaved Gum",-,Vulnerable,-,Yes,-,-,-,-,-,-,-,-,-,-,-,-,-,-,-,21537,-,Plantae,Magnoliopsida,http://www.environment.gov.au/cgi-bin/sprat/public/publicspecies.pl?taxon_id=21537,2026-Aug-28,https://id.biodiversity.org.au/name/apni/106609,Myrtaceae,Eucalyptus,pulverulenta,-,-,Sims,-
Eucalyptus pumila,Pokolbin Mallee,-,Vulnerable,-,Yes,-,-,-,-,-,-,-,-,-,-,-,-,-,-,-,16510,-,Plantae,Magnoliopsida,http://www.environment.gov.au/cgi-bin/sprat/public/publicspecies.pl?taxon_id=16510,2026-Aug-28,https://id.biodiversity.org.au/name/apni/106709,Myrtaceae,Eucalyptus,pumila,-,-,Cambage,-
Eucalyptus raveretiana,Black Ironbox,-,Vulnerable,-,-,-,Yes,-,-,-,-,-,-,-,-,-,-,-,-,-,16344,-,Plantae,Magnoliopsida,http://www.environment.gov.au/cgi-bin/sprat/public/publicspecies.pl?taxon_id=16344,2026-Aug-28,https://id.biodiversity.org.au/name/apni/101480,Myrtaceae,Eucalyptus,raveretiana,-,-,F.Muell.,-
Eucalyptus recta,Silver Mallet,-,Endangered,-,-,-,-,-,-,-,Yes,-,-,-,-,-,-,-,-,-,56430,-,Plantae,Magnoliopsida,http://www.environment.gov.au/cgi-bin/sprat/public/publicspecies.pl?taxon_id=56430,2026-Aug-28,https://id.biodiversity.org.au/name/apni/118953,Myrtaceae,Eucalyptus,recta,-,-,L.A.S.Johnson  K.D.Hill,-
Eucalyptus recurva,Mongarlowe Mallee,-,Critically Endangered,-,Yes,-,-,-,-,-,-,-,-,-,-,-,-,-,-,-,11004,-,Plantae,Magnoliopsida,http://www.environment.gov.au/cgi-bin/sprat/public/publicspecies.pl?taxon_id=11004,2026-Aug-28,https://id.biodiversity.org.au/name/apni/101532,Myrtaceae,Eucalyptus,recurva,-,-,Crisp,-
Eucalyptus rhodantha,Rose Mallee,-,Vulnerable,-,-,-,-,-,-,-,Yes,-,-,-,-,-,-,-,-,-,9362,-,Plantae,Magnoliopsida,http://www.environment.gov.au/cgi-bin/sprat/public/publicspecies.pl?taxon_id=9362,2026-Aug-28,https://id.biodiversity.org.au/name/apni/101981,Myrtaceae,Eucalyptus,rhodantha,-,-,Blakely  H.Steedman,-
Eucalyptus robertsonii subsp. hemisphaerica,Robertson's Peppermint,-,Vulnerable,-,Yes,-,-,-,-,-,-,-,-,-,-,-,-,-,-,-,56223,-,Plantae,Magnoliopsida,http://www.environment.gov.au/cgi-bin/sprat/public/publicspecies.pl?taxon_id=56223,2026-Aug-28,https://id.biodiversity.org.au/name/apni/118718,Myrtaceae,Eucalyptus,robertsonii,subsp.,hemisphaerica,-,L.A.S.Johnson  K.D.Hill
Eucalyptus rubida subsp. barbigerorum,Blackbutt Candlebark,-,Vulnerable,-,Yes,-,-,-,-,-,-,-,-,-,-,-,-,-,-,-,64618,-,Plantae,Magnoliopsida,http://www.environment.gov.au/cgi-bin/sprat/public/publicspecies.pl?taxon_id=64618,2026-Aug-28,https://id.biodiversity.org.au/name/apni/118671,Myrtaceae,Eucalyptus,rubida,subsp.,barbigerorum,L.A.S.Johnson  K.D.Hill,-
Eucalyptus scoparia,"Wallangarra White Gum, Willow Gum",-,Vulnerable,-,Yes,-,Yes,-,-,-,-,-,-,-,-,-,-,-,-,-,9640,-,Plantae,Magnoliopsida,http://www.environment.gov.au/cgi-bin/sprat/public/publicspecies.pl?taxon_id=9640,2026-Aug-28,https://id.biodiversity.org.au/name/apni/76558,Myrtaceae,Eucalyptus,scoparia,-,-,Maiden,-
Eucalyptus scopulorum,-,-,Critically Endangered,-,Yes,-,-,-,-,-,-,-,-,-,-,-,-,-,-,-,65948,-,Plantae,Magnoliopsida,http://www.environment.gov.au/cgi-bin/sprat/public/publicspecies.pl?taxon_id=65948,2026-Aug-28,https://id.biodiversity.org.au/name/apni/164174,Myrtaceae,Eucalyptus,scopulorum,-,-,K.D.Hill,-
"Eucalyptus sp. Cattai (Gregson s.n., 28 Aug 1954)",-,Eucalyptus cryptica,Critically Endangered,-,Yes,-,-,-,-,-,-,-,-,-,-,-,-,-,-,-,89499,93502,Plantae,Magnoliopsida,http://www.environment.gov.au/cgi-bin/sprat/public/publicspecies.pl?taxon_id=89499,2026-Aug-28,https://id.biodiversity.org.au/name/apni/216644,Myrtaceae,Eucalyptus,"sp. Cattai (Gregson s.n., 28 Aug 1954)",-,-,-,-
Eucalyptus steedmanii,Steedmans Gum,-,Vulnerable,-,-,-,-,-,-,-,Yes,-,-,-,-,-,-,-,-,-,15393,-,Plantae,Magnoliopsida,http://www.environment.gov.au/cgi-bin/sprat/public/publicspecies.pl?taxon_id=15393,2026-Aug-28,https://id.biodiversity.org.au/name/apni/93121,Myrtaceae,Eucalyptus,steedmanii,-,-,C.Gardner,-
Eucalyptus stenostoma,Jillaga Ash,-,Endangered,-,Yes,-,-,-,-,-,-,-,-,-,-,-,-,-,-,-,3976,-,Plantae,Magnoliopsida,http://www.environment.gov.au/cgi-bin/sprat/public/publicspecies.pl?taxon_id=3976,2026-Aug-28,https://id.biodiversity.org.au/name/apni/93304,Myrtaceae,Eucalyptus,stenostoma,-,-,L.A.S.Johnson  Blaxell,-
Eucalyptus strzeleckii,Strzelecki Gum,-,Vulnerable,-,-,-,-,-,-,Yes,-,-,-,-,-,-,-,-,-,-,55400,-,Plantae,Magnoliopsida,http://www.environment.gov.au/cgi-bin/sprat/public/publicspecies.pl?taxon_id=55400,2026-Aug-28,https://id.biodiversity.org.au/name/apni/117815,Myrtaceae,Eucalyptus,strzeleckii,-,-,K.Rule,-
Eucalyptus sturgissiana,Ettrema Mallee,-,Endangered,-,Yes,-,-,-,-,-,-,-,-,-,-,-,-,-,-,-,18347,-,Plantae,Magnoliopsida,http://www.environment.gov.au/cgi-bin/sprat/public/publicspecies.pl?taxon_id=18347,2026-Aug-28,https://id.biodiversity.org.au/name/apni/93852,Myrtaceae,Eucalyptus,sturgissiana,-,-,L.A.S.Johnson  Blaxell,-
Eucalyptus suberea,"Cork Mallee, Mount Lesueur Mallee",-,Vulnerable,-,-,-,-,-,-,-,Yes,-,-,-,-,-,-,-,-,-,5529,-,Plantae,Magnoliopsida,http://www.environment.gov.au/cgi-bin/sprat/public/publicspecies.pl?taxon_id=5529,2026-Aug-28,https://id.biodiversity.org.au/name/apni/93899,Myrtaceae,Eucalyptus,suberea,-,-,Brooker  Hopper,-
Eucalyptus synandra,Jingymia Mallee,-,Vulnerable,-,-,-,-,-,-,-,Yes,-,-,-,-,-,-,-,-,-,3753,-,Plantae,Magnoliopsida,http://www.environment.gov.au/cgi-bin/sprat/public/publicspecies.pl?taxon_id=3753,2026-Aug-28,https://id.biodiversity.org.au/name/apni/94053,Myrtaceae,Eucalyptus,synandra,-,-,Crisp,-
Eucalyptus taurina,Helidon Ironbark,-,Endangered,-,-,-,Yes,-,-,-,-,-,-,-,-,-,-,-,-,-,64255,-,Plantae,Magnoliopsida,http://www.environment.gov.au/cgi-bin/sprat/public/publicspecies.pl?taxon_id=64255,2026-Aug-28,https://id.biodiversity.org.au/name/apni/119610,Myrtaceae,Eucalyptus,taurina,-,-,A.R.Bean  Brooker,-
Eucalyptus tetrapleura,Square-fruited Ironbark,-,Vulnerable,-,Yes,-,-,-,-,-,-,-,-,-,-,-,-,-,-,-,7490,-,Plantae,Magnoliopsida,http://www.environment.gov.au/cgi-bin/sprat/public/publicspecies.pl?taxon_id=7490,2026-Aug-28,https://id.biodiversity.org.au/name/apni/55540,Myrtaceae,Eucalyptus,tetrapleura,-,-,L.Johnson,-
Eucalyptus virens,-,-,Vulnerable,-,-,-,Yes,-,-,-,-,-,-,-,-,-,-,-,-,-,10181,-,Plantae,Magnoliopsida,http://www.environment.gov.au/cgi-bin/sprat/public/publicspecies.pl?taxon_id=10181,2026-Aug-28,https://id.biodiversity.org.au/name/apni/103758,Myrtaceae,Eucalyptus,virens,-,-,Brooker  A.Bean,-
Eucalyptus x balanites,"Cadda Road Mallee, Cadda Mallee",-,Endangered,-,-,-,-,-,-,-,Yes,-,-,-,-,-,-,-,-,-,87816,-,Plantae,Magnoliopsida,http://www.environment.gov.au/cgi-bin/sprat/public/publicspecies.pl?taxon_id=87816,2026-Aug-28,https://id.biodiversity.org.au/name/apni/118384,Myrtaceae,Eucalyptus,x balanites,-,-,Grayling  Brooker,-
Eucalyptus x phylacis,Meelup Mallee,-,Endangered,-,-,-,-,-,-,-,Yes,-,-,-,-,-,-,-,-,-,87817,-,Plantae,Magnoliopsida,http://www.environment.gov.au/cgi-bin/sprat/public/publicspecies.pl?taxon_id=87817,2026-Aug-28,https://id.biodiversity.org.au/name/apni/118944,Myrtaceae,Eucalyptus,x phylacis,-,-,L.A.S.Johnson  K.D.Hill,-
Eucryphia wilkiei,-,-,Vulnerable,-,-,-,Yes,-,-,-,-,-,-,-,-,-,-,-,-,-,64900,-,Plantae,Magnoliopsida,http://www.environment.gov.au/cgi-bin/sprat/public/publicspecies.pl?taxon_id=64900,2026-Aug-28,https://id.biodiversity.org.au/name/apni/154752,Eucryphiaceae,Eucryphia,wilkiei,-,-,B.Hyland,-
Eulamprus kosciuskoi,Alpine Water Skink,-,Vulnerable,Yes,Yes,-,-,-,-,Yes,-,-,-,-,-,-,-,-,-,-,59693,-,Animalia,Reptilia,http://www.environment.gov.au/cgi-bin/sprat/public/publicspecies.pl?taxon_id=59693,2026-Aug-28,-,Scincidae,Eulamprus,kosciuskoi,-,-,"(Kinghorn,1932)",-
Eulamprus leuraensis,Blue Mountains Water Skink,-,Endangered,-,Yes,-,-,-,-,-,-,-,-,-,-,-,-,-,-,-,59199,-,Animalia,Reptilia,http://www.environment.gov.au/cgi-bin/sprat/public/publicspecies.pl?taxon_id=59199,2026-Aug-28,-,Scincidae,Eulamprus,leuraensis,-,-,"Wells and Wellington,1984",-
Eulamprus tympanum marnieae,"Corangamite Water Skink, Dreeite Water Skink",-,Endangered,-,-,-,-,-,-,Yes,-,-,-,-,-,-,-,-,-,-,64487,-,Animalia,Reptilia,http://www.environment.gov.au/cgi-bin/sprat/public/publicspecies.pl?taxon_id=64487,2026-Aug-28,-,Scincidae,Eulamprus,tympanum,-,marnieae,-,"Hutchinson and Rawlinson, 1995"
Euphorbia carissoides,-,-,Vulnerable,-,-,-,Yes,-,-,-,-,-,-,-,-,-,-,-,-,-,12431,-,Plantae,Magnoliopsida,http://www.environment.gov.au/cgi-bin/sprat/public/publicspecies.pl?taxon_id=12431,2026-Aug-28,https://id.biodiversity.org.au/name/apni/91574,Euphorbiaceae,Euphorbia,carissoides,-,-,F.M.Bailey,-
Euphorbia norfolkiana,Norfolk Island Euphorbia,-,Critically Endangered,-,-,-,-,-,-,-,-,-,-,-,-,-,Yes,-,-,-,65887,-,Plantae,Magnoliopsida,http://www.environment.gov.au/cgi-bin/sprat/public/publicspecies.pl?taxon_id=65887,2026-Aug-28,https://id.biodiversity.org.au/name/apni/143885,Euphorbiaceae,Euphorbia,norfolkiana,-,-,Boiss.,-
Euphorbia obliqua,a herb,-,Vulnerable,-,-,-,Yes,-,-,-,-,-,-,-,-,-,Yes,-,-,-,44385,-,Plantae,Magnoliopsida,http://www.environment.gov.au/cgi-bin/sprat/public/publicspecies.pl?taxon_id=44385,2026-Aug-28,https://id.biodiversity.org.au/name/apni/93249,Euphorbiaceae,Euphorbia,obliqua,-,-,Endl.,-
Euphrasia amphisysepala,Shiny Cliff Eyebright,-,Vulnerable,-,-,-,-,-,Yes,-,-,-,-,-,-,-,-,-,-,-,4534,-,Plantae,Magnoliopsida,http://www.environment.gov.au/cgi-bin/sprat/public/publicspecies.pl?taxon_id=4534,2026-Aug-28,https://id.biodiversity.org.au/name/apni/93479,Scrophulariaceae,Euphrasia,amphisysepala,-,-,W.R.Barker,-
Euphrasia arguta,-,-,Critically Endangered,-,Yes,-,-,-,-,-,-,-,-,-,-,-,-,-,-,-,4325,-,Plantae,Magnoliopsida,http://www.environment.gov.au/cgi-bin/sprat/public/publicspecies.pl?taxon_id=4325,2026-Aug-28,https://id.biodiversity.org.au/name/apni/93518,Scrophulariaceae,Euphrasia,arguta,-,-,R.Br.,-
Euphrasia bella,"Lamington Eyebright, Mt. Merino Eyebright",-,Vulnerable,-,Yes,-,Yes,-,-,-,-,-,-,-,-,-,-,-,-,-,4425,-,Plantae,Magnoliopsida,http://www.environment.gov.au/cgi-bin/sprat/public/publicspecies.pl?taxon_id=4425,2026-Aug-28,https://id.biodiversity.org.au/name/apni/93545,Scrophulariaceae,Euphrasia,bella,-,-,S.T.Blake,-
Euphrasia bowdeniae,-,-,Vulnerable,-,Yes,-,-,-,-,-,-,-,-,-,-,-,-,-,-,-,21521,-,Plantae,Magnoliopsida,http://www.environment.gov.au/cgi-bin/sprat/public/publicspecies.pl?taxon_id=21521,2026-Aug-28,https://id.biodiversity.org.au/name/apni/93571,Scrophulariaceae,Euphrasia,bowdeniae,-,-,W.R.Barker,-
Euphrasia collina subsp. muelleri,"Purple Eyebright, Mueller's Eyebright",-,Endangered,-,Yes,-,-,Yes,-,Yes,-,-,-,-,-,-,-,-,-,-,16151,-,Plantae,Magnoliopsida,http://www.environment.gov.au/cgi-bin/sprat/public/publicspecies.pl?taxon_id=16151,2026-Aug-28,https://id.biodiversity.org.au/name/apni/94074,Scrophulariaceae,Euphrasia,collina,subsp.,muelleri,-,(Wettst.) W.R.Barker
Euphrasia collina subsp. osbornii,Osborn's Eyebright,-,Endangered,-,-,-,-,Yes,-,-,-,-,-,-,-,-,-,-,-,-,3684,-,Plantae,Magnoliopsida,http://www.environment.gov.au/cgi-bin/sprat/public/publicspecies.pl?taxon_id=3684,2026-Aug-28,https://id.biodiversity.org.au/name/apni/94126,Scrophulariaceae,Euphrasia,collina,subsp.,osbornii,-,W.R.Barker
Euphrasia crassiuscula subsp. glandulifera,Thick Eyebright,-,Vulnerable,-,-,-,-,-,-,Yes,-,-,-,-,-,-,-,-,-,-,21556,-,Plantae,Magnoliopsida,http://www.environment.gov.au/cgi-bin/sprat/public/publicspecies.pl?taxon_id=21556,2026-Aug-28,https://id.biodiversity.org.au/name/apni/112033,Scrophulariaceae,Euphrasia,crassiuscula,subsp.,glandulifera,-,W.R.Barker
Euphrasia eichleri,Bogong Eyebright,-,Vulnerable,-,-,-,-,-,-,Yes,-,-,-,-,-,-,-,-,-,-,12831,-,Plantae,Magnoliopsida,http://www.environment.gov.au/cgi-bin/sprat/public/publicspecies.pl?taxon_id=12831,2026-Aug-28,https://id.biodiversity.org.au/name/apni/112154,Scrophulariaceae,Euphrasia,eichleri,-,-,W.R.Barker,-
Euphrasia fragosa,"Shy Eyebright, Southport Eyebright",-,Critically Endangered,-,-,-,-,-,Yes,-,-,-,-,-,-,-,-,-,-,-,64901,-,Plantae,Magnoliopsida,http://www.environment.gov.au/cgi-bin/sprat/public/publicspecies.pl?taxon_id=64901,2026-Aug-28,https://id.biodiversity.org.au/name/apni/154559,Scrophulariaceae,Euphrasia,fragosa,-,-,W.R.Barker,-
Euphrasia gibbsiae subsp. psilantherea,Swamp Eyebright,-,Critically Endangered,-,-,-,-,-,Yes,-,-,-,-,-,-,-,-,-,-,-,21507,-,Plantae,Magnoliopsida,http://www.environment.gov.au/cgi-bin/sprat/public/publicspecies.pl?taxon_id=21507,2026-Aug-28,https://id.biodiversity.org.au/name/apni/112406,Scrophulariaceae,Euphrasia,gibbsiae,subsp.,psilantherea,-,(F.Muell.) W.R.Barker
Euphrasia phragmostoma,"Bufton's Eyebright, Hairy Cliff Eyebright",-,Vulnerable,-,-,-,-,-,Yes,-,-,-,-,-,-,-,-,-,-,-,7720,-,Plantae,Magnoliopsida,http://www.environment.gov.au/cgi-bin/sprat/public/publicspecies.pl?taxon_id=7720,2026-Aug-28,https://id.biodiversity.org.au/name/apni/113150,Scrophulariaceae,Euphrasia,phragmostoma,-,-,W.R.Barker,-
Euphrasia ruptura,subshrub,-,Extinct,-,Yes,-,-,-,-,-,-,-,-,-,-,-,-,-,-,-,64902,-,Plantae,Magnoliopsida,http://www.environment.gov.au/cgi-bin/sprat/public/publicspecies.pl?taxon_id=64902,2026-Aug-28,https://id.biodiversity.org.au/name/apni/154807,Scrophulariaceae,Euphrasia,ruptura,-,-,W.R.Barker,-
Euphrasia semipicta,Peninsula Eyebright,-,Endangered,-,-,-,-,-,Yes,-,-,-,-,-,-,-,-,-,-,-,9986,-,Plantae,Magnoliopsida,http://www.environment.gov.au/cgi-bin/sprat/public/publicspecies.pl?taxon_id=9986,2026-Aug-28,https://id.biodiversity.org.au/name/apni/113330,Scrophulariaceae,Euphrasia,semipicta,-,-,W.R.Barker,-
Euphrasia sp. Bivouac Bay (W.R.Barker 7626 et al.),"Masked Eyebright, Masked Cliff Eyebright",-,Endangered,-,-,-,-,-,Yes,-,-,-,-,-,-,-,-,-,-,-,82044,-,Plantae,Magnoliopsida,http://www.environment.gov.au/cgi-bin/sprat/public/publicspecies.pl?taxon_id=82044,2026-Aug-28,https://id.biodiversity.org.au/name/apni/194333,Scrophulariaceae,Euphrasia,sp. Bivouac Bay (W.R.Barker 7626 et al.),-,-,W.R.Barker,-
Falco hypoleucos,Grey Falcon,-,Vulnerable,Yes,Yes,Yes,Yes,Yes,-,Yes,Yes,-,-,-,-,-,-,-,-,-,929,-,Animalia,Aves,http://www.environment.gov.au/cgi-bin/sprat/public/publicspecies.pl?taxon_id=929,2026-Aug-28,-,Falconidae,Falco,hypoleucos,-,-,"Gould,1841",-
Falcunculus frontatus whitei,"Crested Shrike-tit (northern), Northern Shrike-tit",-,Vulnerable,-,-,Yes,-,-,-,-,Yes,-,-,-,-,-,-,-,-,-,26013,-,Animalia,Aves,http://www.environment.gov.au/cgi-bin/sprat/public/publicspecies.pl?taxon_id=26013,2026-Aug-28,-,Pachycephalidae,Falcunculus,frontatus,-,whitei,-,"Campbell, 1910"
Fimbristylis adjuncta,-,-,Endangered,-,-,-,Yes,-,-,-,-,-,-,-,-,-,-,-,-,-,16371,-,Plantae,Liliopsida,http://www.environment.gov.au/cgi-bin/sprat/public/publicspecies.pl?taxon_id=16371,2026-Aug-28,https://id.biodiversity.org.au/name/apni/94515,Cyperaceae,Fimbristylis,adjuncta,-,-,S.T.Blake,-
Floydia praealta,"Ball Nut, Possum Nut, Big Nut, Beefwood",-,Vulnerable,-,Yes,-,Yes,-,-,-,-,-,-,-,-,-,-,-,-,-,15762,-,Plantae,Magnoliopsida,http://www.environment.gov.au/cgi-bin/sprat/public/publicspecies.pl?taxon_id=15762,2026-Aug-28,https://id.biodiversity.org.au/name/apni/105144,Proteaceae,Floydia,praealta,-,-,(F.Muell.) L.A.S.Johnson  B.G.Briggs,-
Fontainea australis,Southern Fontainea,-,Vulnerable,-,Yes,-,Yes,-,-,-,-,-,-,-,-,-,-,-,-,-,24037,-,Plantae,Magnoliopsida,http://www.environment.gov.au/cgi-bin/sprat/public/publicspecies.pl?taxon_id=24037,2026-Aug-28,https://id.biodiversity.org.au/name/apni/99482,Euphorbiaceae,Fontainea,australis,-,-,Jessup  Guymer,-
Fontainea oraria,Coastal Fontainea,-,Critically Endangered,-,Yes,-,-,-,-,-,-,-,-,-,-,-,-,-,-,-,24038,-,Plantae,Magnoliopsida,http://www.environment.gov.au/cgi-bin/sprat/public/publicspecies.pl?taxon_id=24038,2026-Aug-28,https://id.biodiversity.org.au/name/apni/99487,Euphorbiaceae,Fontainea,oraria,-,-,Jessup  Guymer,-
Fontainea rostrata,-,-,Vulnerable,-,-,-,Yes,-,-,-,-,-,-,-,-,-,-,-,-,-,24039,-,Plantae,Magnoliopsida,http://www.environment.gov.au/cgi-bin/sprat/public/publicspecies.pl?taxon_id=24039,2026-Aug-28,https://id.biodiversity.org.au/name/apni/101285,Euphorbiaceae,Fontainea,rostrata,-,-,Jessup  Guymer,-
"Fontainea sp. Coffs Harbour (A.S.Benwell 341, NSW1102027)",-,-,Critically Endangered,-,Yes,-,-,-,-,-,-,-,-,-,-,-,-,-,-,-,91784,-,Plantae,Magnoliopsida,http://www.environment.gov.au/cgi-bin/sprat/public/publicspecies.pl?taxon_id=91784,2026-Aug-28,https://id.biodiversity.org.au/name/apni/51406166,Euphorbiaceae,Fontainea,"sp. Coffs Harbour (A.S.Benwell 341, NSW1102027)",-,-,NSW Herbarium,-
Fontainea venosa,-,-,Vulnerable,-,-,-,Yes,-,-,-,-,-,-,-,-,-,-,-,-,-,24040,-,Plantae,Magnoliopsida,http://www.environment.gov.au/cgi-bin/sprat/public/publicspecies.pl?taxon_id=24040,2026-Aug-28,https://id.biodiversity.org.au/name/apni/101299,Euphorbiaceae,Fontainea,venosa,-,-,Jessup  Guymer,-
Frankenia conferta,Silky Frankenia,-,Endangered,-,-,-,-,-,-,-,Yes,-,-,-,-,-,-,-,-,-,6074,-,Plantae,Magnoliopsida,http://www.environment.gov.au/cgi-bin/sprat/public/publicspecies.pl?taxon_id=6074,2026-Aug-28,https://id.biodiversity.org.au/name/apni/102124,Frankeniaceae,Frankenia,conferta,-,-,Diels,-
Frankenia decurrens,Decurrent-leaved Frankenia,-,Extinct,-,-,-,-,-,-,-,Yes,-,-,-,-,-,-,-,-,-,8494,-,Plantae,Magnoliopsida,http://www.environment.gov.au/cgi-bin/sprat/public/publicspecies.pl?taxon_id=8494,2026-Aug-28,https://id.biodiversity.org.au/name/apni/58168,Frankeniaceae,Frankenia,decurrens,-,-,Summerh.,-
Frankenia parvula,Short-leaved Frankenia,-,Endangered,-,-,-,-,-,-,-,Yes,-,-,-,-,-,-,-,-,-,20872,-,Plantae,Magnoliopsida,http://www.environment.gov.au/cgi-bin/sprat/public/publicspecies.pl?taxon_id=20872,2026-Aug-28,https://id.biodiversity.org.au/name/apni/58699,Frankeniaceae,Frankenia,parvula,-,-,Turcz.,-
Frankenia plicata,-,-,Endangered,-,-,-,-,Yes,-,-,-,-,-,-,-,-,-,-,-,-,4225,-,Plantae,Magnoliopsida,http://www.environment.gov.au/cgi-bin/sprat/public/publicspecies.pl?taxon_id=4225,2026-Aug-28,https://id.biodiversity.org.au/name/apni/58895,Frankeniaceae,Frankenia,plicata,-,-,Melville,-
Fregata andrewsi,"Christmas Island Frigatebird, Andrew's Frigatebird",-,Endangered,-,-,-,-,-,-,-,-,-,-,Yes,-,-,-,-,-,Yes,1011,-,Animalia,Aves,http://www.environment.gov.au/cgi-bin/sprat/public/publicspecies.pl?taxon_id=1011,2026-Aug-28,-,Fregatidae,Fregata,andrewsi,-,-,"Mathews,1914",-
Fregetta grallaria grallaria,"White-bellied Storm-Petrel (Tasman Sea), White-bellied Storm-Petrel (Australasian)",-,Vulnerable,-,Yes,-,Yes,-,Yes,Yes,-,-,-,-,Yes,Yes,Yes,Yes,Yes,Yes,64438,-,Animalia,Aves,http://www.environment.gov.au/cgi-bin/sprat/public/publicspecies.pl?taxon_id=64438,2026-Aug-28,-,Hydrobatidae,Fregetta,grallaria,-,grallaria,"(Vieilott, 1817)",-
Furina dunmalli,Dunmall's Snake,-,Vulnerable,-,Yes,-,Yes,-,-,-,-,-,-,-,-,-,-,-,-,-,59254,-,Animalia,Reptilia,http://www.environment.gov.au/cgi-bin/sprat/public/publicspecies.pl?taxon_id=59254,2026-Aug-28,-,Elapidae,Furina,dunmalli,-,-,"(Worrell,1955)",-
Gadopsis sp. SWV,Western Victorian Blackfish,-,Endangered,-,-,-,-,-,-,Yes,-,-,-,-,-,-,-,-,-,-,90722,-,Animalia,Actinopterygii,http://www.environment.gov.au/cgi-bin/sprat/public/publicspecies.pl?taxon_id=90722,2026-Aug-28,-,Percichthyidae,Gadopsis,sp. SWV,-,-,-,-
Galaxias aequipinnis,East Gippsland Galaxias,-,Critically Endangered,-,-,-,-,-,-,Yes,-,-,-,-,-,-,-,-,-,-,87174,-,Animalia,Actinopterygii,http://www.environment.gov.au/cgi-bin/sprat/public/publicspecies.pl?taxon_id=87174,2026-Aug-28,-,Galaxiidae,Galaxias,aequipinnis,-,-,"Raadik, 2014",-
Galaxias auratus,Golden Galaxias,-,Endangered,-,-,-,-,-,Yes,-,-,-,-,-,-,-,-,-,-,-,77038,-,Animalia,Actinopterygii,http://www.environment.gov.au/cgi-bin/sprat/public/publicspecies.pl?taxon_id=77038,2026-Aug-28,-,Galaxiidae,Galaxias,auratus,-,-,"Johnston, 1883",-
Galaxias brevissimus,Short-tail Galaxias,-,Critically Endangered,-,Yes,-,-,-,-,-,-,-,-,-,-,-,-,-,-,-,87880,-,Animalia,Actinopterygii,http://www.environment.gov.au/cgi-bin/sprat/public/publicspecies.pl?taxon_id=87880,2026-Aug-28,-,Galaxiidae,Galaxias,brevissimus,-,-,"Raadik, 2014",-
Galaxias fontanus,Swan Galaxias,-,Endangered,-,-,-,-,-,Yes,-,-,-,-,-,-,-,-,-,-,-,26167,-,Animalia,Actinopterygii,http://www.environment.gov.au/cgi-bin/sprat/public/publicspecies.pl?taxon_id=26167,2026-Aug-28,-,Galaxiidae,Galaxias,fontanus,-,-,"Fulton, 1978",-
Galaxias fuscus,Barred Galaxias,-,Endangered,-,-,-,-,-,-,Yes,-,-,-,-,-,-,-,-,-,-,26168,-,Animalia,Actinopterygii,http://www.environment.gov.au/cgi-bin/sprat/public/publicspecies.pl?taxon_id=26168,2026-Aug-28,-,Galaxiidae,Galaxias,fuscus,-,-,"Mack, 1936",-
Galaxias gunaikurnai,Shaw Galaxias,-,Critically Endangered,-,-,-,-,-,-,Yes,-,-,-,-,-,-,-,-,-,-,87178,-,Animalia,Actinopterygii,http://www.environment.gov.au/cgi-bin/sprat/public/publicspecies.pl?taxon_id=87178,2026-Aug-28,-,Galaxiidae,Galaxias,gunaikurnai,-,-,"Raadik, 2014",-
Galaxias johnstoni,Clarence Galaxias,-,Endangered,-,-,-,-,-,Yes,-,-,-,-,-,-,-,-,-,-,-,26184,-,Animalia,Actinopterygii,http://www.environment.gov.au/cgi-bin/sprat/public/publicspecies.pl?taxon_id=26184,2026-Aug-28,-,Galaxiidae,Galaxias,johnstoni,-,-,"Scott, 1936",-
Galaxias lanceolatus,Tapered Galaxias,-,Critically Endangered,-,-,-,-,-,-,Yes,-,-,-,-,-,-,-,-,-,-,87179,-,Animalia,Actinopterygii,http://www.environment.gov.au/cgi-bin/sprat/public/publicspecies.pl?taxon_id=87179,2026-Aug-28,-,Galaxiidae,Galaxias,lanceolatus,-,-,"Raadik, 2014",-
Galaxias longifundus,West Gippsland Galaxias,-,Critically Endangered,-,-,-,-,-,-,Yes,-,-,-,-,-,-,-,-,-,-,87180,-,Animalia,Actinopterygii,http://www.environment.gov.au/cgi-bin/sprat/public/publicspecies.pl?taxon_id=87180,2026-Aug-28,-,Galaxiidae,Galaxias,longifundus,-,-,"Raadik, 2014",-
Galaxias mcdowalli,McDowall's Galaxias,-,Critically Endangered,-,-,-,-,-,-,Yes,-,-,-,-,-,-,-,-,-,-,87177,-,Animalia,Actinopterygii,http://www.environment.gov.au/cgi-bin/sprat/public/publicspecies.pl?taxon_id=87177,2026-Aug-28,-,Galaxiidae,Galaxias,mcdowalli,-,-,"Raadik, 2014",-
Galaxias mungadhan,Dargo Galaxias,-,Critically Endangered,-,-,-,-,-,-,Yes,-,-,-,-,-,-,-,-,-,-,87176,-,Animalia,Actinopterygii,http://www.environment.gov.au/cgi-bin/sprat/public/publicspecies.pl?taxon_id=87176,2026-Aug-28,-,Galaxiidae,Galaxias,mungadhan,-,-,"Raadik, 2014",-
Galaxias parvus,Swamp Galaxias,-,Vulnerable,-,-,-,-,-,Yes,-,-,-,-,-,-,-,-,-,-,-,26175,-,Animalia,Actinopterygii,http://www.environment.gov.au/cgi-bin/sprat/public/publicspecies.pl?taxon_id=26175,2026-Aug-28,-,Galaxiidae,Galaxias,parvus,-,-,"Frankenberg, 1968",-
Galaxias pedderensis,Pedder Galaxias,-,Extinct in the wild,-,-,-,-,-,Yes,-,-,-,-,-,-,-,-,-,-,-,26169,-,Animalia,Actinopterygii,http://www.environment.gov.au/cgi-bin/sprat/public/publicspecies.pl?taxon_id=26169,2026-Aug-28,-,Galaxiidae,Galaxias,pedderensis,-,-,"Frankenberg, 1968",-
Galaxias rostratus,"Flathead Galaxias, Beaked Minnow, Flat-headed Galaxias, Flat-headed Jollytail, Flat-headed Minnow",-,Critically Endangered,-,Yes,-,-,Yes,-,Yes,-,-,-,-,-,-,-,-,-,-,84745,-,Animalia,Actinopterygii,http://www.environment.gov.au/cgi-bin/sprat/public/publicspecies.pl?taxon_id=84745,2026-Aug-28,-,Galaxiidae,Galaxias,rostratus,-,-,"Klunzinger, 1872",-
Galaxias sp. nov. 'Hunter',"Hunter Galaxias, Hunter Upland Galaxias",-,Critically Endangered,-,Yes,-,-,-,-,-,-,-,-,-,-,-,-,-,-,-,90728,-,Animalia,Actinopterygii,http://www.environment.gov.au/cgi-bin/sprat/public/publicspecies.pl?taxon_id=90728,2026-Aug-28,-,Galaxiidae,Galaxias,sp. nov. 'Hunter',-,-,-,-
Galaxias sp. nov. 'Moroka',Moroka Galaxias,-,Critically Endangered,-,-,-,-,-,-,Yes,-,-,-,-,-,-,-,-,-,-,90729,-,Animalia,Actinopterygii,http://www.environment.gov.au/cgi-bin/sprat/public/publicspecies.pl?taxon_id=90729,2026-Aug-28,-,Galaxiidae,Galaxias,sp. nov. 'Moroka',-,-,-,-
Galaxias sp. nov. 'Morwell',Morwell Galaxias,-,Critically Endangered,-,-,-,-,-,-,Yes,-,-,-,-,-,-,-,-,-,-,90730,-,Animalia,Actinopterygii,http://www.environment.gov.au/cgi-bin/sprat/public/publicspecies.pl?taxon_id=90730,2026-Aug-28,-,Galaxiidae,Galaxias,sp. nov. 'Morwell',-,-,-,-
Galaxias sp. nov. 'Yalmy',Yalmy Galaxias,-,Critically Endangered,-,-,-,-,-,-,Yes,-,-,-,-,-,-,-,-,-,-,90731,-,Animalia,Actinopterygii,http://www.environment.gov.au/cgi-bin/sprat/public/publicspecies.pl?taxon_id=90731,2026-Aug-28,-,Galaxiidae,Galaxias,sp. nov. 'Yalmy',-,-,-,-
Galaxias supremus,Kosciuszko Galaxias,-,Critically Endangered,-,Yes,-,-,-,-,-,-,-,-,-,-,-,-,-,-,-,87878,-,Animalia,Actinopterygii,http://www.environment.gov.au/cgi-bin/sprat/public/publicspecies.pl?taxon_id=87878,2026-Aug-28,-,Galaxiidae,Galaxias,supremus,-,-,"Raadik, 2014",-
Galaxias tantangara,Stocky Galaxias,-,Critically Endangered,-,Yes,-,-,-,-,-,-,-,-,-,-,-,-,-,-,-,87879,-,Animalia,Actinopterygii,http://www.environment.gov.au/cgi-bin/sprat/public/publicspecies.pl?taxon_id=87879,2026-Aug-28,-,Galaxiidae,Galaxias,tantangara,-,-,"Raadik, 2014",-
Galaxias tanycephalus,Saddled Galaxias,-,Vulnerable,-,-,-,-,-,Yes,-,-,-,-,-,-,-,-,-,-,-,26176,-,Animalia,Actinopterygii,http://www.environment.gov.au/cgi-bin/sprat/public/publicspecies.pl?taxon_id=26176,2026-Aug-28,-,Galaxiidae,Galaxias,tanycephalus,-,-,"Fulton, 1978",-
Galaxias terenasus,Roundsnout Galaxias,-,Endangered,-,Yes,-,-,-,-,Yes,-,-,-,-,-,-,-,-,-,-,87175,-,Animalia,Actinopterygii,http://www.environment.gov.au/cgi-bin/sprat/public/publicspecies.pl?taxon_id=87175,2026-Aug-28,-,Galaxiidae,Galaxias,terenasus,-,-,"Raadik, 2014",-
Galaxias truttaceus (Western Australian population),Western Trout Minnow,-,Endangered,-,-,-,-,-,-,-,Yes,-,-,-,-,-,-,-,-,-,89857,-,Animalia,Actinopterygii,http://www.environment.gov.au/cgi-bin/sprat/public/publicspecies.pl?taxon_id=89857,2026-Aug-28,-,Galaxiidae,Galaxias,truttaceus (Western Australian population),-,-,-,-
Galaxiella munda,"Western Dwarf Galaxias, Western Mud Minnow",-,Vulnerable,-,-,-,-,-,-,-,Yes,-,-,-,-,-,-,-,-,-,79240,-,Animalia,Actinopterygii,http://www.environment.gov.au/cgi-bin/sprat/public/publicspecies.pl?taxon_id=79240,2026-Aug-28,-,Galaxiidae,Galaxiella,munda,-,-,"McDowall, 1978",-
Galaxiella nigrostriata,"Blackstriped Dwarf Galaxias, Black-stripe Minnow",-,Endangered,-,-,-,-,-,-,-,Yes,-,-,-,-,-,-,-,-,-,88677,-,Animalia,Actinopterygii,http://www.environment.gov.au/cgi-bin/sprat/public/publicspecies.pl?taxon_id=88677,2026-Aug-28,-,Galaxiidae,Galaxiella,nigrostriata,-,-,"(Shipway, 1953)",-
Galaxiella pusilla,"Eastern Dwarf Galaxias, Dwarf Galaxias",-,Endangered,-,-,-,-,-,Yes,Yes,-,-,-,-,-,-,-,-,-,-,56790,-,Animalia,Actinopterygii,http://www.environment.gov.au/cgi-bin/sprat/public/publicspecies.pl?taxon_id=56790,2026-Aug-28,-,Galaxiidae,Galaxiella,pusilla,-,-,"(Mack, 1936)",-
Galaxiella toourtkoourt,"Little Galaxias, Western Plains Galaxiella",-,Vulnerable,-,-,-,-,Yes,-,Yes,-,-,-,-,-,-,-,-,-,-,88269,-,Animalia,Actinopterygii,http://www.environment.gov.au/cgi-bin/sprat/public/publicspecies.pl?taxon_id=88269,2026-Aug-28,-,Galaxiidae,Galaxiella,toourtkoourt,-,-,"Coleman  Raadik, 2015",-
Galeorhinus galeus,"Tope, Flake, Oil Shark, School Shark",-,Conservation Dependent,-,Yes,-,Yes,Yes,Yes,Yes,Yes,-,-,-,-,Yes,Yes,-,-,Yes,68453,-,Animalia,Chondrichthyes,http://www.environment.gov.au/cgi-bin/sprat/public/publicspecies.pl?taxon_id=68453,2026-Aug-28,-,Triakidae,Galeorhinus,galeus,-,-,"Linnaeus, 1758",-
Galium antarcticum,Subantarctic Bedstraw,-,Critically Endangered,-,-,-,-,-,Yes,-,-,-,-,-,-,-,-,-,-,-,68775,-,Plantae,Magnoliopsida,http://www.environment.gov.au/cgi-bin/sprat/public/publicspecies.pl?taxon_id=68775,2026-Aug-28,https://id.biodiversity.org.au/name/apni/208990,Rubiaceae,Galium,antarcticum,-,-,Hook.f.,-
Gallinago hardwickii,"Latham's Snipe, Japanese Snipe",-,Vulnerable,Yes,Yes,-,Yes,Yes,Yes,Yes,-,-,-,-,-,Yes,-,-,-,-,863,-,Animalia,Aves,http://www.environment.gov.au/cgi-bin/sprat/public/publicspecies.pl?taxon_id=863,2026-Aug-28,-,Scolopacidae,Gallinago,hardwickii,-,-,"(Gray,1831)",-
Gardenia actinocarpa,-,-,Endangered,-,-,-,Yes,-,-,-,-,-,-,-,-,-,-,-,-,-,3580,-,Plantae,Magnoliopsida,http://www.environment.gov.au/cgi-bin/sprat/public/publicspecies.pl?taxon_id=3580,2026-Aug-28,https://id.biodiversity.org.au/name/apni/74954,Rubiaceae,Gardenia,actinocarpa,-,-,Puttock,-
Gardenia psidioides,Hann Gardenia,-,Vulnerable,-,-,-,Yes,-,-,-,-,-,-,-,-,-,-,-,-,-,1988,-,Plantae,Magnoliopsida,http://www.environment.gov.au/cgi-bin/sprat/public/publicspecies.pl?taxon_id=1988,2026-Aug-28,https://id.biodiversity.org.au/name/apni/75285,Rubiaceae,Gardenia,psidioides,-,-,Puttock,-
Gastrolobium appressum,Scale-leaf Poison,-,Vulnerable,-,-,-,-,-,-,-,Yes,-,-,-,-,-,-,-,-,-,7358,-,Plantae,Magnoliopsida,http://www.environment.gov.au/cgi-bin/sprat/public/publicspecies.pl?taxon_id=7358,2026-Aug-28,https://id.biodiversity.org.au/name/apni/88757,Fabaceae,Gastrolobium,appressum,-,-,C.A.Gardner,-
Gastrolobium argyrotrichum,Metricup Pea,-,Critically Endangered,-,-,-,-,-,-,-,Yes,-,-,-,-,-,-,-,-,-,89145,-,Plantae,Magnoliopsida,http://www.environment.gov.au/cgi-bin/sprat/public/publicspecies.pl?taxon_id=89145,2026-Aug-28,https://id.biodiversity.org.au/name/apni/248011,Fabaceae,Gastrolobium,argyrotrichum,-,-,"Hislop, Wege  A.D.Webb",-
Gastrolobium diabolophyllum,Bodallin Poison,-,Critically Endangered,-,-,-,-,-,-,-,Yes,-,-,-,-,-,-,-,-,-,78384,-,Plantae,Magnoliopsida,http://www.environment.gov.au/cgi-bin/sprat/public/publicspecies.pl?taxon_id=78384,2026-Aug-28,https://id.biodiversity.org.au/name/apni/156831,Fabaceae,Gastrolobium,diabolophyllum,-,-,"G.Chandler, Crisp  R.J.Bayer",-
Gastrolobium glaucum,"Spike Poison, Wongan Poison",-,Endangered,-,-,-,-,-,-,-,Yes,-,-,-,-,-,-,-,-,-,7428,-,Plantae,Magnoliopsida,http://www.environment.gov.au/cgi-bin/sprat/public/publicspecies.pl?taxon_id=7428,2026-Aug-28,https://id.biodiversity.org.au/name/apni/89172,Fabaceae,Gastrolobium,glaucum,-,-,C.A.Gardner,-
Gastrolobium graniticum,Granite Poison,-,Endangered,-,-,-,-,-,-,-,Yes,-,-,-,-,-,-,-,-,-,14872,-,Plantae,Magnoliopsida,http://www.environment.gov.au/cgi-bin/sprat/public/publicspecies.pl?taxon_id=14872,2026-Aug-28,https://id.biodiversity.org.au/name/apni/89220,Fabaceae,Gastrolobium,graniticum,-,-,(S.Moore) Crisp,-
Gastrolobium hamulosum,Hook-point Poison,-,Endangered,-,-,-,-,-,-,-,Yes,-,-,-,-,-,-,-,-,-,9212,-,Plantae,Magnoliopsida,http://www.environment.gov.au/cgi-bin/sprat/public/publicspecies.pl?taxon_id=9212,2026-Aug-28,https://id.biodiversity.org.au/name/apni/89229,Fabaceae,Gastrolobium,hamulosum,-,-,Meissner,-
Gastrolobium humile,-,-,Endangered,-,-,-,-,-,-,-,Yes,-,-,-,-,-,-,-,-,-,78418,-,Plantae,Magnoliopsida,http://www.environment.gov.au/cgi-bin/sprat/public/publicspecies.pl?taxon_id=78418,2026-Aug-28,https://id.biodiversity.org.au/name/apni/124413,Fabaceae,Gastrolobium,humile,-,-,G.Chandler  Crisp,-
Gastrolobium lehmannii,Cranbrook Pea,-,Vulnerable,-,-,-,-,-,-,-,Yes,-,-,-,-,-,-,-,-,-,22282,-,Plantae,Magnoliopsida,http://www.environment.gov.au/cgi-bin/sprat/public/publicspecies.pl?taxon_id=22282,2026-Aug-28,https://id.biodiversity.org.au/name/apni/107005,Fabaceae,Gastrolobium,lehmannii,-,-,Meissner,-
Gastrolobium luteifolium,Yellow-leafed Gastrolobium,-,Critically Endangered,-,-,-,-,-,-,-,Yes,-,-,-,-,-,-,-,-,-,78405,-,Plantae,Magnoliopsida,http://www.environment.gov.au/cgi-bin/sprat/public/publicspecies.pl?taxon_id=78405,2026-Aug-28,https://id.biodiversity.org.au/name/apni/165892,Fabaceae,Gastrolobium,luteifolium,-,-,(Domin) G.Chandler  Crisp,-
Gastrolobium modestum,Broad-leaved Gastrolobium,-,Vulnerable,-,-,-,-,-,-,-,Yes,-,-,-,-,-,-,-,-,-,78361,-,Plantae,Magnoliopsida,http://www.environment.gov.au/cgi-bin/sprat/public/publicspecies.pl?taxon_id=78361,2026-Aug-28,https://id.biodiversity.org.au/name/apni/167747,Fabaceae,Gastrolobium,modestum,-,-,(Crisp) G.Chandler  Crisp,-
Gastrolobium papilio,Butterfly-leaved Gastrolobium,-,Endangered,-,-,-,-,-,-,-,Yes,-,-,-,-,-,-,-,-,-,78415,-,Plantae,Magnoliopsida,http://www.environment.gov.au/cgi-bin/sprat/public/publicspecies.pl?taxon_id=78415,2026-Aug-28,https://id.biodiversity.org.au/name/apni/167751,Fabaceae,Gastrolobium,papilio,-,-,(Crisp) G.Chandler  Crisp,-
Gastrolobium vestitum,-,-,Critically Endangered,-,-,-,-,-,-,-,Yes,-,-,-,-,-,-,-,-,-,78406,-,Plantae,Magnoliopsida,http://www.environment.gov.au/cgi-bin/sprat/public/publicspecies.pl?taxon_id=78406,2026-Aug-28,https://id.biodiversity.org.au/name/apni/165914,Fabaceae,Gastrolobium,vestitum,-,-,(Domin) G.Chandler  Crisp,-
Gaultheria viridicarpa,Green Waxberry,-,Endangered,-,Yes,-,Yes,-,-,-,-,-,-,-,-,-,-,-,-,-,87380,-,Plantae,Magnoliopsida,http://www.environment.gov.au/cgi-bin/sprat/public/publicspecies.pl?taxon_id=87380,2026-Aug-28,https://id.biodiversity.org.au/name/apni/240589,Ericaceae,Gaultheria,viridicarpa,-,-,J.B.Williams,-
Geniostoma huttonii,Hutton's Geniostoma,-,Endangered,-,Yes,-,-,-,-,-,-,-,-,-,-,-,-,-,-,-,56368,-,Plantae,Magnoliopsida,http://www.environment.gov.au/cgi-bin/sprat/public/publicspecies.pl?taxon_id=56368,2026-Aug-28,https://id.biodiversity.org.au/name/apni/118885,Loganiaceae,Geniostoma,huttonii,-,-,B.J.Conn,-
Genoplesium baueri,"Yellow Gnat-orchid, Bauer's Midge Orchid, Brittle Midge Orchid",-,Endangered,-,Yes,-,-,-,-,-,-,-,-,-,-,-,-,-,-,-,7528,-,Plantae,Liliopsida,http://www.environment.gov.au/cgi-bin/sprat/public/publicspecies.pl?taxon_id=7528,2026-Aug-28,https://id.biodiversity.org.au/name/apni/66142,Orchidaceae,Genoplesium,baueri,-,-,R.Br.,-
Genoplesium plumosum,"Plumed Midge-orchid, Tallong Midge Orchid",Corunastylis plumosa,Endangered,-,Yes,-,-,-,-,-,-,-,-,-,-,-,-,-,-,-,32180,78695,Plantae,Liliopsida,http://www.environment.gov.au/cgi-bin/sprat/public/publicspecies.pl?taxon_id=32180,2026-Aug-28,https://id.biodiversity.org.au/name/apni/66184,Orchidaceae,Genoplesium,plumosum,-,-,(Rupp) D.Jones  M.Clements,-
Genoplesium rhyoliticum,Pambula Midge-orchid,Corunastylis rhyolitica,Endangered,-,Yes,-,-,-,-,-,-,-,-,-,-,-,-,-,-,-,55116,78697,Plantae,Liliopsida,http://www.environment.gov.au/cgi-bin/sprat/public/publicspecies.pl?taxon_id=55116,2026-Aug-28,https://id.biodiversity.org.au/name/apni/117479,Orchidaceae,Genoplesium,rhyoliticum,-,-,D.L.Jones,-
Genoplesium tectum,Cardwell Midge Orchid,Corunastylis tecta,Endangered,-,-,-,Yes,-,-,-,-,-,-,-,-,-,-,-,-,-,55130,78698,Plantae,Liliopsida,http://www.environment.gov.au/cgi-bin/sprat/public/publicspecies.pl?taxon_id=55130,2026-Aug-28,https://id.biodiversity.org.au/name/apni/117494,Orchidaceae,Genoplesium,tectum,-,-,D.L.Jones,-
Genoplesium vernale,East Lynne Midge-orchid,Corunastylis vernalis,Vulnerable,-,Yes,-,-,-,-,-,-,-,-,-,-,Yes,-,-,-,-,68379,78699,Plantae,Liliopsida,http://www.environment.gov.au/cgi-bin/sprat/public/publicspecies.pl?taxon_id=68379,2026-Aug-28,https://id.biodiversity.org.au/name/apni/194488,Orchidaceae,Genoplesium,vernale,-,-,D.L.Jones,-
Gentiana baeuerlenii,Baeuerlen's Gentian,-,Critically Endangered,Yes,Yes,-,-,-,-,-,-,-,-,-,-,-,-,-,-,-,12001,-,Plantae,Magnoliopsida,http://www.environment.gov.au/cgi-bin/sprat/public/publicspecies.pl?taxon_id=12001,2026-Aug-28,https://id.biodiversity.org.au/name/apni/80164,Gentianaceae,Gentiana,baeuerlenii,-,-,L.Adams,-
Gentiana bredboensis,Bredbo Gentian,-,Critically Endangered,-,Yes,-,-,-,-,-,-,-,-,-,-,-,-,-,-,-,15882,-,Plantae,Magnoliopsida,http://www.environment.gov.au/cgi-bin/sprat/public/publicspecies.pl?taxon_id=15882,2026-Aug-28,https://id.biodiversity.org.au/name/apni/80167,Gentianaceae,Gentiana,bredboensis,-,-,L.G.Adams,-
Gentiana wingecarribiensis,Wingecarribee Gentian,-,Endangered,-,Yes,-,-,-,-,-,-,-,-,-,-,-,-,-,-,-,18033,-,Plantae,Magnoliopsida,http://www.environment.gov.au/cgi-bin/sprat/public/publicspecies.pl?taxon_id=18033,2026-Aug-28,https://id.biodiversity.org.au/name/apni/80378,Gentianaceae,Gentiana,wingecarribiensis,-,-,L.G.Adams,-
Gentiana wissmannii,New England Gentian,-,Critically Endangered,-,Yes,-,-,-,-,-,-,-,-,-,-,-,-,-,-,-,10786,-,Plantae,Magnoliopsida,http://www.environment.gov.au/cgi-bin/sprat/public/publicspecies.pl?taxon_id=10786,2026-Aug-28,https://id.biodiversity.org.au/name/apni/80384,Gentianaceae,Gentiana,wissmannii,-,-,J.B.Williams,-
Geocrinia alba,"White-bellied Frog, Creek Frog",Anstisia alba,Critically Endangered,-,-,-,-,-,-,-,Yes,-,-,-,-,-,-,-,-,-,26181,92544,Animalia,Amphibia,http://www.environment.gov.au/cgi-bin/sprat/public/publicspecies.pl?taxon_id=26181,2026-Aug-28,-,Myobatrachidae,Geocrinia,alba,-,-,"Wardell-Johnson and Roberts,1989",-
Geocrinia vitellina,Orange-bellied Frog,Anstisia vitellina,Vulnerable,-,-,-,-,-,-,-,Yes,-,-,-,-,-,-,-,-,-,26172,92547,Animalia,Amphibia,http://www.environment.gov.au/cgi-bin/sprat/public/publicspecies.pl?taxon_id=26172,2026-Aug-28,-,Myobatrachidae,Geocrinia,vitellina,-,-,"Wardell-Johnson and Roberts,1989",-
Geophaps scripta scripta,Squatter Pigeon (southern),-,Vulnerable,-,Yes,-,Yes,-,-,-,-,-,-,-,-,-,-,-,-,-,64440,-,Animalia,Aves,http://www.environment.gov.au/cgi-bin/sprat/public/publicspecies.pl?taxon_id=64440,2026-Aug-28,-,Columbidae,Geophaps,scripta,-,scripta,"(Temminck, 1821)",-
Geophaps smithii blaauwi,Partridge Pigeon (western),-,Vulnerable,-,-,-,-,-,-,-,Yes,-,-,-,-,-,-,-,-,-,66501,-,Animalia,Aves,http://www.environment.gov.au/cgi-bin/sprat/public/publicspecies.pl?taxon_id=66501,2026-Aug-28,-,Columbidae,Geophaps,smithii,-,blaauwi,-,"Mathews, 1912"
Geophaps smithii smithii,Partridge Pigeon (eastern),-,Vulnerable,-,-,Yes,-,-,-,-,Yes,-,-,-,-,-,-,-,-,-,64441,-,Animalia,Aves,http://www.environment.gov.au/cgi-bin/sprat/public/publicspecies.pl?taxon_id=64441,2026-Aug-28,-,Columbidae,Geophaps,smithii,-,smithii,"(Jardine  Selby, 1830)",-
Germainia capitata,-,-,Vulnerable,-,-,-,Yes,-,-,-,-,-,-,-,-,-,-,-,-,-,14069,-,Plantae,Liliopsida,http://www.environment.gov.au/cgi-bin/sprat/public/publicspecies.pl?taxon_id=14069,2026-Aug-28,https://id.biodiversity.org.au/name/apni/98872,Poaceae,Germainia,capitata,-,-,Bal.  Poitrasson,-
Gerygone insularis,"Lord Howe Gerygone, Lord Howe Warbler",-,Extinct,-,Yes,-,-,-,-,-,-,-,-,-,-,-,-,-,-,-,25888,-,Animalia,Aves,http://www.environment.gov.au/cgi-bin/sprat/public/publicspecies.pl?taxon_id=25888,2026-Aug-28,-,Pardalotidae,Gerygone,insularis,-,-,"Ramsey, 1879",-
Gingidia rupicola,"Mountain Angelica, Broad-leafed Carrot",-,Endangered,-,Yes,-,-,-,-,-,-,-,-,-,-,-,-,-,-,-,86880,-,Plantae,Magnoliopsida,http://www.environment.gov.au/cgi-bin/sprat/public/publicspecies.pl?taxon_id=86880,2026-Aug-28,https://id.biodiversity.org.au/name/apni/244542,Apiaceae,Gingidia,rupicola,-,-,I.Telford  J.J.Bruhl,-
Glyceria drummondii,Nangetty Grass,-,Endangered,-,-,-,-,-,-,-,Yes,-,-,-,-,-,-,-,-,-,14008,-,Plantae,Liliopsida,http://www.environment.gov.au/cgi-bin/sprat/public/publicspecies.pl?taxon_id=14008,2026-Aug-28,https://id.biodiversity.org.au/name/apni/95708,Poaceae,Glyceria,drummondii,-,-,(Steudel) C.E.Hubb.,-
Glycine latrobeana,"Clover Glycine, Purple Clover",-,Vulnerable,-,Yes,-,-,Yes,Yes,Yes,-,-,-,-,-,-,-,-,-,-,13910,-,Plantae,Magnoliopsida,http://www.environment.gov.au/cgi-bin/sprat/public/publicspecies.pl?taxon_id=13910,2026-Aug-28,https://id.biodiversity.org.au/name/apni/96309,Fabaceae,Glycine,latrobeana,-,-,(Meisn.) Benth.,-
Glyphis garricki,"Northern River Shark, New Guinea River Shark",-,Endangered,-,-,Yes,-,-,-,-,Yes,-,-,-,-,-,-,-,-,Yes,82454,-,Animalia,Chondrichthyes,http://www.environment.gov.au/cgi-bin/sprat/public/publicspecies.pl?taxon_id=82454,2026-Aug-28,-,Carcharhinidae,Glyphis,garricki,-,-,"Compagno, White  Last 2008",-
Glyphis glyphis,Speartooth Shark,-,Critically Endangered,-,-,Yes,Yes,-,-,-,Yes,-,-,-,-,-,-,-,-,Yes,82453,-,Animalia,Chondrichthyes,http://www.environment.gov.au/cgi-bin/sprat/public/publicspecies.pl?taxon_id=82453,2026-Aug-28,-,Carcharhinidae,Glyphis,glyphis,-,-,"(M252;ller  Henle, 1839)",-
Goodenia arthrotricha,-,-,Endangered,-,-,-,-,-,-,-,Yes,-,-,-,-,-,-,-,-,-,12448,-,Plantae,Magnoliopsida,http://www.environment.gov.au/cgi-bin/sprat/public/publicspecies.pl?taxon_id=12448,2026-Aug-28,https://id.biodiversity.org.au/name/apni/91302,Goodeniaceae,Goodenia,arthrotricha,-,-,Benth.,-
Goodenia integerrima,Gypsum Goodenia,-,Vulnerable,-,-,-,-,-,-,-,Yes,-,-,-,-,-,-,-,-,-,55983,-,Plantae,Magnoliopsida,http://www.environment.gov.au/cgi-bin/sprat/public/publicspecies.pl?taxon_id=55983,2026-Aug-28,https://id.biodiversity.org.au/name/apni/118445,Goodeniaceae,Goodenia,integerrima,-,-,Carolin,-
Goodenia quadrifida,-,-,Vulnerable,-,-,Yes,-,-,-,-,-,-,-,-,-,-,-,-,-,-,56035,-,Plantae,Magnoliopsida,http://www.environment.gov.au/cgi-bin/sprat/public/publicspecies.pl?taxon_id=56035,2026-Aug-28,https://id.biodiversity.org.au/name/apni/118509,Goodeniaceae,Goodenia,quadrifida,-,-,(Carolin) Carolin,-
Gossia fragrantissima,"Sweet Myrtle, Small-leaved Myrtle",-,Endangered,-,Yes,-,Yes,-,-,-,-,-,-,-,-,-,-,-,-,-,78867,-,Plantae,Magnoliopsida,http://www.environment.gov.au/cgi-bin/sprat/public/publicspecies.pl?taxon_id=78867,2026-Aug-28,https://id.biodiversity.org.au/name/apni/180931,Myrtaceae,Gossia,fragrantissima,-,-,(F.Mueller ex Bentham) N.Snow  Guymer,-
Gossia gonoclada,Angle-stemmed Myrtle,-,Endangered,-,-,-,Yes,-,-,-,-,-,-,-,-,-,-,-,-,-,78866,-,Plantae,Magnoliopsida,http://www.environment.gov.au/cgi-bin/sprat/public/publicspecies.pl?taxon_id=78866,2026-Aug-28,https://id.biodiversity.org.au/name/apni/180920,Myrtaceae,Gossia,gonoclada,-,-,(F. Mueller ex Bentham) N.Snow  Guymer,-
Gossia hillii,Scaly Myrtle,-,Critically Endangered,-,Yes,-,Yes,-,-,-,-,-,-,-,-,-,-,-,-,-,78872,-,Plantae,Magnoliopsida,http://www.environment.gov.au/cgi-bin/sprat/public/publicspecies.pl?taxon_id=78872,2026-Aug-28,https://id.biodiversity.org.au/name/apni/180921,Myrtaceae,Gossia,hillii,-,-,(Bentham) N.Snow  Guymer,-
Grammosolen odgersii subsp. occidentalis,"Western Woolly Cyphanthera, Western Cyphanthera",-,Endangered,-,-,-,-,-,-,-,Yes,-,-,-,-,-,-,-,-,-,92779,-,Plantae,Magnoliopsida,http://www.environment.gov.au/cgi-bin/sprat/public/publicspecies.pl?taxon_id=92779,2026-Aug-28,https://id.biodiversity.org.au/name/apni/51350031,Solanaceae,Grammosolen,odgersii,subsp.,occidentalis,-,(Haegi) Haegi
Grantiella picta,Painted Honeyeater,-,Vulnerable,Yes,Yes,Yes,Yes,Yes,-,Yes,-,-,-,-,-,Yes,-,-,-,-,470,-,Animalia,Aves,http://www.environment.gov.au/cgi-bin/sprat/public/publicspecies.pl?taxon_id=470,2026-Aug-28,-,Meliphagidae,Grantiella,picta,-,-,"(Gould,1838)",-
Graptophyllum ilicifolium,"Holly-leaved Graptophyllum, Mt Blackwood Holly",-,Vulnerable,-,-,-,Yes,-,-,-,-,-,-,-,-,-,-,-,-,-,8601,-,Plantae,Magnoliopsida,http://www.environment.gov.au/cgi-bin/sprat/public/publicspecies.pl?taxon_id=8601,2026-Aug-28,https://id.biodiversity.org.au/name/apni/60173,Acanthaceae,Graptophyllum,ilicifolium,-,-,(F.Muell.) Benth.,-
Graptophyllum reticulatum,Veiny Graptophyllum,-,Endangered,-,-,-,Yes,-,-,-,-,-,-,-,-,-,-,-,-,-,55459,-,Plantae,Magnoliopsida,http://www.environment.gov.au/cgi-bin/sprat/public/publicspecies.pl?taxon_id=55459,2026-Aug-28,https://id.biodiversity.org.au/name/apni/117866,Acanthaceae,Graptophyllum,reticulatum,-,-,A.R.Bean  Sharpe,-
Grevillea acanthifolia subsp. paludosa,Bog Grevillea,-,Endangered,-,Yes,-,-,-,-,-,-,-,-,-,-,-,-,-,-,-,21872,-,Plantae,Magnoliopsida,http://www.environment.gov.au/cgi-bin/sprat/public/publicspecies.pl?taxon_id=21872,2026-Aug-28,https://id.biodiversity.org.au/name/apni/79058,Proteaceae,Grevillea,acanthifolia,subsp.,paludosa,-,Makinson  Albr.
Grevillea acropogon,-,-,Endangered,-,-,-,-,-,-,-,Yes,-,-,-,-,-,-,-,-,-,68272,-,Plantae,Magnoliopsida,http://www.environment.gov.au/cgi-bin/sprat/public/publicspecies.pl?taxon_id=68272,2026-Aug-28,https://id.biodiversity.org.au/name/apni/165083,Proteaceae,Grevillea,acropogon,-,-,Makinson,-
Grevillea althoferorum,-,-,Endangered,-,-,-,-,-,-,-,Yes,-,-,-,-,-,-,-,-,-,64906,-,Plantae,Magnoliopsida,http://www.environment.gov.au/cgi-bin/sprat/public/publicspecies.pl?taxon_id=64906,2026-Aug-28,https://id.biodiversity.org.au/name/apni/163358,Proteaceae,Grevillea,althoferorum,-,-,Olde  Marriott,-
Grevillea banyabba,-,-,Vulnerable,-,Yes,-,-,-,-,-,-,-,-,-,-,-,-,-,-,-,64677,-,Plantae,Magnoliopsida,http://www.environment.gov.au/cgi-bin/sprat/public/publicspecies.pl?taxon_id=64677,2026-Aug-28,https://id.biodiversity.org.au/name/apni/154591,Proteaceae,Grevillea,banyabba,-,-,Olde  Marriott,-
Grevillea batrachioides,Mt Lesueur Grevillea,-,Endangered,-,-,-,-,-,-,-,Yes,-,-,-,-,-,-,-,-,-,21735,-,Plantae,Magnoliopsida,http://www.environment.gov.au/cgi-bin/sprat/public/publicspecies.pl?taxon_id=21735,2026-Aug-28,https://id.biodiversity.org.au/name/apni/106442,Proteaceae,Grevillea,batrachioides,-,-,McGillivray,-
Grevillea beadleana,Beadle's Grevillea,-,Endangered,-,Yes,-,-,-,-,-,-,-,-,-,-,-,-,-,-,-,22002,-,Plantae,Magnoliopsida,http://www.environment.gov.au/cgi-bin/sprat/public/publicspecies.pl?taxon_id=22002,2026-Aug-28,https://id.biodiversity.org.au/name/apni/108446,Proteaceae,Grevillea,beadleana,-,-,McGillivray,-
Grevillea bedggoodiana,Enfield Grevillea,-,Vulnerable,-,-,-,-,-,-,Yes,-,-,-,-,-,-,-,-,-,-,22004,-,Plantae,Magnoliopsida,http://www.environment.gov.au/cgi-bin/sprat/public/publicspecies.pl?taxon_id=22004,2026-Aug-28,https://id.biodiversity.org.au/name/apni/108457,Proteaceae,Grevillea,bedggoodiana,-,-,McGillivray,-
Grevillea brachystylis subsp. australis,-,-,Vulnerable,-,-,-,-,-,-,-,Yes,-,-,-,-,-,-,-,-,-,55525,-,Plantae,Magnoliopsida,http://www.environment.gov.au/cgi-bin/sprat/public/publicspecies.pl?taxon_id=55525,2026-Aug-28,https://id.biodiversity.org.au/name/apni/117935,Proteaceae,Grevillea,brachystylis,subsp.,australis,-,Keighery
Grevillea brachystylis subsp. grandis,Large-flowered Short-styled Grevillea,-,Critically Endangered,-,-,-,-,-,-,-,Yes,-,-,-,-,-,-,-,-,-,85001,-,Plantae,Magnoliopsida,http://www.environment.gov.au/cgi-bin/sprat/public/publicspecies.pl?taxon_id=85001,2026-Aug-28,https://id.biodiversity.org.au/name/apni/224741,Proteaceae,Grevillea,brachystylis,subsp.,grandis,Keighery,-
Grevillea bracteosa subsp. howatharra,-,-,Critically Endangered,-,-,-,-,-,-,-,Yes,-,-,-,-,-,-,-,-,-,85002,-,Plantae,Magnoliopsida,http://www.environment.gov.au/cgi-bin/sprat/public/publicspecies.pl?taxon_id=85002,2026-Aug-28,https://id.biodiversity.org.au/name/apni/214316,Proteaceae,Grevillea,bracteosa,subsp.,howatharra,-,Olde  Marriott
Grevillea burrowa,Burrowa Grevillea,-,Critically Endangered,-,-,-,-,-,-,Yes,-,-,-,-,-,-,-,-,-,-,89099,-,Plantae,Magnoliopsida,http://www.environment.gov.au/cgi-bin/sprat/public/publicspecies.pl?taxon_id=89099,2026-Aug-28,https://id.biodiversity.org.au/name/apni/5440466,Proteaceae,Grevillea,burrowa,-,-,Molyneux  Forrester,-
Grevillea caleyi,Caley's Grevillea,-,Critically Endangered,-,Yes,-,-,-,-,-,-,-,-,-,-,-,-,-,-,-,9683,-,Plantae,Magnoliopsida,http://www.environment.gov.au/cgi-bin/sprat/public/publicspecies.pl?taxon_id=9683,2026-Aug-28,https://id.biodiversity.org.au/name/apni/109005,Proteaceae,Grevillea,caleyi,-,-,R.Br.,-
Grevillea calliantha,"Foote's Grevillea, Cataby Grevillea, Black Magic Grevillea",-,Endangered,-,-,-,-,-,-,-,Yes,-,-,-,-,-,-,-,-,-,56339,-,Plantae,Magnoliopsida,http://www.environment.gov.au/cgi-bin/sprat/public/publicspecies.pl?taxon_id=56339,2026-Aug-28,https://id.biodiversity.org.au/name/apni/118850,Proteaceae,Grevillea,calliantha,-,-,R.Makinson  P.Olde,-
Grevillea celata,"Colquhoun Grevillea, Nowa Nowa Grevillea",-,Vulnerable,-,-,-,-,-,-,Yes,-,-,-,-,-,-,-,-,-,-,64907,-,Plantae,Magnoliopsida,http://www.environment.gov.au/cgi-bin/sprat/public/publicspecies.pl?taxon_id=64907,2026-Aug-28,https://id.biodiversity.org.au/name/apni/163129,Proteaceae,Grevillea,celata,-,-,Molyneux,-
Grevillea christineae,Christine's Grevillea,-,Endangered,-,-,-,-,-,-,-,Yes,-,-,-,-,-,-,-,-,-,64520,-,Plantae,Magnoliopsida,http://www.environment.gov.au/cgi-bin/sprat/public/publicspecies.pl?taxon_id=64520,2026-Aug-28,https://id.biodiversity.org.au/name/apni/154592,Proteaceae,Grevillea,christineae,-,-,McGillivray,-
Grevillea corrugata,a shrub,-,Endangered,-,-,-,-,-,-,-,Yes,-,-,-,-,-,-,-,-,-,65445,-,Plantae,Magnoliopsida,http://www.environment.gov.au/cgi-bin/sprat/public/publicspecies.pl?taxon_id=65445,2026-Aug-28,https://id.biodiversity.org.au/name/apni/136889,Proteaceae,Grevillea,corrugata,-,-,Olde  Marriott,-
Grevillea curviloba subsp. curviloba,Curved-leaf Grevillea,-,Endangered,-,-,-,-,-,-,-,Yes,-,-,-,-,-,-,-,-,-,64908,-,Plantae,Magnoliopsida,http://www.environment.gov.au/cgi-bin/sprat/public/publicspecies.pl?taxon_id=64908,2026-Aug-28,https://id.biodiversity.org.au/name/apni/163131,Proteaceae,Grevillea,curviloba,subsp.,curviloba,McGill.,-
Grevillea curviloba subsp. incurva,Narrow curved-leaf Grevillea,-,Endangered,-,-,-,-,-,-,-,Yes,-,-,-,-,-,-,-,-,-,64909,-,Plantae,Magnoliopsida,http://www.environment.gov.au/cgi-bin/sprat/public/publicspecies.pl?taxon_id=64909,2026-Aug-28,https://id.biodiversity.org.au/name/apni/163132,Proteaceae,Grevillea,curviloba,subsp.,incurva,-,Olde  Marriott
Grevillea dryandroides subsp. dryandroides,Phalanx Grevillea,-,Endangered,-,-,-,-,-,-,-,Yes,-,-,-,-,-,-,-,-,-,64646,-,Plantae,Magnoliopsida,http://www.environment.gov.au/cgi-bin/sprat/public/publicspecies.pl?taxon_id=64646,2026-Aug-28,https://id.biodiversity.org.au/name/apni/154593,Proteaceae,Grevillea,dryandroides,subsp.,dryandroides,C.Gardner,-
Grevillea dryandroides subsp. hirsuta,Hairy Phalanx Grevillea,-,Endangered,-,-,-,-,-,-,-,Yes,-,-,-,-,-,-,-,-,-,64577,-,Plantae,Magnoliopsida,http://www.environment.gov.au/cgi-bin/sprat/public/publicspecies.pl?taxon_id=64577,2026-Aug-28,https://id.biodiversity.org.au/name/apni/154594,Proteaceae,Grevillea,dryandroides,subsp.,hirsuta,-,Olde  Marriott
Grevillea elongata,Ironstone Grevillea,-,Vulnerable,-,-,-,-,-,-,-,Yes,-,-,-,-,-,-,-,-,-,64578,-,Plantae,Magnoliopsida,http://www.environment.gov.au/cgi-bin/sprat/public/publicspecies.pl?taxon_id=64578,2026-Aug-28,https://id.biodiversity.org.au/name/apni/154644,Proteaceae,Grevillea,elongata,-,-,P.M.Olde  N.R.Marriott,-
Grevillea evansiana,-,-,Vulnerable,-,Yes,-,-,-,-,-,-,-,-,-,-,-,-,-,-,-,22248,-,Plantae,Magnoliopsida,http://www.environment.gov.au/cgi-bin/sprat/public/publicspecies.pl?taxon_id=22248,2026-Aug-28,https://id.biodiversity.org.au/name/apni/61985,Proteaceae,Grevillea,evansiana,-,-,McKee,-
Grevillea flexuosa,Zig Zag Grevillea,-,Vulnerable,-,-,-,-,-,-,-,Yes,-,-,-,-,-,-,-,-,-,2957,-,Plantae,Magnoliopsida,http://www.environment.gov.au/cgi-bin/sprat/public/publicspecies.pl?taxon_id=2957,2026-Aug-28,https://id.biodiversity.org.au/name/apni/75772,Proteaceae,Grevillea,flexuosa,-,-,(Lindley) Meissner,-
Grevillea floripendula,"Drooping Grevillea, Ben Major Grevillea",-,Vulnerable,-,-,-,-,-,-,Yes,-,-,-,-,-,-,-,-,-,-,16859,-,Plantae,Magnoliopsida,http://www.environment.gov.au/cgi-bin/sprat/public/publicspecies.pl?taxon_id=16859,2026-Aug-28,https://id.biodiversity.org.au/name/apni/75851,Proteaceae,Grevillea,floripendula,-,-,R.V.Smith,-
Grevillea glossadenia,-,-,Vulnerable,-,-,-,Yes,-,-,-,-,-,-,-,-,-,-,-,-,-,7979,-,Plantae,Magnoliopsida,http://www.environment.gov.au/cgi-bin/sprat/public/publicspecies.pl?taxon_id=7979,2026-Aug-28,https://id.biodiversity.org.au/name/apni/70079,Proteaceae,Grevillea,glossadenia,-,-,McGillivray,-
Grevillea guthrieana,-,-,Endangered,-,Yes,-,-,-,-,-,-,-,-,-,-,-,-,-,-,-,64521,-,Plantae,Magnoliopsida,http://www.environment.gov.au/cgi-bin/sprat/public/publicspecies.pl?taxon_id=64521,2026-Aug-28,https://id.biodiversity.org.au/name/apni/154595,Proteaceae,Grevillea,guthrieana,-,-,Olde  Marriott,-
Grevillea hodgei,Coochin Hills Grevillea,-,Critically Endangered,-,-,-,Yes,-,-,-,-,-,-,-,-,-,-,-,-,-,68250,-,Plantae,Magnoliopsida,http://www.environment.gov.au/cgi-bin/sprat/public/publicspecies.pl?taxon_id=68250,2026-Aug-28,https://id.biodiversity.org.au/name/apni/165171,Proteaceae,Grevillea,hodgei,-,-,Olde  Marriott,-
Grevillea humifusa,Spreading Grevillea,-,Endangered,-,-,-,-,-,-,-,Yes,-,-,-,-,-,-,-,-,-,61182,-,Plantae,Magnoliopsida,http://www.environment.gov.au/cgi-bin/sprat/public/publicspecies.pl?taxon_id=61182,2026-Aug-28,https://id.biodiversity.org.au/name/apni/70427,Proteaceae,Grevillea,humifusa,-,-,P.M.Olde  N.R.Marriott,-
Grevillea iaspicula,Wee Jasper Grevillea,-,Endangered,-,Yes,-,-,-,-,-,-,-,-,-,-,-,-,-,-,-,22024,-,Plantae,Magnoliopsida,http://www.environment.gov.au/cgi-bin/sprat/public/publicspecies.pl?taxon_id=22024,2026-Aug-28,https://id.biodiversity.org.au/name/apni/70438,Proteaceae,Grevillea,iaspicula,-,-,McGill.,-
Grevillea infecunda,Anglesea Grevillea,-,Vulnerable,-,-,-,-,-,-,Yes,-,-,-,-,-,-,-,-,-,-,22026,-,Plantae,Magnoliopsida,http://www.environment.gov.au/cgi-bin/sprat/public/publicspecies.pl?taxon_id=22026,2026-Aug-28,https://id.biodiversity.org.au/name/apni/70642,Proteaceae,Grevillea,infecunda,-,-,McGillivray,-
Grevillea infundibularis,Fan-leaf Grevillea,-,Endangered,-,-,-,-,-,-,-,Yes,-,-,-,-,-,-,-,-,-,5772,-,Plantae,Magnoliopsida,http://www.environment.gov.au/cgi-bin/sprat/public/publicspecies.pl?taxon_id=5772,2026-Aug-28,https://id.biodiversity.org.au/name/apni/70664,Proteaceae,Grevillea,infundibularis,-,-,A.S.George,-
Grevillea involucrata,Lake Varley Grevillea,-,Endangered,-,-,-,-,-,-,-,Yes,-,-,-,-,-,-,-,-,-,4631,-,Plantae,Magnoliopsida,http://www.environment.gov.au/cgi-bin/sprat/public/publicspecies.pl?taxon_id=4631,2026-Aug-28,https://id.biodiversity.org.au/name/apni/85031,Proteaceae,Grevillea,involucrata,-,-,A.S.George,-
Grevillea jephcottii,"Pine Mountain Grevillea, Green Grevillea",-,Endangered,-,-,-,-,-,-,Yes,-,-,-,-,-,-,-,-,-,-,14272,-,Plantae,Magnoliopsida,http://www.environment.gov.au/cgi-bin/sprat/public/publicspecies.pl?taxon_id=14272,2026-Aug-28,https://id.biodiversity.org.au/name/apni/85066,Proteaceae,Grevillea,jephcottii,-,-,J.H.Willis,-
Grevillea kennedyana,Flame Spider-flower,-,Vulnerable,-,Yes,-,Yes,-,-,-,-,-,-,-,-,-,-,-,-,-,6974,-,Plantae,Magnoliopsida,http://www.environment.gov.au/cgi-bin/sprat/public/publicspecies.pl?taxon_id=6974,2026-Aug-28,https://id.biodiversity.org.au/name/apni/85237,Proteaceae,Grevillea,kennedyana,-,-,F.Muell.,-
Grevillea maccutcheonii,McCutcheon's Grevillea,-,Endangered,-,-,-,-,-,-,-,Yes,-,-,-,-,-,-,-,-,-,64522,-,Plantae,Magnoliopsida,http://www.environment.gov.au/cgi-bin/sprat/public/publicspecies.pl?taxon_id=64522,2026-Aug-28,https://id.biodiversity.org.au/name/apni/154645,Proteaceae,Grevillea,maccutcheonii,-,-,Keighery  Cranfield,-
Grevillea masonii,-,-,Endangered,-,Yes,-,-,-,-,-,-,-,-,-,-,-,-,-,-,-,64523,-,Plantae,Magnoliopsida,http://www.environment.gov.au/cgi-bin/sprat/public/publicspecies.pl?taxon_id=64523,2026-Aug-28,https://id.biodiversity.org.au/name/apni/135260,Proteaceae,Grevillea,masonii,-,-,Olde  Marriott,-
Grevillea maxwellii,Maxwell's Grevillea,-,Endangered,-,-,-,-,-,-,-,Yes,-,-,-,-,-,-,-,-,-,21745,-,Plantae,Magnoliopsida,http://www.environment.gov.au/cgi-bin/sprat/public/publicspecies.pl?taxon_id=21745,2026-Aug-28,https://id.biodiversity.org.au/name/apni/95577,Proteaceae,Grevillea,maxwellii,-,-,McGillivray,-
Grevillea mollis,-,-,Endangered,-,Yes,-,-,-,-,-,-,-,-,-,-,-,-,-,-,-,64524,-,Plantae,Magnoliopsida,http://www.environment.gov.au/cgi-bin/sprat/public/publicspecies.pl?taxon_id=64524,2026-Aug-28,https://id.biodiversity.org.au/name/apni/135262,Proteaceae,Grevillea,mollis,-,-,Olde  Molyneux,-
Grevillea molyneuxii,Wingello Grevillea,-,Endangered,-,Yes,-,-,-,-,-,-,-,-,-,-,-,-,-,-,-,22052,-,Plantae,Magnoliopsida,http://www.environment.gov.au/cgi-bin/sprat/public/publicspecies.pl?taxon_id=22052,2026-Aug-28,https://id.biodiversity.org.au/name/apni/95776,Proteaceae,Grevillea,molyneuxii,-,-,McGill.,-
Grevillea montis-cole subsp. brevistyla,Langi Ghiran Grevillea,-,Vulnerable,-,-,-,-,-,-,Yes,-,-,-,-,-,-,-,-,-,-,17703,-,Plantae,Magnoliopsida,http://www.environment.gov.au/cgi-bin/sprat/public/publicspecies.pl?taxon_id=17703,2026-Aug-28,https://id.biodiversity.org.au/name/apni/95826,Proteaceae,Grevillea,montis-cole,subsp.,brevistyla,-,R.V.Smith
Grevillea murex,-,-,Endangered,-,-,-,-,-,-,-,Yes,-,-,-,-,-,-,-,-,-,22053,-,Plantae,Magnoliopsida,http://www.environment.gov.au/cgi-bin/sprat/public/publicspecies.pl?taxon_id=22053,2026-Aug-28,https://id.biodiversity.org.au/name/apni/95941,Proteaceae,Grevillea,murex,-,-,McGillivray,-
Grevillea obtusiflora,Grey Grevillea,-,Endangered,-,Yes,-,-,-,-,-,-,-,-,-,-,-,-,-,-,-,23811,-,Plantae,Magnoliopsida,http://www.environment.gov.au/cgi-bin/sprat/public/publicspecies.pl?taxon_id=23811,2026-Aug-28,https://id.biodiversity.org.au/name/apni/96313,Proteaceae,Grevillea,obtusiflora,-,-,R.Br.,-
Grevillea parviflora subsp. parviflora,Small-flower Grevillea,-,Vulnerable,-,Yes,-,-,-,-,-,-,-,-,-,-,-,-,-,-,-,64910,-,Plantae,Magnoliopsida,http://www.environment.gov.au/cgi-bin/sprat/public/publicspecies.pl?taxon_id=64910,2026-Aug-28,https://id.biodiversity.org.au/name/apni/147204,Proteaceae,Grevillea,parviflora,subsp.,parviflora,R.Br.,-
Grevillea pythara,Pythara Grevillea,-,Endangered,-,-,-,-,-,-,-,Yes,-,-,-,-,-,-,-,-,-,64525,-,Plantae,Magnoliopsida,http://www.environment.gov.au/cgi-bin/sprat/public/publicspecies.pl?taxon_id=64525,2026-Aug-28,https://id.biodiversity.org.au/name/apni/154596,Proteaceae,Grevillea,pythara,-,-,Olde  Marriott,-
Grevillea quadricauda,Four-tailed Grevillea,-,Vulnerable,-,Yes,-,Yes,-,-,-,-,-,-,-,-,-,-,-,-,-,64651,-,Plantae,Magnoliopsida,http://www.environment.gov.au/cgi-bin/sprat/public/publicspecies.pl?taxon_id=64651,2026-Aug-28,https://id.biodiversity.org.au/name/apni/134793,Proteaceae,Grevillea,quadricauda,-,-,Olde  Marriott,-
Grevillea rara,Rare Grevillea,-,Endangered,-,-,-,-,-,-,-,Yes,-,-,-,-,-,-,-,-,-,64911,-,Plantae,Magnoliopsida,http://www.environment.gov.au/cgi-bin/sprat/public/publicspecies.pl?taxon_id=64911,2026-Aug-28,https://id.biodiversity.org.au/name/apni/165275,Proteaceae,Grevillea,rara,-,-,Olde  Marriott,-
Grevillea raybrownii,-,-,Vulnerable,-,Yes,-,-,-,-,-,-,-,-,-,-,-,-,-,-,-,65665,-,Plantae,Magnoliopsida,http://www.environment.gov.au/cgi-bin/sprat/public/publicspecies.pl?taxon_id=65665,2026-Aug-28,https://id.biodiversity.org.au/name/apni/136887,Proteaceae,Grevillea,raybrownii,-,-,Olde  N.Marriott,-
Grevillea rhizomatosa,Gibraltar Grevillea,-,Endangered,-,Yes,-,-,-,-,-,-,-,-,-,-,-,-,-,-,-,64678,-,Plantae,Magnoliopsida,http://www.environment.gov.au/cgi-bin/sprat/public/publicspecies.pl?taxon_id=64678,2026-Aug-28,https://id.biodiversity.org.au/name/apni/135261,Proteaceae,Grevillea,rhizomatosa,-,-,Olde  Marriott,-
Grevillea rivularis,Carrington Falls Grevillea,-,Critically Endangered,-,Yes,-,-,-,-,-,-,-,-,-,-,-,-,-,-,-,2953,-,Plantae,Magnoliopsida,http://www.environment.gov.au/cgi-bin/sprat/public/publicspecies.pl?taxon_id=2953,2026-Aug-28,https://id.biodiversity.org.au/name/apni/55121,Proteaceae,Grevillea,rivularis,-,-,L.Johnson  McGillivray,-
Grevillea scapigera,Corrigin Grevillea,-,Endangered,-,-,-,-,-,-,-,Yes,-,-,-,-,-,-,-,-,-,12195,-,Plantae,Magnoliopsida,http://www.environment.gov.au/cgi-bin/sprat/public/publicspecies.pl?taxon_id=12195,2026-Aug-28,https://id.biodiversity.org.au/name/apni/63300,Proteaceae,Grevillea,scapigera,-,-,A.S.George,-
Grevillea scortechinii subsp. scortechinii,Black Grevillea,-,Critically Endangered,-,-,-,Yes,-,-,-,-,-,-,-,-,-,-,-,-,-,4243,-,Plantae,Magnoliopsida,http://www.environment.gov.au/cgi-bin/sprat/public/publicspecies.pl?taxon_id=4243,2026-Aug-28,https://id.biodiversity.org.au/name/apni/63336,Proteaceae,Grevillea,scortechinii,subsp.,scortechinii,(F.Muell. ex Scort.) F.Muell.,-
Grevillea shiressii,-,-,Vulnerable,-,Yes,-,-,-,-,-,-,-,-,-,-,-,-,-,-,-,19186,-,Plantae,Magnoliopsida,http://www.environment.gov.au/cgi-bin/sprat/public/publicspecies.pl?taxon_id=19186,2026-Aug-28,https://id.biodiversity.org.au/name/apni/63582,Proteaceae,Grevillea,shiressii,-,-,Blakely,-
Grevillea sp. Gillingarra (R.J.Cranfield 4087),-,Grevillea gillingarra,Critically Endangered,-,-,-,-,-,-,-,Yes,-,-,-,-,-,-,-,-,-,86383,93506,Plantae,Magnoliopsida,http://www.environment.gov.au/cgi-bin/sprat/public/publicspecies.pl?taxon_id=86383,2026-Aug-28,https://id.biodiversity.org.au/name/apni/51445433,Proteaceae,Grevillea,sp. Gillingarra (R.J.Cranfield 4087),-,-,WA Herbarium,-
Grevillea thelemanniana,Spider Net Grevillea,-,Critically Endangered,-,-,-,-,-,-,-,Yes,-,-,-,-,-,-,-,-,-,32835,-,Plantae,Magnoliopsida,http://www.environment.gov.au/cgi-bin/sprat/public/publicspecies.pl?taxon_id=32835,2026-Aug-28,https://id.biodiversity.org.au/name/apni/67660,Proteaceae,Grevillea,thelemanniana,-,-,Hugel ex Endl.,-
Grevillea treueriana,"Mt Finke Grevillea, Scarlet Grevillea",-,Vulnerable,-,-,-,-,Yes,-,-,-,-,-,-,-,-,-,-,-,-,18950,-,Plantae,Magnoliopsida,http://www.environment.gov.au/cgi-bin/sprat/public/publicspecies.pl?taxon_id=18950,2026-Aug-28,https://id.biodiversity.org.au/name/apni/67785,Proteaceae,Grevillea,treueriana,-,-,F.Muell.,-
Grevillea wilkinsonii,Tumut Grevillea,-,Critically Endangered,-,Yes,-,-,-,-,-,-,-,-,-,-,-,-,-,-,-,56396,-,Plantae,Magnoliopsida,http://www.environment.gov.au/cgi-bin/sprat/public/publicspecies.pl?taxon_id=56396,2026-Aug-28,https://id.biodiversity.org.au/name/apni/118918,Proteaceae,Grevillea,wilkinsonii,-,-,Makinson,-
Gudeoconcha sophiae magnifica,Magnificent Helicarionid Land Snail,-,Critically Endangered,-,Yes,-,-,-,-,-,-,-,-,-,-,-,-,-,-,-,82864,-,Animalia,Gastropoda,http://www.environment.gov.au/cgi-bin/sprat/public/publicspecies.pl?taxon_id=82864,2026-Aug-28,-,Helicarionidae,Gudeoconcha,sophiae,-,magnifica,-,"Iredale, 1944"
Guichenotia seorsiflora,-,-,Critically Endangered,-,-,-,-,-,-,-,Yes,-,-,-,-,-,-,-,-,-,82693,-,Plantae,Magnoliopsida,http://www.environment.gov.au/cgi-bin/sprat/public/publicspecies.pl?taxon_id=82693,2026-Aug-28,https://id.biodiversity.org.au/name/apni/132554,Malvaceae,Guichenotia,seorsiflora,-,-,C.F.Wilkins,-
Gymnobelideus leadbeateri,Leadbeater's Possum,-,Critically Endangered,-,Yes,-,-,-,-,Yes,-,-,-,-,-,-,-,-,-,-,273,-,Animalia,Mammalia,http://www.environment.gov.au/cgi-bin/sprat/public/publicspecies.pl?taxon_id=273,2026-Aug-28,-,Petauridae,Gymnobelideus,leadbeateri,-,-,"McCoy, 1867",-
Gyrostemon reticulatus,Net-veined Gyrostemon,-,Critically Endangered,-,-,-,-,-,-,-,Yes,-,-,-,-,-,-,-,-,-,8491,-,Plantae,Magnoliopsida,http://www.environment.gov.au/cgi-bin/sprat/public/publicspecies.pl?taxon_id=8491,2026-Aug-28,https://id.biodiversity.org.au/name/apni/105130,Gyrostemonaceae,Gyrostemon,reticulatus,-,-,A.S.George,-
Habenaria maccraithii,Whiskered Rein Orchid,-,Endangered,-,-,-,Yes,-,-,-,-,-,-,-,-,-,-,-,-,-,87197,-,Plantae,Liliopsida,http://www.environment.gov.au/cgi-bin/sprat/public/publicspecies.pl?taxon_id=87197,2026-Aug-28,https://id.biodiversity.org.au/name/apni/106433,Orchidaceae,Habenaria,maccraithii,-,-,Lavarack,-
Hakea aculeata,Column Hakea,-,Vulnerable,-,-,-,-,-,-,-,Yes,-,-,-,-,-,-,-,-,-,11191,-,Plantae,Magnoliopsida,http://www.environment.gov.au/cgi-bin/sprat/public/publicspecies.pl?taxon_id=11191,2026-Aug-28,https://id.biodiversity.org.au/name/apni/76519,Proteaceae,Hakea,aculeata,-,-,A.S.George,-
Hakea archaeoides,-,-,Vulnerable,-,Yes,-,-,-,-,-,-,-,-,-,-,-,-,-,-,-,66702,-,Plantae,Magnoliopsida,http://www.environment.gov.au/cgi-bin/sprat/public/publicspecies.pl?taxon_id=66702,2026-Aug-28,https://id.biodiversity.org.au/name/apni/135107,Proteaceae,Hakea,archaeoides,-,-,W.R.Barker,-
Hakea dohertyi,Kowmung Hakea,-,Critically Endangered,-,Yes,-,-,-,-,-,-,-,-,-,-,-,-,-,-,-,66701,-,Plantae,Magnoliopsida,http://www.environment.gov.au/cgi-bin/sprat/public/publicspecies.pl?taxon_id=66701,2026-Aug-28,https://id.biodiversity.org.au/name/apni/131436,Proteaceae,Hakea,dohertyi,-,-,Haegi,-
Hakea fraseri,"Gnarled Corkbark, Fraser's Hakea",-,Vulnerable,-,Yes,-,-,-,-,-,-,-,-,-,-,-,-,-,-,-,16093,-,Plantae,Magnoliopsida,http://www.environment.gov.au/cgi-bin/sprat/public/publicspecies.pl?taxon_id=16093,2026-Aug-28,https://id.biodiversity.org.au/name/apni/70179,Proteaceae,Hakea,fraseri,-,-,R.Br.,-
Hakea maconochieana,-,-,Vulnerable,-,-,-,Yes,-,-,-,-,-,-,-,-,-,-,-,-,-,66351,-,Plantae,Magnoliopsida,http://www.environment.gov.au/cgi-bin/sprat/public/publicspecies.pl?taxon_id=66351,2026-Aug-28,https://id.biodiversity.org.au/name/apni/164941,Proteaceae,Hakea,maconochieana,-,-,Haegi,-
Hakea macrorrhyncha,-,-,Endangered,-,Yes,-,Yes,-,-,-,-,-,-,-,-,-,-,-,-,-,87228,-,Plantae,Magnoliopsida,http://www.environment.gov.au/cgi-bin/sprat/public/publicspecies.pl?taxon_id=87228,2026-Aug-28,https://id.biodiversity.org.au/name/apni/156762,Proteaceae,Hakea,macrorrhyncha,-,-,W.R.Barker,-
Hakea megalosperma,Lesueur Hakea,-,Vulnerable,-,-,-,-,-,-,-,Yes,-,-,-,-,-,-,-,-,-,10505,-,Plantae,Magnoliopsida,http://www.environment.gov.au/cgi-bin/sprat/public/publicspecies.pl?taxon_id=10505,2026-Aug-28,https://id.biodiversity.org.au/name/apni/94944,Proteaceae,Hakea,megalosperma,-,-,Meissner,-
Hakea pulvinifera,Lake Keepit Hakea,-,Endangered,-,Yes,-,-,-,-,-,-,-,-,-,-,-,-,-,-,-,14228,-,Plantae,Magnoliopsida,http://www.environment.gov.au/cgi-bin/sprat/public/publicspecies.pl?taxon_id=14228,2026-Aug-28,https://id.biodiversity.org.au/name/apni/54769,Proteaceae,Hakea,pulvinifera,-,-,L.A.S.Johnson,-
Hakea trineura,Three-veined Hakea,-,Vulnerable,-,-,-,Yes,-,-,-,-,-,-,-,-,-,-,-,-,-,15931,-,Plantae,Magnoliopsida,http://www.environment.gov.au/cgi-bin/sprat/public/publicspecies.pl?taxon_id=15931,2026-Aug-28,https://id.biodiversity.org.au/name/apni/56769,Proteaceae,Hakea,trineura,-,-,(F.Muell.) F.Muell.,-
Haliotis rubiginosa,Lord Howe Abalone,-,Critically Endangered,-,Yes,-,-,-,-,-,-,-,-,-,-,-,-,-,-,-,92433,-,Animalia,Gastropoda,http://www.environment.gov.au/cgi-bin/sprat/public/publicspecies.pl?taxon_id=92433,2026-Aug-28,-,Haliotidae,Haliotis,rubiginosa,-,-,"Reeve, 1846",-
Halobaena caerulea,Blue Petrel,-,Vulnerable,-,Yes,-,Yes,Yes,Yes,Yes,Yes,-,-,-,-,-,-,Yes,Yes,Yes,1059,-,Animalia,Aves,http://www.environment.gov.au/cgi-bin/sprat/public/publicspecies.pl?taxon_id=1059,2026-Aug-28,-,Procellariidae,Halobaena,caerulea,-,-,"(Gmelin,1789)",-
Haloragis exalata subsp. exalata,"Wingless Raspwort, Square Raspwort",-,Vulnerable,-,Yes,-,-,Yes,-,Yes,-,-,-,-,-,-,-,-,-,-,24636,-,Plantae,Magnoliopsida,http://www.environment.gov.au/cgi-bin/sprat/public/publicspecies.pl?taxon_id=24636,2026-Aug-28,https://id.biodiversity.org.au/name/apni/71364,Haloragaceae,Haloragis,exalata,subsp.,exalata,F.Muell.,-
Haloragis exalata subsp. velutina,Tall Velvet Sea-berry,-,Vulnerable,-,Yes,-,Yes,-,-,-,-,-,-,-,-,-,-,-,-,-,16839,-,Plantae,Magnoliopsida,http://www.environment.gov.au/cgi-bin/sprat/public/publicspecies.pl?taxon_id=16839,2026-Aug-28,https://id.biodiversity.org.au/name/apni/71402,Haloragaceae,Haloragis,exalata,subsp.,velutina,-,Orchard
Haloragis eyreana,Prickly Raspwort,-,Endangered,-,-,-,-,Yes,-,-,-,-,-,-,-,-,-,-,-,-,8737,-,Plantae,Magnoliopsida,http://www.environment.gov.au/cgi-bin/sprat/public/publicspecies.pl?taxon_id=8737,2026-Aug-28,https://id.biodiversity.org.au/name/apni/71416,Haloragaceae,Haloragis,eyreana,-,-,Orchard,-
Haloragis platycarpa,Broad-fruited Haloragis,-,Critically Endangered,-,-,-,-,-,-,-,Yes,-,-,-,-,-,-,-,-,-,15371,-,Plantae,Magnoliopsida,http://www.environment.gov.au/cgi-bin/sprat/public/publicspecies.pl?taxon_id=15371,2026-Aug-28,https://id.biodiversity.org.au/name/apni/72025,Haloragaceae,Haloragis,platycarpa,-,-,Benth.,-
Haloragodendron lucasii,Hal,-,Endangered,-,Yes,-,-,-,-,-,-,-,-,-,-,-,-,-,-,-,6480,-,Plantae,Magnoliopsida,http://www.environment.gov.au/cgi-bin/sprat/public/publicspecies.pl?taxon_id=6480,2026-Aug-28,https://id.biodiversity.org.au/name/apni/72720,Haloragaceae,Haloragodendron,lucasii,-,-,(Maiden  E.Betche) Orch.,-
Harrisoniascincus zia,Rainforest Cool-skink,-,Vulnerable,-,Yes,-,Yes,-,-,-,-,-,-,-,-,-,-,-,-,-,84785,-,Animalia,Reptilia,http://www.environment.gov.au/cgi-bin/sprat/public/publicspecies.pl?taxon_id=84785,2026-Aug-28,-,Scincidae,Harrisoniascincus,zia,-,-,"(Ingram  Ehmann, 1981)",-
Heleioporus australiacus australiacus,"Giant Burrowing Frog, Eastern Owl Frog",-,Endangered,-,Yes,-,-,-,-,-,-,-,-,-,-,-,-,-,-,-,92013,-,Animalia,Amphibia,http://www.environment.gov.au/cgi-bin/sprat/public/publicspecies.pl?taxon_id=92013,2026-Aug-28,-,Limnodynastidae,Heleioporus,australiacus,-,australiacus,"(Shaw and Nodder, 1795)",-
Heleioporus australiacus flavopunctatus,"Southern Owl Frog, Southern Giant Burrowing Frog",-,Endangered,-,Yes,-,-,-,-,Yes,-,-,-,-,-,-,-,-,-,-,92014,-,Animalia,Amphibia,http://www.environment.gov.au/cgi-bin/sprat/public/publicspecies.pl?taxon_id=92014,2026-Aug-28,-,Limnodynastidae,Heleioporus,australiacus,-,flavopunctatus,Mahony et. al. 2021,-
Helichrysum calvertianum,-,-,Vulnerable,-,Yes,-,-,-,-,-,-,-,-,-,-,-,-,-,-,-,5702,-,Plantae,Magnoliopsida,http://www.environment.gov.au/cgi-bin/sprat/public/publicspecies.pl?taxon_id=5702,2026-Aug-28,https://id.biodiversity.org.au/name/apni/59296,Asteraceae,Helichrysum,calvertianum,-,-,(F.Muell.) F.Muell.,-
Helicteres macrothrix,-,-,Endangered,-,-,Yes,-,-,-,-,-,-,-,-,-,-,-,-,-,-,86586,-,Plantae,Magnoliopsida,http://www.environment.gov.au/cgi-bin/sprat/public/publicspecies.pl?taxon_id=86586,2026-Aug-28,https://id.biodiversity.org.au/name/apni/237287,Malvaceae,Helicteres,macrothrix,-,-,Cowie,-
Hemiandra gardneri,Red Snakebush,-,Endangered,-,-,-,-,-,-,-,Yes,-,-,-,-,-,-,-,-,-,7945,-,Plantae,Magnoliopsida,http://www.environment.gov.au/cgi-bin/sprat/public/publicspecies.pl?taxon_id=7945,2026-Aug-28,https://id.biodiversity.org.au/name/apni/82653,Lamiaceae,Hemiandra,gardneri,-,-,O.Sarg.,-
Hemiandra rutilans,"Sargents Snakebush, Colourful Snakebush",-,Endangered,-,-,-,-,-,-,-,Yes,-,-,-,-,-,-,-,-,-,17932,-,Plantae,Magnoliopsida,http://www.environment.gov.au/cgi-bin/sprat/public/publicspecies.pl?taxon_id=17932,2026-Aug-28,https://id.biodiversity.org.au/name/apni/99545,Lamiaceae,Hemiandra,rutilans,-,-,O.Sarg.,-
Hemiaspis damelii,Grey Snake,-,Endangered,-,Yes,-,Yes,-,-,-,-,-,-,-,-,-,-,-,-,-,1179,-,Animalia,Reptilia,http://www.environment.gov.au/cgi-bin/sprat/public/publicspecies.pl?taxon_id=1179,2026-Aug-28,-,Elapidae,Hemiaspis,damelii,-,-,"(Gnther,1876)",-
Hemibelideus lemuroides,Lemuroid Ringtail Possum,-,Endangered,-,-,-,Yes,-,-,-,-,-,-,-,-,-,-,-,-,-,274,-,Animalia,Mammalia,http://www.environment.gov.au/cgi-bin/sprat/public/publicspecies.pl?taxon_id=274,2026-Aug-28,-,Pseudocheiridae,Hemibelideus,lemuroides,-,-,"(Collett,1884)",-
Hemigenia ramosissima,Branched Hemigenia,-,Critically Endangered,-,-,-,-,-,-,-,Yes,-,-,-,-,-,-,-,-,-,18568,-,Plantae,Magnoliopsida,http://www.environment.gov.au/cgi-bin/sprat/public/publicspecies.pl?taxon_id=18568,2026-Aug-28,https://id.biodiversity.org.au/name/apni/100981,Lamiaceae,Hemigenia,ramosissima,-,-,Benth.,-
Hemiphaga novaeseelandiae spadicea,"New Zealand Pigeon (Norfolk Island race), Norfolk Island New Zealand Pigeon",-,Extinct,-,-,-,-,-,-,-,-,-,-,-,-,-,Yes,-,-,-,25989,-,Animalia,Aves,http://www.environment.gov.au/cgi-bin/sprat/public/publicspecies.pl?taxon_id=25989,2026-Aug-28,-,Columbidae,Hemiphaga,novaeseelandiae,-,spadicea,"(Latham, 1802)",-
Hensmania chapmanii,Chapman's Hensmania,-,Vulnerable,-,-,-,-,-,-,-,Yes,-,-,-,-,-,-,-,-,-,10481,-,Plantae,Liliopsida,http://www.environment.gov.au/cgi-bin/sprat/public/publicspecies.pl?taxon_id=10481,2026-Aug-28,https://id.biodiversity.org.au/name/apni/76876,Liliaceae,Hensmania,chapmanii,-,-,Keighery,-
Hesperocolletes douglasi,"Douglas' Broad-headed Bee, Rottnest Bee",-,Critically Endangered,-,-,-,-,-,-,-,Yes,-,-,-,-,-,-,-,-,-,66734,-,Animalia,Insecta,http://www.environment.gov.au/cgi-bin/sprat/public/publicspecies.pl?taxon_id=66734,2026-Aug-28,-,Colletidae,Hesperocolletes,douglasi,-,-,"Michener, 1965",-
Hexaspora pubescens,-,-,Vulnerable,-,-,-,Yes,-,-,-,-,-,-,-,-,-,-,-,-,-,3384,-,Plantae,Magnoliopsida,http://www.environment.gov.au/cgi-bin/sprat/public/publicspecies.pl?taxon_id=3384,2026-Aug-28,https://id.biodiversity.org.au/name/apni/70995,Celastraceae,Hexaspora,pubescens,-,-,C.White,-
Hibbertia abyssus,Bandalup Buttercup,-,Critically Endangered,-,-,-,-,-,-,-,Yes,-,-,-,-,-,-,-,-,-,89267,-,Plantae,Magnoliopsida,http://www.environment.gov.au/cgi-bin/sprat/public/publicspecies.pl?taxon_id=89267,2026-Aug-28,https://id.biodiversity.org.au/name/apni/224087,Dilleniaceae,Hibbertia,abyssus,-,-,Wege  K.R.Thiele,-
Hibbertia acaulothrix,-,-,Endangered,-,Yes,-,-,-,-,-,-,-,-,-,-,-,-,-,-,-,87409,-,Plantae,Magnoliopsida,http://www.environment.gov.au/cgi-bin/sprat/public/publicspecies.pl?taxon_id=87409,2026-Aug-28,https://id.biodiversity.org.au/name/apni/240429,Dilleniaceae,Hibbertia,acaulothrix,-,-,Toelken,-
Hibbertia basaltica,Basalt Guinea-flower,-,Endangered,-,-,-,-,-,Yes,-,-,-,-,-,-,-,-,-,-,-,81675,-,Plantae,Magnoliopsida,http://www.environment.gov.au/cgi-bin/sprat/public/publicspecies.pl?taxon_id=81675,2026-Aug-28,https://id.biodiversity.org.au/name/apni/198035,Dilleniaceae,Hibbertia,basaltica,-,-,A.M.Buchanan  Schah.,-
Hibbertia circinata,-,-,Critically Endangered,-,Yes,-,-,-,-,-,-,-,-,-,-,-,-,-,-,-,89832,-,Plantae,Magnoliopsida,http://www.environment.gov.au/cgi-bin/sprat/public/publicspecies.pl?taxon_id=89832,2026-Aug-28,https://id.biodiversity.org.au/name/apni/50726564,Dilleniaceae,Hibbertia,circinata,-,-,K.L.McDougall  G.T.Wright,-
Hibbertia cistiflora subsp. quadristaminea,-,-,Endangered,-,Yes,-,-,-,-,-,-,-,-,-,-,-,-,-,-,-,91164,-,Plantae,Magnoliopsida,http://www.environment.gov.au/cgi-bin/sprat/public/publicspecies.pl?taxon_id=91164,2026-Aug-28,https://id.biodiversity.org.au/name/apni/236249,Dilleniaceae,Hibbertia,cistiflora,subsp.,quadristaminea,-,Toelken
Hibbertia crispula,Ooldea Guinea-flower,-,Vulnerable,-,-,-,-,Yes,-,-,Yes,-,-,-,-,-,-,-,-,-,15222,-,Plantae,Magnoliopsida,http://www.environment.gov.au/cgi-bin/sprat/public/publicspecies.pl?taxon_id=15222,2026-Aug-28,https://id.biodiversity.org.au/name/apni/112080,Dilleniaceae,Hibbertia,crispula,-,-,J.Black,-
Hibbertia humifusa subsp. debilis,Dergholm Guinea-flower,-,Vulnerable,-,-,-,-,-,-,Yes,-,-,-,-,-,-,-,-,-,-,64917,-,Plantae,Magnoliopsida,http://www.environment.gov.au/cgi-bin/sprat/public/publicspecies.pl?taxon_id=64917,2026-Aug-28,https://id.biodiversity.org.au/name/apni/171165,Dilleniaceae,Hibbertia,humifusa,subsp.,debilis,-,Toelken
Hibbertia humifusa subsp. erigens,Euroa Guinea-flower,-,Vulnerable,-,-,-,-,-,-,Yes,-,-,-,-,-,-,-,-,-,-,64918,-,Plantae,Magnoliopsida,http://www.environment.gov.au/cgi-bin/sprat/public/publicspecies.pl?taxon_id=64918,2026-Aug-28,https://id.biodiversity.org.au/name/apni/171164,Dilleniaceae,Hibbertia,humifusa,subsp.,erigens,-,Toelken
Hibbertia marginata,Bordered Guinea Flower,-,Vulnerable,-,Yes,-,-,-,-,-,-,-,-,-,-,-,-,-,-,-,21970,-,Plantae,Magnoliopsida,http://www.environment.gov.au/cgi-bin/sprat/public/publicspecies.pl?taxon_id=21970,2026-Aug-28,https://id.biodiversity.org.au/name/apni/117273,Dilleniaceae,Hibbertia,marginata,-,-,B.J.Conn,-
Hibbertia praemorsa,Bundanoon Guinea-flower,-,Endangered,-,Yes,-,-,-,-,-,-,-,-,-,-,-,-,-,-,-,86346,-,Plantae,Magnoliopsida,http://www.environment.gov.au/cgi-bin/sprat/public/publicspecies.pl?taxon_id=86346,2026-Aug-28,https://id.biodiversity.org.au/name/apni/171312,Dilleniaceae,Hibbertia,praemorsa,-,-,Toelken,-
Hibbertia priceana,-,-,Critically Endangered,-,-,-,-,-,-,-,Yes,-,-,-,-,-,-,-,-,-,82694,-,Plantae,Magnoliopsida,http://www.environment.gov.au/cgi-bin/sprat/public/publicspecies.pl?taxon_id=82694,2026-Aug-28,https://id.biodiversity.org.au/name/apni/180971,Dilleniaceae,Hibbertia,priceana,-,-,J.R.Wheeler,-
Hibbertia puberula subsp. glabrescens,-,-,Critically Endangered,-,Yes,-,-,-,-,-,-,-,-,-,-,-,-,-,-,-,86645,-,Plantae,Magnoliopsida,http://www.environment.gov.au/cgi-bin/sprat/public/publicspecies.pl?taxon_id=86645,2026-Aug-28,https://id.biodiversity.org.au/name/apni/240441,Dilleniaceae,Hibbertia,puberula,subsp.,glabrescens,-,Toelken
Hibbertia sp. Toolbrunup (J.R.Wheeler 2504),-,Hibbertia barrettiae,Critically Endangered,-,-,-,-,-,-,-,Yes,-,-,-,-,-,-,-,-,-,89455,90405,Plantae,Magnoliopsida,http://www.environment.gov.au/cgi-bin/sprat/public/publicspecies.pl?taxon_id=89455,2026-Aug-28,https://id.biodiversity.org.au/name/apni/8940166,Dilleniaceae,Hibbertia,sp. Toolbrunup (J.R.Wheeler 2504),-,-,-,WA Herbarium
Hibbertia spanantha,Julian's Hibbertia,-,Critically Endangered,-,Yes,-,-,-,-,-,-,-,-,-,-,-,-,-,-,-,88475,-,Plantae,Magnoliopsida,http://www.environment.gov.au/cgi-bin/sprat/public/publicspecies.pl?taxon_id=88475,2026-Aug-28,https://id.biodiversity.org.au/name/apni/4951507,Dilleniaceae,Hibbertia,spanantha,-,-,Toelken  A.F.Rob.,-
Hibbertia superans,-,-,Critically Endangered,-,Yes,-,-,-,-,-,-,-,-,-,-,-,-,-,-,-,84688,-,Plantae,Magnoliopsida,http://www.environment.gov.au/cgi-bin/sprat/public/publicspecies.pl?taxon_id=84688,2026-Aug-28,https://id.biodiversity.org.au/name/apni/171316,Dilleniaceae,Hibbertia,superans,-,-,Toelken,-
Hibbertia tenuis,Yundi Guinea-flower,-,Critically Endangered,-,-,-,-,Yes,-,-,-,-,-,-,-,-,-,-,-,-,76189,-,Plantae,Magnoliopsida,http://www.environment.gov.au/cgi-bin/sprat/public/publicspecies.pl?taxon_id=76189,2026-Aug-28,https://id.biodiversity.org.au/name/apni/171169,Dilleniaceae,Hibbertia,tenuis,-,-,Toelken,-
Hibbertia wheelerae,Wheeler's Buttercup,-,Critically Endangered,-,-,-,-,-,-,-,Yes,-,-,-,-,-,-,-,-,-,90414,-,Plantae,Magnoliopsida,http://www.environment.gov.au/cgi-bin/sprat/public/publicspecies.pl?taxon_id=90414,2026-Aug-28,https://id.biodiversity.org.au/name/apni/51306646,Dilleniaceae,Hibbertia,wheelerae,-,-,K.R.Thiele,-
Hibiscus brennanii,a shrub,-,Vulnerable,-,-,Yes,-,-,-,-,-,-,-,-,-,-,-,-,-,-,65592,-,Plantae,Magnoliopsida,http://www.environment.gov.au/cgi-bin/sprat/public/publicspecies.pl?taxon_id=65592,2026-Aug-28,https://id.biodiversity.org.au/name/apni/149108,Malvaceae,Hibiscus,brennanii,-,-,Craven  Fryxell,-
Hibiscus cravenii,-,-,Vulnerable,-,-,Yes,-,-,-,-,-,-,-,-,-,-,-,-,-,-,81624,-,Plantae,Magnoliopsida,http://www.environment.gov.au/cgi-bin/sprat/public/publicspecies.pl?taxon_id=81624,2026-Aug-28,https://id.biodiversity.org.au/name/apni/195358,Malvaceae,Hibiscus,cravenii,-,-,(Fryxell) B.E.Pfeil  Craven,-
Hibiscus insularis,Phillip Island Hibiscus,-,Critically Endangered,-,-,-,-,-,-,-,-,-,-,-,-,-,Yes,-,-,-,30614,-,Plantae,Magnoliopsida,http://www.environment.gov.au/cgi-bin/sprat/public/publicspecies.pl?taxon_id=30614,2026-Aug-28,https://id.biodiversity.org.au/name/apni/62808,Malvaceae,Hibiscus,insularis,-,-,Endl.,-
Hicksbeachia pinnatifolia,"Monkey Nut, Bopple Nut, Red Bopple, Red Bopple Nut, Red Nut, Beef Nut, Red Apple Nut, Red Boppel Nut, Ivory Silky Oak",-,Vulnerable,-,Yes,-,Yes,-,-,-,-,-,-,-,-,-,-,-,-,-,21189,-,Plantae,Magnoliopsida,http://www.environment.gov.au/cgi-bin/sprat/public/publicspecies.pl?taxon_id=21189,2026-Aug-28,https://id.biodiversity.org.au/name/apni/93493,Proteaceae,Hicksbeachia,pinnatifolia,-,-,F.Muell.,-
Hippocampus whitei,"White's Seahorse, Crowned Seahorse, Sydney Seahorse",-,Endangered,-,Yes,-,Yes,-,-,-,-,-,-,-,-,-,-,-,-,Yes,66240,-,Animalia,Actinopterygii,http://www.environment.gov.au/cgi-bin/sprat/public/publicspecies.pl?taxon_id=66240,2026-Aug-28,-,Syngnathidae,Hippocampus,whitei,-,-,"Bleeker, 1855",-
Hipposideros inornatus,Arnhem Leaf-nosed Bat,-,Endangered,-,-,Yes,-,-,-,-,-,-,-,-,-,-,-,-,-,-,86675,-,Animalia,Mammalia,http://www.environment.gov.au/cgi-bin/sprat/public/publicspecies.pl?taxon_id=86675,2026-Aug-28,-,Hipposideridae,Hipposideros,inornatus,-,-,"McKean, 1970",-
Hipposideros semoni,"Semon's Leaf-nosed Bat, Greater Wart-nosed Horseshoe-bat",-,Vulnerable,-,-,-,Yes,-,-,-,-,-,-,-,-,-,-,-,-,-,180,-,Animalia,Mammalia,http://www.environment.gov.au/cgi-bin/sprat/public/publicspecies.pl?taxon_id=180,2026-Aug-28,-,Hipposideridae,Hipposideros,semoni,-,-,"Matschie,1903",-
Hirundapus caudacutus,White-throated Needletail,-,Vulnerable,Yes,Yes,-,Yes,Yes,Yes,Yes,-,-,-,-,-,Yes,-,-,-,-,682,-,Animalia,Aves,http://www.environment.gov.au/cgi-bin/sprat/public/publicspecies.pl?taxon_id=682,2026-Aug-28,-,Apodidae,Hirundapus,caudacutus,-,-,"(Latham,1801)",-
Homopholis belsonii,Belson's Panic,-,Vulnerable,-,Yes,-,Yes,-,-,-,-,-,-,-,-,-,-,-,-,-,2406,-,Plantae,Liliopsida,http://www.environment.gov.au/cgi-bin/sprat/public/publicspecies.pl?taxon_id=2406,2026-Aug-28,https://id.biodiversity.org.au/name/apni/103750,Poaceae,Homopholis,belsonii,-,-,C.E.Hubb.,-
Homoranthus bebo,-,-,Critically Endangered,-,Yes,-,-,-,-,-,-,-,-,-,-,-,-,-,-,-,88498,-,Plantae,Magnoliopsida,http://www.environment.gov.au/cgi-bin/sprat/public/publicspecies.pl?taxon_id=88498,2026-Aug-28,https://id.biodiversity.org.au/name/apni/236632,Myrtaceae,Homoranthus,bebo,-,-,L.M.Copel.,-
Homoranthus bruhlii,-,-,Critically Endangered,-,Yes,-,-,-,-,-,-,-,-,-,-,-,-,-,-,-,88500,-,Plantae,Magnoliopsida,http://www.environment.gov.au/cgi-bin/sprat/public/publicspecies.pl?taxon_id=88500,2026-Aug-28,https://id.biodiversity.org.au/name/apni/236637,Myrtaceae,Homoranthus,bruhlii,-,-,L.M.Copel.,-
Homoranthus croftianus,Bolivia Homoranthus,-,Critically Endangered,-,Yes,-,-,-,-,-,-,-,-,-,-,-,-,-,-,-,66039,-,Plantae,Magnoliopsida,http://www.environment.gov.au/cgi-bin/sprat/public/publicspecies.pl?taxon_id=66039,2026-Aug-28,https://id.biodiversity.org.au/name/apni/165224,Myrtaceae,Homoranthus,croftianus,-,-,J.T.Hunter,-
Homoranthus darwinioides,-,-,Vulnerable,-,Yes,-,-,-,-,-,-,-,-,-,-,-,-,-,-,-,12974,-,Plantae,Magnoliopsida,http://www.environment.gov.au/cgi-bin/sprat/public/publicspecies.pl?taxon_id=12974,2026-Aug-28,https://id.biodiversity.org.au/name/apni/103800,Myrtaceae,Homoranthus,darwinioides,-,-,(Maiden  E.Betche) Cheel,-
Homoranthus decumbens,a shrub,-,Endangered,-,-,-,Yes,-,-,-,-,-,-,-,-,-,-,-,-,-,55186,-,Plantae,Magnoliopsida,http://www.environment.gov.au/cgi-bin/sprat/public/publicspecies.pl?taxon_id=55186,2026-Aug-28,https://id.biodiversity.org.au/name/apni/117555,Myrtaceae,Homoranthus,decumbens,-,-,(Byrnes) Craven  S.R.Jones,-
Homoranthus elusus,-,-,Critically Endangered,-,Yes,-,-,-,-,-,-,-,-,-,-,-,-,-,-,-,88502,-,Plantae,Magnoliopsida,http://www.environment.gov.au/cgi-bin/sprat/public/publicspecies.pl?taxon_id=88502,2026-Aug-28,https://id.biodiversity.org.au/name/apni/236636,Myrtaceae,Homoranthus,elusus,-,-,L.M.Copel.,-
Homoranthus floydii,-,-,Vulnerable,-,Yes,-,-,-,-,-,-,-,-,-,-,-,-,-,-,-,55187,-,Plantae,Magnoliopsida,http://www.environment.gov.au/cgi-bin/sprat/public/publicspecies.pl?taxon_id=55187,2026-Aug-28,https://id.biodiversity.org.au/name/apni/117556,Myrtaceae,Homoranthus,floydii,-,-,Craven  S.R.Jones,-
Homoranthus lunatus,-,-,Vulnerable,-,Yes,-,-,-,-,-,-,-,-,-,-,-,-,-,-,-,55189,-,Plantae,Magnoliopsida,http://www.environment.gov.au/cgi-bin/sprat/public/publicspecies.pl?taxon_id=55189,2026-Aug-28,https://id.biodiversity.org.au/name/apni/117558,Myrtaceae,Homoranthus,lunatus,-,-,Craven  S.R.Jones,-
Homoranthus montanus,-,-,Vulnerable,-,-,-,Yes,-,-,-,-,-,-,-,-,-,-,-,-,-,24319,-,Plantae,Magnoliopsida,http://www.environment.gov.au/cgi-bin/sprat/public/publicspecies.pl?taxon_id=24319,2026-Aug-28,https://id.biodiversity.org.au/name/apni/117563,Myrtaceae,Homoranthus,montanus,-,-,Craven  S.R.Jones,-
Homoranthus porteri,-,-,Vulnerable,-,-,-,Yes,-,-,-,-,-,-,-,-,-,-,-,-,-,55196,-,Plantae,Magnoliopsida,http://www.environment.gov.au/cgi-bin/sprat/public/publicspecies.pl?taxon_id=55196,2026-Aug-28,https://id.biodiversity.org.au/name/apni/117565,Myrtaceae,Homoranthus,porteri,-,-,(C.T.White) Craven  S.R.Jones,-
Homoranthus prolixus,-,-,Vulnerable,-,Yes,-,-,-,-,-,-,-,-,-,-,-,-,-,-,-,55198,-,Plantae,Magnoliopsida,http://www.environment.gov.au/cgi-bin/sprat/public/publicspecies.pl?taxon_id=55198,2026-Aug-28,https://id.biodiversity.org.au/name/apni/117569,Myrtaceae,Homoranthus,prolixus,-,-,Craven  S.R.Jones,-
Hoplocephalus bungaroides,Broad-headed Snake,-,Endangered,-,Yes,-,-,-,-,-,-,-,-,-,-,-,-,-,-,-,1182,-,Animalia,Reptilia,http://www.environment.gov.au/cgi-bin/sprat/public/publicspecies.pl?taxon_id=1182,2026-Aug-28,-,Elapidae,Hoplocephalus,bungaroides,-,-,"(Schlegel,1837)",-
Hoplogonus bornemisszai,Bornemissza's Stag Beetle,-,Critically Endangered,-,-,-,-,-,Yes,-,-,-,-,-,-,-,-,-,-,-,66754,-,Animalia,Insecta,http://www.environment.gov.au/cgi-bin/sprat/public/publicspecies.pl?taxon_id=66754,2026-Aug-28,-,Lucanidae,Hoplogonus,bornemisszai,-,-,"Bartolozzi, 1996",-
Hoplogonus simsoni,Simson's Stag Beetle,-,Vulnerable,-,-,-,-,-,Yes,-,-,-,-,-,-,-,-,-,-,-,66796,-,Animalia,Insecta,http://www.environment.gov.au/cgi-bin/sprat/public/publicspecies.pl?taxon_id=66796,2026-Aug-28,-,Lucanidae,Hoplogonus,simsoni,-,-,"Parry, 1875",-
Hoplogonus vanderschoori,Vanderschoor's Stag Beetle,-,Vulnerable,-,-,-,-,-,Yes,-,-,-,-,-,-,-,-,-,-,-,66797,-,Animalia,Insecta,http://www.environment.gov.au/cgi-bin/sprat/public/publicspecies.pl?taxon_id=66797,2026-Aug-28,-,Lucanidae,Hoplogonus,vanderschoori,-,-,"Bartolozzi, 1996",-
Hoplostethus atlanticus,"Orange Roughy, Deep-sea Perch, Red Roughy",-,Conservation Dependent,-,Yes,-,-,-,Yes,-,-,-,-,-,-,-,Yes,Yes,-,Yes,68455,-,Animalia,Actinopterygii,http://www.environment.gov.au/cgi-bin/sprat/public/publicspecies.pl?taxon_id=68455,2026-Aug-28,-,Trachichthyidae,Hoplostethus,atlanticus,-,-,"Collett, 1889",-
Hoya australis subsp. oramicola,a vine,-,Vulnerable,-,-,Yes,-,-,-,-,-,-,-,-,-,-,-,-,-,-,55436,-,Plantae,Magnoliopsida,http://www.environment.gov.au/cgi-bin/sprat/public/publicspecies.pl?taxon_id=55436,2026-Aug-28,https://id.biodiversity.org.au/name/apni/117844,Asclepiadaceae,Hoya,australis,subsp.,oramicola,-,P.I.Forst.  D.Liddle
Huperzia serrata,Water Tassel-fern,-,Extinct,-,-,-,Yes,-,-,-,-,-,-,-,-,-,-,-,-,-,24168,-,Plantae,Lycopodopiatae,http://www.environment.gov.au/cgi-bin/sprat/public/publicspecies.pl?taxon_id=24168,2026-Aug-28,https://id.biodiversity.org.au/name/apni/154629,Lycopodiaceae,Huperzia,serrata,-,-,(Thunb. ex Murray) Trevis.,-
Hybanthus cymulosus,Ninghan Violet,Pigea cymulosa,Critically Endangered,-,-,-,-,-,-,-,Yes,-,-,-,-,-,-,-,-,-,2803,93507,Plantae,Magnoliopsida,http://www.environment.gov.au/cgi-bin/sprat/public/publicspecies.pl?taxon_id=2803,2026-Aug-28,https://id.biodiversity.org.au/name/apni/74975,Violaceae,Hybanthus,cymulosus,-,-,C.A.Gardner,-
Hydriastele costata,a palm,-,Vulnerable,-,-,-,Yes,-,-,-,-,-,-,-,-,-,-,-,-,-,41998,-,Plantae,Liliopsida,http://www.environment.gov.au/cgi-bin/sprat/public/publicspecies.pl?taxon_id=41998,2026-Aug-28,https://id.biodiversity.org.au/name/apni/87981,Arecaceae,Hydriastele,costata,-,-,F.M.Bailey,-
Hylacola cauta halmaturina,Shy Heathwren (Kangaroo Island),-,Vulnerable,-,-,-,-,Yes,-,-,-,-,-,-,-,-,-,-,-,-,82332,-,Animalia,Aves,http://www.environment.gov.au/cgi-bin/sprat/public/publicspecies.pl?taxon_id=82332,2026-Aug-28,-,Acanthizidae,Hylacola,cauta,-,halmaturina,-,"(Mathews, 1912)"
Hymenophyllum lobbii,-,-,Extinct,-,-,-,Yes,-,-,-,-,-,-,-,-,-,-,-,-,-,24119,-,Plantae,Polypodiatae,http://www.environment.gov.au/cgi-bin/sprat/public/publicspecies.pl?taxon_id=24119,2026-Aug-28,https://id.biodiversity.org.au/name/apni/80185,Hymenophyllaceae,Hymenophyllum,lobbii,-,-,T.Moore ex Bosch,-
Hymenophyllum whitei,a filmy fern,-,Extinct,-,-,-,Yes,-,-,-,-,-,-,-,-,-,-,-,-,-,15113,-,Plantae,Polypodiatae,http://www.environment.gov.au/cgi-bin/sprat/public/publicspecies.pl?taxon_id=15113,2026-Aug-28,https://id.biodiversity.org.au/name/apni/80733,Hymenophyllaceae,Hymenophyllum,whitei,-,-,Goy,-
Hypocalymma angustifolium subsp. Hutt River (S.Patrick 2982),-,-,Endangered,-,-,-,-,-,-,-,Yes,-,-,-,-,-,-,-,-,-,85023,-,Plantae,Magnoliopsida,http://www.environment.gov.au/cgi-bin/sprat/public/publicspecies.pl?taxon_id=85023,2026-Aug-28,https://id.biodiversity.org.au/name/apni/227683,Myrtaceae,Hypocalymma,angustifolium,subsp.,Hutt River (S.Patrick 2982),-,WA Herbarium
Hypocalymma longifolium,Long-leaved Myrtle,-,Vulnerable,-,-,-,-,-,-,-,Yes,-,-,-,-,-,-,-,-,-,8081,-,Plantae,Magnoliopsida,http://www.environment.gov.au/cgi-bin/sprat/public/publicspecies.pl?taxon_id=8081,2026-Aug-28,https://id.biodiversity.org.au/name/apni/98614,Myrtaceae,Hypocalymma,longifolium,-,-,F.Muell.,-
Hypocalymma sp. Cascade (R.Bruhn 20896),-,Hypocalymma magnificum,Endangered,-,-,-,-,-,-,-,Yes,-,-,-,-,-,-,-,-,-,88311,92807,Plantae,Magnoliopsida,http://www.environment.gov.au/cgi-bin/sprat/public/publicspecies.pl?taxon_id=88311,2026-Aug-28,https://id.biodiversity.org.au/name/apni/227728,Myrtaceae,Hypocalymma,sp. Cascade (R.Bruhn 20896),-,-,WA Herbarium,-
Hypocalymma sylvestre,Chittering Myrtle,-,Endangered,-,-,-,-,-,-,-,Yes,-,-,-,-,-,-,-,-,-,86384,-,Plantae,Magnoliopsida,http://www.environment.gov.au/cgi-bin/sprat/public/publicspecies.pl?taxon_id=86384,2026-Aug-28,https://id.biodiversity.org.au/name/apni/188886,Myrtaceae,Hypocalymma,sylvestre,-,-,Strid  Keighery,-
Hypochrysops piceatus,Bulloak Jewel Butterfly,-,Critically Endangered,-,-,-,Yes,-,-,-,-,-,-,-,-,-,-,-,-,-,77869,-,Animalia,Insecta,http://www.environment.gov.au/cgi-bin/sprat/public/publicspecies.pl?taxon_id=77869,2026-Aug-28,-,Lycaenidae,Hypochrysops,piceatus,-,-,"Kerr, Macqueen  Sands, 1969",-
Hypolepis dicksonioides,"Downy Ground-fern, Brake Fern, Ground Fern",-,Vulnerable,-,-,-,-,-,-,-,-,-,-,-,-,-,Yes,-,-,-,10243,-,Plantae,Polypodiatae,http://www.environment.gov.au/cgi-bin/sprat/public/publicspecies.pl?taxon_id=10243,2026-Aug-28,https://id.biodiversity.org.au/name/apni/67226,Dennstaedtiaceae,Hypolepis,dicksonioides,-,-,(Endl.) Hook.,-
Hypolepis distans,Scrambling Ground-fern,Hiya distans,Endangered,-,-,-,-,-,Yes,-,-,-,-,-,-,-,-,-,-,-,2148,92548,Plantae,Polypodiatae,http://www.environment.gov.au/cgi-bin/sprat/public/publicspecies.pl?taxon_id=2148,2026-Aug-28,https://id.biodiversity.org.au/name/apni/67246,Dennstaedtiaceae,Hypolepis,distans,-,-,Hook.,-
Hypolimnus pedderensis,Lake Pedder Earthworm,-,Extinct,-,-,-,-,-,Yes,-,-,-,-,-,-,-,-,-,-,-,83060,-,Animalia,Oligochaeta,http://www.environment.gov.au/cgi-bin/sprat/public/publicspecies.pl?taxon_id=83060,2026-Aug-28,-,Megascolecidae,Hypolimnus,pedderensis,-,-,"(Jamieson, 1974)",-
Hypotaenidia philippensis andrewsi,"Buff-banded Rail (Cocos (Keeling) Islands), Ayam Hutan",-,Endangered,-,-,-,-,-,-,-,-,-,Yes,-,-,-,-,-,-,-,88994,-,Animalia,Aves,http://www.environment.gov.au/cgi-bin/sprat/public/publicspecies.pl?taxon_id=88994,2026-Aug-28,-,Rallidae,Hypotaenidia,philippensis,-,andrewsi,-,"(Mathews, 1911)"
Hypotaenidia philippensis macquariensis,"Macquarie Island Buff-banded Rail, Buff-banded Rail (Macquarie Island)",-,Extinct,-,-,-,-,-,Yes,-,-,-,-,-,-,-,-,-,-,-,88995,-,Animalia,Aves,http://www.environment.gov.au/cgi-bin/sprat/public/publicspecies.pl?taxon_id=88995,2026-Aug-28,-,Rallidae,Hypotaenidia,philippensis,-,macquariensis,-,"(Hutton,1879)"
Hypotaenidia sylvestris,Lord Howe Woodhen,-,Endangered,-,Yes,-,-,-,-,-,-,-,-,-,-,-,-,-,-,-,87732,-,Animalia,Aves,http://www.environment.gov.au/cgi-bin/sprat/public/publicspecies.pl?taxon_id=87732,2026-Aug-28,-,Rallidae,Hypotaenidia,sylvestris,-,-,"(Sclater, 1869)",-
Hypseleotris gymnocephala,Bald Carp Gudgeon,-,Critically Endangered,-,Yes,-,-,-,-,-,-,-,-,-,-,-,-,-,-,-,92610,-,Animalia,Actinopterygii,http://www.environment.gov.au/cgi-bin/sprat/public/publicspecies.pl?taxon_id=92610,2026-Aug-28,-,Eleotridae,Hypseleotris,gymnocephala,-,-,"Thacker, Geiger  Unmack, 2022",-
Hyridella glenelgensis,Glenelg Freshwater Mussel,-,Critically Endangered,-,-,-,-,-,-,Yes,-,-,-,-,-,-,-,-,-,-,82953,-,Animalia,Bivalvia,http://www.environment.gov.au/cgi-bin/sprat/public/publicspecies.pl?taxon_id=82953,2026-Aug-28,-,Hyriidae,Hyridella,glenelgensis,-,-,"(Dennant, 1898)",-
Idiosoma nigrum,"Shield-backed Trapdoor Spider, Black Rugose Trapdoor Spider",-,Vulnerable,-,-,-,-,-,-,-,Yes,-,-,-,-,-,-,-,-,-,66798,-,Animalia,Arachnida,http://www.environment.gov.au/cgi-bin/sprat/public/publicspecies.pl?taxon_id=66798,2026-Aug-28,-,Idiopidae,Idiosoma,nigrum,-,-,"Main, 1952",-
Ileostylus micranthus,Mistletoe,-,Vulnerable,-,-,-,-,-,-,-,-,-,-,-,-,-,Yes,-,-,-,65891,-,Plantae,Magnoliopsida,http://www.environment.gov.au/cgi-bin/sprat/public/publicspecies.pl?taxon_id=65891,2026-Aug-28,https://id.biodiversity.org.au/name/apni/126096,Loranthaceae,Ileostylus,micranthus,-,-,(Hook.f.) Tiegh.,-
Indigofera efoliata,-,-,Endangered,-,Yes,-,-,-,-,-,-,-,-,-,-,-,-,-,-,-,4951,-,Plantae,Magnoliopsida,http://www.environment.gov.au/cgi-bin/sprat/public/publicspecies.pl?taxon_id=4951,2026-Aug-28,https://id.biodiversity.org.au/name/apni/66624,Fabaceae,Indigofera,efoliata,-,-,F.Muell.,-
Irenepharsus trypherus,"Delicate Cress, Illawarra Irene",-,Endangered,-,Yes,-,-,-,-,-,-,-,-,-,-,-,-,-,-,-,14664,-,Plantae,Magnoliopsida,http://www.environment.gov.au/cgi-bin/sprat/public/publicspecies.pl?taxon_id=14664,2026-Aug-28,https://id.biodiversity.org.au/name/apni/114042,Brassicaceae,Irenepharsus,trypherus,-,-,Hewson,-
Isoglossa eranthemoides,Isoglossa,-,Endangered,-,Yes,-,-,-,-,-,-,-,-,-,-,-,-,-,-,-,16663,-,Plantae,Magnoliopsida,http://www.environment.gov.au/cgi-bin/sprat/public/publicspecies.pl?taxon_id=16663,2026-Aug-28,https://id.biodiversity.org.au/name/apni/72826,Acanthaceae,Isoglossa,eranthemoides,-,-,(F.Muell.) R.Barker,-
Isoodon auratus auratus,Golden Bandicoot (mainland),-,Vulnerable,-,Yes,Yes,Yes,Yes,-,Yes,Yes,-,-,-,-,-,-,-,-,-,66665,-,Animalia,Mammalia,http://www.environment.gov.au/cgi-bin/sprat/public/publicspecies.pl?taxon_id=66665,2026-Aug-28,-,Peramelidae,Isoodon,auratus,-,auratus,"(Ramsay, 1887)",-
Isoodon auratus barrowensis,Golden Bandicoot (Barrow Island),-,Vulnerable,-,-,-,-,-,-,-,Yes,-,-,-,-,-,-,-,-,-,66666,-,Animalia,Mammalia,http://www.environment.gov.au/cgi-bin/sprat/public/publicspecies.pl?taxon_id=66666,2026-Aug-28,-,Peramelidae,Isoodon,auratus,-,barrowensis,-,"(Thomas, 1901)"
Isoodon obesulus nauticus,Southern Brown Bandicoot (Nuyts Archipelago),-,Vulnerable,-,-,-,-,Yes,-,-,-,-,-,-,-,-,-,-,-,-,66667,-,Animalia,Mammalia,http://www.environment.gov.au/cgi-bin/sprat/public/publicspecies.pl?taxon_id=66667,2026-Aug-28,-,Peramelidae,Isoodon,obesulus,-,nauticus,-,"Thomas, 1922"
Isoodon obesulus obesulus,"Southern Brown Bandicoot (eastern), Southern Brown Bandicoot (south-eastern)",-,Endangered,Yes,Yes,-,-,Yes,-,Yes,-,-,-,-,-,Yes,-,-,-,-,68050,-,Animalia,Mammalia,http://www.environment.gov.au/cgi-bin/sprat/public/publicspecies.pl?taxon_id=68050,2026-Aug-28,-,Peramelidae,Isoodon,obesulus,-,obesulus,"(Shaw, 1797)",-
Isopogon fletcheri,Fletcher's Drumsticks,-,Vulnerable,-,Yes,-,-,-,-,-,-,-,-,-,-,-,-,-,-,-,19980,-,Plantae,Magnoliopsida,http://www.environment.gov.au/cgi-bin/sprat/public/publicspecies.pl?taxon_id=19980,2026-Aug-28,https://id.biodiversity.org.au/name/apni/100613,Proteaceae,Isopogon,fletcheri,-,-,F.Muell.,-
Isopogon robustus,Robust Coneflower,-,Critically Endangered,-,-,-,-,-,-,-,Yes,-,-,-,-,-,-,-,-,-,82646,-,Plantae,Magnoliopsida,http://www.environment.gov.au/cgi-bin/sprat/public/publicspecies.pl?taxon_id=82646,2026-Aug-28,https://id.biodiversity.org.au/name/apni/195771,Proteaceae,Isopogon,robustus,-,-,Foreman ex N.Gibson,-
Isopogon uncinatus,"Albany Cone Bush, Hook-leaf Isopogon",-,Endangered,-,-,-,-,-,-,-,Yes,-,-,-,-,-,-,-,-,-,20871,-,Plantae,Magnoliopsida,http://www.environment.gov.au/cgi-bin/sprat/public/publicspecies.pl?taxon_id=20871,2026-Aug-28,https://id.biodiversity.org.au/name/apni/101662,Proteaceae,Isopogon,uncinatus,-,-,R.Br.,-
Ixodia achillaeoides subsp. arenicola,"Sand Ixodia, Ixodia",-,Vulnerable,-,-,-,-,Yes,-,Yes,-,-,-,-,-,-,-,-,-,-,21474,-,Plantae,Magnoliopsida,http://www.environment.gov.au/cgi-bin/sprat/public/publicspecies.pl?taxon_id=21474,2026-Aug-28,https://id.biodiversity.org.au/name/apni/90247,Asteraceae,Ixodia,achillaeoides,subsp.,arenicola,-,Copley
Jacksonia pungens,Pungent Jacksonia,-,Endangered,-,-,-,-,-,-,-,Yes,-,-,-,-,-,-,-,-,-,64920,-,Plantae,Magnoliopsida,http://www.environment.gov.au/cgi-bin/sprat/public/publicspecies.pl?taxon_id=64920,2026-Aug-28,https://id.biodiversity.org.au/name/apni/212470,Fabaceae,Jacksonia,pungens,-,-,Chappill,-
Jacksonia quairading,"Quairading Jacksonia, Quairading Stinkwood",-,Endangered,-,-,-,-,-,-,-,Yes,-,-,-,-,-,-,-,-,-,67417,-,Plantae,Magnoliopsida,http://www.environment.gov.au/cgi-bin/sprat/public/publicspecies.pl?taxon_id=67417,2026-Aug-28,https://id.biodiversity.org.au/name/apni/212436,Fabaceae,Jacksonia,quairading,-,-,Chappill,-
Jacksonia velveta,Collie Jacksonia,-,Endangered,-,-,-,-,-,-,-,Yes,-,-,-,-,-,-,-,-,-,82671,-,Plantae,Magnoliopsida,http://www.environment.gov.au/cgi-bin/sprat/public/publicspecies.pl?taxon_id=82671,2026-Aug-28,https://id.biodiversity.org.au/name/apni/212107,Fabaceae,Jacksonia,velveta,-,-,Chappill,-
Kardomia granitica,a shrub,-,Vulnerable,-,-,-,Yes,-,-,-,-,-,-,-,-,-,-,-,-,-,83201,-,Plantae,Magnoliopsida,http://www.environment.gov.au/cgi-bin/sprat/public/publicspecies.pl?taxon_id=83201,2026-Aug-28,https://id.biodiversity.org.au/name/apni/207073,Myrtaceae,Kardomia,granitica,-,-,(A.R.Bean) Peter G.Wilson,-
Kardomia prominens,-,-,Critically Endangered,-,Yes,-,-,-,-,-,-,-,-,-,-,-,-,-,-,-,85097,-,Plantae,Magnoliopsida,http://www.environment.gov.au/cgi-bin/sprat/public/publicspecies.pl?taxon_id=85097,2026-Aug-28,https://id.biodiversity.org.au/name/apni/207076,Myrtaceae,Kardomia,prominens,-,-,(A.R.Bean) Peter G.Wilson,-
Kardomia silvestris,Woodland Babingtonia,-,Endangered,-,Yes,-,Yes,-,-,-,-,-,-,-,-,-,-,-,-,-,84802,-,Plantae,Magnoliopsida,http://www.environment.gov.au/cgi-bin/sprat/public/publicspecies.pl?taxon_id=84802,2026-Aug-28,https://id.biodiversity.org.au/name/apni/207077,Myrtaceae,Kardomia,silvestris,-,-,(A.R.Bean) Peter G.Wilson,-
Kelleria bogongensis,"Snow Daphne, Kelleria",-,Vulnerable,-,-,-,-,-,-,Yes,-,-,-,-,-,-,-,-,-,-,88203,-,Plantae,Magnoliopsida,http://www.environment.gov.au/cgi-bin/sprat/public/publicspecies.pl?taxon_id=88203,2026-Aug-28,https://id.biodiversity.org.au/name/apni/3621826,Thymelaeaceae,Kelleria,bogongensis,-,-,C.E.Marks,-
Kennedia glabrata,Northcliffe Kennedia,-,Vulnerable,-,-,-,-,-,-,-,Yes,-,-,-,-,-,-,-,-,-,16452,-,Plantae,Magnoliopsida,http://www.environment.gov.au/cgi-bin/sprat/public/publicspecies.pl?taxon_id=16452,2026-Aug-28,https://id.biodiversity.org.au/name/apni/96660,Fabaceae,Kennedia,glabrata,-,-,Lindl.,-
Kennedia lateritia,Augusta Kennedia,-,Endangered,-,-,-,-,-,-,-,Yes,-,-,-,-,-,-,-,-,-,45985,-,Plantae,Magnoliopsida,http://www.environment.gov.au/cgi-bin/sprat/public/publicspecies.pl?taxon_id=45985,2026-Aug-28,https://id.biodiversity.org.au/name/apni/96785,Fabaceae,Kennedia,lateritia,-,-,F.Muell.,-
Kennedia retrorsa,-,-,Vulnerable,-,Yes,-,-,-,-,-,-,-,-,-,-,-,-,-,-,-,19716,-,Plantae,Magnoliopsida,http://www.environment.gov.au/cgi-bin/sprat/public/publicspecies.pl?taxon_id=19716,2026-Aug-28,https://id.biodiversity.org.au/name/apni/115428,Fabaceae,Kennedia,retrorsa,-,-,Hemsley,-
Keyacris scurra,Key's Matchstick Grasshopper,-,Endangered,Yes,Yes,-,-,-,-,Yes,-,-,-,-,-,-,-,-,-,-,89739,-,Animalia,Insecta,http://www.environment.gov.au/cgi-bin/sprat/public/publicspecies.pl?taxon_id=89739,2026-Aug-28,-,Morabidae,Keyacris,scurra,-,-,"(Rehn, 1952)",-
Kumonga exleyi,Cape Range Remipede,-,Vulnerable,-,-,-,-,-,-,-,Yes,-,-,-,-,-,-,-,-,-,86875,-,Animalia,Remipedia,http://www.environment.gov.au/cgi-bin/sprat/public/publicspecies.pl?taxon_id=86875,2026-Aug-28,-,Kumongidae,Kumonga,exleyi,-,-,"(Yager  Humphreys, 1996)",-
Kunzea cambagei,-,-,Vulnerable,-,Yes,-,-,-,-,-,-,-,-,-,-,-,-,-,-,-,11420,-,Plantae,Magnoliopsida,http://www.environment.gov.au/cgi-bin/sprat/public/publicspecies.pl?taxon_id=11420,2026-Aug-28,https://id.biodiversity.org.au/name/apni/61948,Myrtaceae,Kunzea,cambagei,-,-,Maiden  E.Betche,-
Kunzea ericifolia subsp. subulata,-,-,Vulnerable,-,-,-,-,-,-,-,Yes,-,-,-,-,-,-,-,-,-,89147,-,Plantae,Magnoliopsida,http://www.environment.gov.au/cgi-bin/sprat/public/publicspecies.pl?taxon_id=89147,2026-Aug-28,https://id.biodiversity.org.au/name/apni/171175,Myrtaceae,Kunzea,ericifolia,subsp.,subulata,-,Toelken
Kunzea juniperoides subsp. pernervosa,-,-,Endangered,-,Yes,-,-,-,-,-,-,-,-,-,-,-,-,-,-,-,89539,-,Plantae,Magnoliopsida,http://www.environment.gov.au/cgi-bin/sprat/public/publicspecies.pl?taxon_id=89539,2026-Aug-28,https://id.biodiversity.org.au/name/apni/8249481,Myrtaceae,Kunzea,juniperoides,subsp.,pernervosa,-,Toelken
Kunzea rupestris,-,-,Vulnerable,-,Yes,-,-,-,-,-,-,-,-,-,-,-,-,-,-,-,8798,-,Plantae,Magnoliopsida,http://www.environment.gov.au/cgi-bin/sprat/public/publicspecies.pl?taxon_id=8798,2026-Aug-28,https://id.biodiversity.org.au/name/apni/76290,Myrtaceae,Kunzea,rupestris,-,-,Blakely,-
Kunzea similis subsp. similis,-,-,Critically Endangered,-,-,-,-,-,-,-,Yes,-,-,-,-,-,-,-,-,-,84068,-,Plantae,Magnoliopsida,http://www.environment.gov.au/cgi-bin/sprat/public/publicspecies.pl?taxon_id=84068,2026-Aug-28,https://id.biodiversity.org.au/name/apni/211843,Myrtaceae,Kunzea,similis,subsp.,similis,Toelken,-
Lachnagrostis adamsonii,"Adamson's Blown-grass, Adamson's Blowngrass",-,Endangered,-,-,-,-,-,-,Yes,-,-,-,-,-,-,-,-,-,-,76211,-,Plantae,Liliopsida,http://www.environment.gov.au/cgi-bin/sprat/public/publicspecies.pl?taxon_id=76211,2026-Aug-28,https://id.biodiversity.org.au/name/apni/177180,Poaceae,Lachnagrostis,adamsonii,-,-,(J.W.Vickery) S.W.L.Jacobs,-
Lachnagrostis limitanea,"Spalding Blown Grass, Spalding Blowngrass",-,Endangered,-,-,-,-,Yes,-,-,-,-,-,-,-,-,-,-,-,-,78119,-,Plantae,Liliopsida,http://www.environment.gov.au/cgi-bin/sprat/public/publicspecies.pl?taxon_id=78119,2026-Aug-28,https://id.biodiversity.org.au/name/apni/177188,Poaceae,Lachnagrostis,limitanea,-,-,(J.M.Black) S.W.L.Jacobs,-
Lagorchestes asomatus,"Kuluwarri, Central Hare-wallaby",-,Extinct,-,-,Yes,-,-,-,-,Yes,-,-,-,-,-,-,-,-,-,243,-,Animalia,Mammalia,http://www.environment.gov.au/cgi-bin/sprat/public/publicspecies.pl?taxon_id=243,2026-Aug-28,-,Macropodidae,Lagorchestes,asomatus,-,-,"Finlayson, 1943",-
Lagorchestes conspicillatus conspicillatus,Spectacled Hare-wallaby (Barrow Island),-,Vulnerable,-,-,-,-,-,-,-,Yes,-,-,-,-,-,-,-,-,-,66661,-,Animalia,Mammalia,http://www.environment.gov.au/cgi-bin/sprat/public/publicspecies.pl?taxon_id=66661,2026-Aug-28,-,Macropodidae,Lagorchestes,conspicillatus,-,conspicillatus,"Gould,1842",-
Lagorchestes hirsutus bernieri,Rufous Hare-wallaby (Bernier Island),-,Vulnerable,-,-,-,-,-,-,-,Yes,-,-,-,-,-,-,-,-,-,66662,-,Animalia,Mammalia,http://www.environment.gov.au/cgi-bin/sprat/public/publicspecies.pl?taxon_id=66662,2026-Aug-28,-,Macropodidae,Lagorchestes,hirsutus,-,bernieri,-,"Thomas, 1907"
Lagorchestes hirsutus Central Australian subspecies,"Mala, Rufous Hare-Wallaby (Central Australia)",-,Endangered,-,-,Yes,Yes,Yes,-,-,Yes,-,-,-,-,-,-,-,-,-,88019,-,Animalia,Mammalia,http://www.environment.gov.au/cgi-bin/sprat/public/publicspecies.pl?taxon_id=88019,2026-Aug-28,-,Macropodidae,Lagorchestes,hirsutus,-,Central Australian subspecies,-,-
Lagorchestes hirsutus dorreae,Rufous Hare-wallaby (Dorre Island),-,Vulnerable,-,-,-,-,-,-,-,Yes,-,-,-,-,-,-,-,-,-,66663,-,Animalia,Mammalia,http://www.environment.gov.au/cgi-bin/sprat/public/publicspecies.pl?taxon_id=66663,2026-Aug-28,-,Macropodidae,Lagorchestes,hirsutus,-,dorreae,"Thomas, 1907",-
Lagorchestes hirsutus hirsutus,"Rufous Hare-wallaby (south-western), Woorap",-,Extinct,-,-,-,-,-,-,-,Yes,-,-,-,-,-,-,-,-,-,66655,-,Animalia,Mammalia,http://www.environment.gov.au/cgi-bin/sprat/public/publicspecies.pl?taxon_id=66655,2026-Aug-28,-,Macropodidae,Lagorchestes,hirsutus,-,hirsutus,"Gould, 1844",-
Lagorchestes leporides,Eastern Hare-wallaby,-,Extinct,-,Yes,-,Yes,Yes,-,Yes,-,-,-,-,-,-,-,-,-,-,246,-,Animalia,Mammalia,http://www.environment.gov.au/cgi-bin/sprat/public/publicspecies.pl?taxon_id=246,2026-Aug-28,-,Macropodidae,Lagorchestes,leporides,-,-,"(Gould, 1841)",-
Lagostrophus fasciatus albipilis,Banded Hare-wallaby (mainland),-,Extinct,-,-,-,-,-,-,-,Yes,-,-,-,-,-,-,-,-,-,66654,-,Animalia,Mammalia,http://www.environment.gov.au/cgi-bin/sprat/public/publicspecies.pl?taxon_id=66654,2026-Aug-28,-,Macropodidae,Lagostrophus,fasciatus,-,albipilis,-,-
Lagostrophus fasciatus fasciatus,"Banded Hare-wallaby, Merrnine, Marnine, Munning",-,Vulnerable,-,-,-,-,-,-,-,Yes,-,-,-,-,-,-,-,-,-,66664,-,Animalia,Mammalia,http://www.environment.gov.au/cgi-bin/sprat/public/publicspecies.pl?taxon_id=66664,2026-Aug-28,-,Macropodidae,Lagostrophus,fasciatus,-,fasciatus,"(Peron,1807)",-
Lalage leucopyga leucopyga,Norfolk Island Long-tailed Triller,-,Extinct,-,-,-,-,-,-,-,-,-,-,-,-,-,Yes,-,-,-,25985,-,Animalia,Aves,http://www.environment.gov.au/cgi-bin/sprat/public/publicspecies.pl?taxon_id=25985,2026-Aug-28,-,Campephagidae,Lalage,leucopyga,-,leucopyga,"(Gould, 1838)",-
Lambertia echinata subsp. echinata,Prickly Honeysuckle,-,Endangered,-,-,-,-,-,-,-,Yes,-,-,-,-,-,-,-,-,-,56729,-,Plantae,Magnoliopsida,http://www.environment.gov.au/cgi-bin/sprat/public/publicspecies.pl?taxon_id=56729,2026-Aug-28,https://id.biodiversity.org.au/name/apni/154600,Proteaceae,Lambertia,echinata,subsp.,echinata,-,R.Br.
Lambertia echinata subsp. occidentalis,Western Prickly Honeysuckle,-,Endangered,-,-,-,-,-,-,-,Yes,-,-,-,-,-,-,-,-,-,64528,-,Plantae,Magnoliopsida,http://www.environment.gov.au/cgi-bin/sprat/public/publicspecies.pl?taxon_id=64528,2026-Aug-28,https://id.biodiversity.org.au/name/apni/154685,Proteaceae,Lambertia,echinata,subsp.,occidentalis,-,Keighery
Lambertia fairallii,Fairall's Honeysuckle,-,Critically Endangered,-,-,-,-,-,-,-,Yes,-,-,-,-,-,-,-,-,-,4881,-,Plantae,Magnoliopsida,http://www.environment.gov.au/cgi-bin/sprat/public/publicspecies.pl?taxon_id=4881,2026-Aug-28,https://id.biodiversity.org.au/name/apni/115982,Proteaceae,Lambertia,fairallii,-,-,Keighery,-
Lambertia orbifolia,Roundleaf Honeysuckle,-,Endangered,-,-,-,-,-,-,-,Yes,-,-,-,-,-,-,-,-,-,15725,-,Plantae,Magnoliopsida,http://www.environment.gov.au/cgi-bin/sprat/public/publicspecies.pl?taxon_id=15725,2026-Aug-28,https://id.biodiversity.org.au/name/apni/54724,Proteaceae,Lambertia,orbifolia,-,-,C.Gardner,-
Lampropholis elliotensis,Mount Elliot Rainforest Sunskink,-,Endangered,-,-,-,Yes,-,-,-,-,-,-,-,-,-,-,-,-,-,91470,-,Animalia,Reptilia,http://www.environment.gov.au/cgi-bin/sprat/public/publicspecies.pl?taxon_id=91470,2026-Aug-28,-,Scincidae,Lampropholis,elliotensis,-,-,"Singhal, Hoskin, Couper, Potter  Moritz, 2018",-
Lampropholis elongata,Long Sunskink,-,Critically Endangered,-,Yes,-,-,-,-,-,-,-,-,-,-,-,-,-,-,-,64728,-,Animalia,Reptilia,http://www.environment.gov.au/cgi-bin/sprat/public/publicspecies.pl?taxon_id=64728,2026-Aug-28,-,Scincidae,Lampropholis,elongata,-,-,"Greer, 1997",-
Lasiopetalum joyceae,-,-,Vulnerable,-,Yes,-,-,-,-,-,-,-,-,-,-,-,-,-,-,-,20311,-,Plantae,Magnoliopsida,http://www.environment.gov.au/cgi-bin/sprat/public/publicspecies.pl?taxon_id=20311,2026-Aug-28,https://id.biodiversity.org.au/name/apni/86217,Sterculiaceae,Lasiopetalum,joyceae,-,-,Blakely,-
Lasiopetalum longistamineum,-,-,Vulnerable,-,Yes,-,-,-,-,-,-,-,-,-,-,-,-,-,-,-,19181,-,Plantae,Magnoliopsida,http://www.environment.gov.au/cgi-bin/sprat/public/publicspecies.pl?taxon_id=19181,2026-Aug-28,https://id.biodiversity.org.au/name/apni/86287,Sterculiaceae,Lasiopetalum,longistamineum,-,-,Maiden  E.Betche,-
Lasiopetalum pterocarpum,Wing-fruited Lasiopetalum,-,Endangered,-,-,-,-,-,-,-,Yes,-,-,-,-,-,-,-,-,-,64922,-,Plantae,Magnoliopsida,http://www.environment.gov.au/cgi-bin/sprat/public/publicspecies.pl?taxon_id=64922,2026-Aug-28,https://id.biodiversity.org.au/name/apni/178783,Sterculiaceae,Lasiopetalum,pterocarpum,-,-,E.M.Benn.  K.Shepherd,-
Lasiopetalum rotundifolium,Round-leaf Lasiopetalum,-,Endangered,-,-,-,-,-,-,-,Yes,-,-,-,-,-,-,-,-,-,2885,-,Plantae,Magnoliopsida,http://www.environment.gov.au/cgi-bin/sprat/public/publicspecies.pl?taxon_id=2885,2026-Aug-28,https://id.biodiversity.org.au/name/apni/86734,Sterculiaceae,Lasiopetalum,rotundifolium,-,-,Paust,-
Lasiopetalum sp. Mount Caroline (S.D.Hopper SDH 6381),-,Lasiopetalum moullean,Critically Endangered,-,-,-,-,-,-,-,Yes,-,-,-,-,-,-,-,-,-,89457,89524,Plantae,Magnoliopsida,http://www.environment.gov.au/cgi-bin/sprat/public/publicspecies.pl?taxon_id=89457,2026-Aug-28,https://id.biodiversity.org.au/name/apni/244814,Malvaceae,Lasiopetalum,sp. Mount Caroline (S.D.Hopper SDH 6381),-,-,WA Herbarium,-
Lasiopetalum sp. Proston (J.A.Baker 17),Proston Lasiopetalum,-,Critically Endangered,-,-,-,Yes,-,-,-,-,-,-,-,-,-,-,-,-,-,68391,-,Plantae,Magnoliopsida,http://www.environment.gov.au/cgi-bin/sprat/public/publicspecies.pl?taxon_id=68391,2026-Aug-28,https://id.biodiversity.org.au/name/apni/178785,Sterculiaceae,Lasiopetalum,sp. Proston (J.A.Baker 17),-,-,Qld Herbarium,-
Lasiorhinus krefftii,"Northern Hairy-nosed Wombat, Yaminon",-,Critically Endangered,-,Yes,-,Yes,-,-,-,-,-,-,-,-,-,-,-,-,-,198,-,Animalia,Mammalia,http://www.environment.gov.au/cgi-bin/sprat/public/publicspecies.pl?taxon_id=198,2026-Aug-28,-,Vombatidae,Lasiorhinus,krefftii,-,-,"(Owen,1872)",-
Lastreopsis calantha,"Shield-fern, Shieldfern",-,Endangered,-,-,-,-,-,-,-,-,-,-,-,-,-,Yes,-,-,-,65884,-,Plantae,Polypodiatae,http://www.environment.gov.au/cgi-bin/sprat/public/publicspecies.pl?taxon_id=65884,2026-Aug-28,https://id.biodiversity.org.au/name/apni/119797,Dryopteridaceae,Lastreopsis,calantha,-,-,(Endl.) Tindale,-
Lastreopsis walleri,a fern,-,Vulnerable,-,-,-,Yes,-,-,-,-,-,-,-,-,-,-,-,-,-,18229,-,Plantae,Polypodiatae,http://www.environment.gov.au/cgi-bin/sprat/public/publicspecies.pl?taxon_id=18229,2026-Aug-28,https://id.biodiversity.org.au/name/apni/87437,Dryopteridaceae,Lastreopsis,walleri,-,-,Tindale,-
Lathamus discolor,Swift Parrot,-,Critically Endangered,Yes,Yes,-,Yes,Yes,Yes,Yes,-,-,-,-,-,Yes,-,-,-,Yes,744,-,Animalia,Aves,http://www.environment.gov.au/cgi-bin/sprat/public/publicspecies.pl?taxon_id=744,2026-Aug-28,-,Psittacidae,Lathamus,discolor,-,-,"(Shaw, 1790)",-
Latrobea colophona,-,Latrobea colophon,Critically Endangered,-,-,-,-,-,-,-,Yes,-,-,-,-,-,-,-,-,-,85004,92781,Plantae,Magnoliopsida,http://www.environment.gov.au/cgi-bin/sprat/public/publicspecies.pl?taxon_id=85004,2026-Aug-28,https://id.biodiversity.org.au/name/apni/211920,Fabaceae,Latrobea,colophona,-,-,Chappill  C.F.Wilkins,-
Lawrencia buchananensis,-,-,Vulnerable,-,-,-,Yes,-,-,-,-,-,-,-,-,-,-,-,-,-,10919,-,Plantae,Magnoliopsida,http://www.environment.gov.au/cgi-bin/sprat/public/publicspecies.pl?taxon_id=10919,2026-Aug-28,https://id.biodiversity.org.au/name/apni/102088,Malvaceae,Lawrencia,buchananensis,-,-,Lander,-
Lechenaultia chlorantha,Kalbarri Leschenaultia,-,Vulnerable,-,-,-,-,-,-,-,Yes,-,-,-,-,-,-,-,-,-,16763,-,Plantae,Magnoliopsida,http://www.environment.gov.au/cgi-bin/sprat/public/publicspecies.pl?taxon_id=16763,2026-Aug-28,https://id.biodiversity.org.au/name/apni/94894,Goodeniaceae,Lechenaultia,chlorantha,-,-,F.Muell.,-
Lechenaultia laricina,Scarlet Leschenaultia,-,Endangered,-,-,-,-,-,-,-,Yes,-,-,-,-,-,-,-,-,-,18535,-,Plantae,Magnoliopsida,http://www.environment.gov.au/cgi-bin/sprat/public/publicspecies.pl?taxon_id=18535,2026-Aug-28,https://id.biodiversity.org.au/name/apni/95391,Goodeniaceae,Lechenaultia,laricina,-,-,Lindley,-
Leichhardtia araujacea,-,-,Critically Endangered,-,-,-,Yes,-,-,-,-,-,-,-,-,-,-,-,-,-,91900,-,Plantae,Magnoliopsida,http://www.environment.gov.au/cgi-bin/sprat/public/publicspecies.pl?taxon_id=91900,2026-Aug-28,https://id.biodiversity.org.au/name/apni/51402183,Apocynaceae,Leichhardtia,araujacea,-,-,(F.Muell.) P.I.Forst.,-
Leiocarpa gatesii,Wrinkled Buttons,-,Vulnerable,-,-,-,-,-,-,Yes,-,-,-,-,-,-,-,-,-,-,76212,-,Plantae,Magnoliopsida,http://www.environment.gov.au/cgi-bin/sprat/public/publicspecies.pl?taxon_id=76212,2026-Aug-28,https://id.biodiversity.org.au/name/apni/170171,Asteraceae,Leiocarpa,gatesii,-,-,(H.B.Will.) Paul G.Wilson,-
Leionema ceratogynum,-,-,Critically Endangered,-,Yes,-,-,-,-,-,-,-,-,-,-,-,-,-,-,-,91165,-,Plantae,Magnoliopsida,http://www.environment.gov.au/cgi-bin/sprat/public/publicspecies.pl?taxon_id=91165,2026-Aug-28,https://id.biodiversity.org.au/name/apni/191665,Rutaceae,Leionema,ceratogynum,-,-,N.G.Walsh,-
Leionema equestre,Kangaroo Island Phebalium,-,Endangered,-,-,-,-,Yes,-,-,-,-,-,-,-,-,-,-,-,-,64923,-,Plantae,Magnoliopsida,http://www.environment.gov.au/cgi-bin/sprat/public/publicspecies.pl?taxon_id=64923,2026-Aug-28,https://id.biodiversity.org.au/name/apni/154765,Rutaceae,Leionema,equestre,-,-,(D.A.Cooke) Paul G.Wilson,-
Leionema lachnaeoides,-,-,Endangered,-,Yes,-,-,-,-,-,-,-,-,-,-,-,-,-,-,-,64924,-,Plantae,Magnoliopsida,http://www.environment.gov.au/cgi-bin/sprat/public/publicspecies.pl?taxon_id=64924,2026-Aug-28,https://id.biodiversity.org.au/name/apni/154766,Rutaceae,Leionema,lachnaeoides,-,-,(A.Cunn.) Paul G.Wilson,-
Leionema lamprophyllum subsp. fractum,-,-,Critically Endangered,-,Yes,-,-,-,-,-,-,-,-,-,-,-,-,-,-,-,89743,-,Plantae,Magnoliopsida,http://www.environment.gov.au/cgi-bin/sprat/public/publicspecies.pl?taxon_id=89743,2026-Aug-28,https://id.biodiversity.org.au/name/apni/5439372,Rutaceae,Leionema,lamprophyllum,subsp.,fractum,-,S.A.J.Bell
Leionema obtusifolium,-,-,Vulnerable,-,-,-,Yes,-,-,-,-,-,-,-,-,-,-,-,-,-,64925,-,Plantae,Magnoliopsida,http://www.environment.gov.au/cgi-bin/sprat/public/publicspecies.pl?taxon_id=64925,2026-Aug-28,https://id.biodiversity.org.au/name/apni/154767,Rutaceae,Leionema,obtusifolium,-,-,(Paul G.Wilson) Paul G.Wilson,-
Leionema ralstonii,-,-,Vulnerable,-,Yes,-,-,-,-,-,-,-,-,-,-,-,-,-,-,-,64926,-,Plantae,Magnoliopsida,http://www.environment.gov.au/cgi-bin/sprat/public/publicspecies.pl?taxon_id=64926,2026-Aug-28,https://id.biodiversity.org.au/name/apni/154768,Rutaceae,Leionema,ralstonii,-,-,(F.Muell.) Paul G.Wilson,-
Leionema sympetalum,Rylstone Bell,-,Vulnerable,-,Yes,-,-,-,-,-,-,-,-,-,-,-,-,-,-,-,64927,-,Plantae,Magnoliopsida,http://www.environment.gov.au/cgi-bin/sprat/public/publicspecies.pl?taxon_id=64927,2026-Aug-28,https://id.biodiversity.org.au/name/apni/154769,Rutaceae,Leionema,sympetalum,-,-,(Paul G.Wilson) Paul G.Wilson,-
Leionema westonii,-,-,Critically Endangered,-,Yes,-,-,-,-,-,-,-,-,-,-,-,-,-,-,-,90225,-,Plantae,Magnoliopsida,http://www.environment.gov.au/cgi-bin/sprat/public/publicspecies.pl?taxon_id=90225,2026-Aug-28,https://id.biodiversity.org.au/name/apni/50631502,Rutaceae,Leionema,westonii,-,-,L.M.Copel.  I.Telford,-
Leioproctus douglasiellus,a short-tongued bee,-,Critically Endangered,-,-,-,-,-,-,-,Yes,-,-,-,-,-,-,-,-,-,66756,-,Animalia,Insecta,http://www.environment.gov.au/cgi-bin/sprat/public/publicspecies.pl?taxon_id=66756,2026-Aug-28,-,Colletidae,Leioproctus,douglasiellus,-,-,"Michener, 1965",-
Leipoa ocellata,Malleefowl,-,Vulnerable,-,Yes,Yes,-,Yes,-,Yes,Yes,-,-,-,-,-,-,-,-,-,934,-,Animalia,Aves,http://www.environment.gov.au/cgi-bin/sprat/public/publicspecies.pl?taxon_id=934,2026-Aug-28,-,Megapodiidae,Leipoa,ocellata,-,-,"Gould,1840",-
Lemmaphyllum accedens,-,-,Extinct,-,-,-,Yes,-,-,-,-,-,-,-,-,-,-,-,-,-,24428,-,Plantae,Polypodiatae,http://www.environment.gov.au/cgi-bin/sprat/public/publicspecies.pl?taxon_id=24428,2026-Aug-28,https://id.biodiversity.org.au/name/apni/120080,Polypodiaceae,Lemmaphyllum,accedens,-,-,(Blume) Donk,-
Lenwebbia sp. Main Range (P.R.Sharpe+ 4877),-,-,Critically Endangered,-,Yes,-,Yes,-,-,-,-,-,-,-,-,-,-,-,-,-,87240,-,Plantae,Magnoliopsida,http://www.environment.gov.au/cgi-bin/sprat/public/publicspecies.pl?taxon_id=87240,2026-Aug-28,https://id.biodiversity.org.au/name/apni/225745,Myrtaceae,Lenwebbia,sp. Main Range (P.R.Sharpe+ 4877),-,-,Qld Herbarium,-
Lepidium aschersonii,Spiny Peppercress,-,Vulnerable,-,Yes,-,-,-,-,Yes,Yes,-,-,-,-,-,-,-,-,-,10976,-,Plantae,Magnoliopsida,http://www.environment.gov.au/cgi-bin/sprat/public/publicspecies.pl?taxon_id=10976,2026-Aug-28,https://id.biodiversity.org.au/name/apni/68999,Brassicaceae,Lepidium,aschersonii,-,-,Thell.,-
Lepidium drummondii,Drummond's Lepidium,-,Extinct,-,-,-,-,-,-,-,Yes,-,-,-,-,-,-,-,-,-,20704,-,Plantae,Magnoliopsida,http://www.environment.gov.au/cgi-bin/sprat/public/publicspecies.pl?taxon_id=20704,2026-Aug-28,https://id.biodiversity.org.au/name/apni/69281,Brassicaceae,Lepidium,drummondii,-,-,Thell.,-
Lepidium ginninderrense,Ginninderra Peppercress,-,Critically Endangered,Yes,-,-,-,-,-,-,-,-,-,-,-,-,-,-,-,-,78474,-,Plantae,Magnoliopsida,http://www.environment.gov.au/cgi-bin/sprat/public/publicspecies.pl?taxon_id=78474,2026-Aug-28,https://id.biodiversity.org.au/name/apni/165405,Brassicaceae,Lepidium,ginninderrense,-,-,Scarlett,-
Lepidium hyssopifolium,"Basalt Pepper-cress, Peppercress, Rubble Pepper-cress, Pepperweed",-,Endangered,Yes,Yes,-,-,-,Yes,Yes,-,-,-,-,-,-,-,-,-,-,16542,-,Plantae,Magnoliopsida,http://www.environment.gov.au/cgi-bin/sprat/public/publicspecies.pl?taxon_id=16542,2026-Aug-28,https://id.biodiversity.org.au/name/apni/83534,Brassicaceae,Lepidium,hyssopifolium,-,-,Desv.,-
Lepidium monoplocoides,Winged Pepper-cress,-,Endangered,-,Yes,-,Yes,Yes,-,Yes,-,-,-,-,-,-,-,-,-,-,9190,-,Plantae,Magnoliopsida,http://www.environment.gov.au/cgi-bin/sprat/public/publicspecies.pl?taxon_id=9190,2026-Aug-28,https://id.biodiversity.org.au/name/apni/83940,Brassicaceae,Lepidium,monoplocoides,-,-,F.Muell.,-
Lepidium peregrinum,Wandering Pepper-cress,-,Endangered,-,Yes,-,Yes,-,-,-,-,-,-,-,-,-,-,-,-,-,14035,-,Plantae,Magnoliopsida,http://www.environment.gov.au/cgi-bin/sprat/public/publicspecies.pl?taxon_id=14035,2026-Aug-28,https://id.biodiversity.org.au/name/apni/84229,Brassicaceae,Lepidium,peregrinum,-,-,Thell.,-
Lepidium pseudopapillosum,Erect Pepper-cress,-,Vulnerable,-,-,-,-,Yes,-,Yes,-,-,-,-,-,-,-,-,-,-,11548,-,Plantae,Magnoliopsida,http://www.environment.gov.au/cgi-bin/sprat/public/publicspecies.pl?taxon_id=11548,2026-Aug-28,https://id.biodiversity.org.au/name/apni/84379,Brassicaceae,Lepidium,pseudopapillosum,-,-,Thell.,-
Lepidochelys olivacea,"Olive Ridley Turtle, Pacific Ridley Turtle",-,Endangered,-,Yes,Yes,Yes,-,-,-,Yes,Yes,Yes,Yes,Yes,-,-,-,-,Yes,1767,-,Animalia,Reptilia,http://www.environment.gov.au/cgi-bin/sprat/public/publicspecies.pl?taxon_id=1767,2026-Aug-28,-,Cheloniidae,Lepidochelys,olivacea,-,-,"(Eschscholtz,1829)",-
Lepidodactylus listeri,"Christmas Island Gecko, Lister's Gecko",-,Critically Endangered,-,-,-,-,-,-,-,-,-,-,Yes,-,-,-,-,-,-,1711,-,Animalia,Reptilia,http://www.environment.gov.au/cgi-bin/sprat/public/publicspecies.pl?taxon_id=1711,2026-Aug-28,-,Gekkonidae,Lepidodactylus,listeri,-,-,"(Boulenger, 1889)",-
Lepidorrhachis mooreana,"Little Mountain Palm, Moorei Palm",-,Critically Endangered,-,Yes,-,-,-,-,-,-,-,-,-,-,-,-,-,-,-,6388,-,Plantae,Liliopsida,http://www.environment.gov.au/cgi-bin/sprat/public/publicspecies.pl?taxon_id=6388,2026-Aug-28,https://id.biodiversity.org.au/name/apni/85051,Arecaceae,Lepidorrhachis,mooreana,-,-,(F.Muell.) Cook,-
Lepidosperma rostratum,Beaked Lepidosperma,-,Endangered,-,-,-,-,-,-,-,Yes,-,-,-,-,-,-,-,-,-,14152,-,Plantae,Liliopsida,http://www.environment.gov.au/cgi-bin/sprat/public/publicspecies.pl?taxon_id=14152,2026-Aug-28,https://id.biodiversity.org.au/name/apni/86614,Cyperaceae,Lepidosperma,rostratum,-,-,S.T.Blake,-
Leporillus apicalis,"Lesser Stick-nest Rat,Tjooyalpi, White-tailed Stick-nest Rat",-,Extinct,-,Yes,Yes,-,Yes,-,Yes,Yes,-,-,-,-,-,-,-,-,-,136,-,Animalia,Mammalia,http://www.environment.gov.au/cgi-bin/sprat/public/publicspecies.pl?taxon_id=136,2026-Aug-28,-,Muridae,Leporillus,apicalis,-,-,"(Gould, 1853)",-
Leporillus conditor,"Wopilkara, Greater Stick-nest Rat",-,Vulnerable,-,Yes,-,-,Yes,-,-,Yes,-,-,-,-,-,-,-,-,-,137,-,Animalia,Mammalia,http://www.environment.gov.au/cgi-bin/sprat/public/publicspecies.pl?taxon_id=137,2026-Aug-28,-,Muridae,Leporillus,conditor,-,-,"(Sturt,1848)",-
Leptomeria dielsiana,Diels' Currant Bush,-,Vulnerable,-,-,-,-,-,-,-,Yes,-,-,-,-,-,-,-,-,-,5146,-,Plantae,Magnoliopsida,http://www.environment.gov.au/cgi-bin/sprat/public/publicspecies.pl?taxon_id=5146,2026-Aug-28,https://id.biodiversity.org.au/name/apni/61604,Santalaceae,Leptomeria,dielsiana,-,-,Pilger,-
Leptospermum benwellii,-,-,Critically Endangered,-,Yes,-,-,-,-,-,-,-,-,-,-,-,-,-,-,-,86437,-,Plantae,Magnoliopsida,http://www.environment.gov.au/cgi-bin/sprat/public/publicspecies.pl?taxon_id=86437,2026-Aug-28,https://id.biodiversity.org.au/name/apni/191669,Myrtaceae,Leptospermum,benwellii,-,-,A.R.Bean,-
Leptospermum crassifolium,-,-,Critically Endangered,-,Yes,-,-,-,-,-,-,-,-,-,-,-,-,-,-,-,21812,-,Plantae,Magnoliopsida,http://www.environment.gov.au/cgi-bin/sprat/public/publicspecies.pl?taxon_id=21812,2026-Aug-28,https://id.biodiversity.org.au/name/apni/81305,Myrtaceae,Leptospermum,crassifolium,-,-,J.Thompson,-
Leptospermum deanei,Deane's Tea-tree,Gaudium deanei,Vulnerable,-,Yes,-,-,-,-,-,-,-,-,-,-,-,-,-,-,-,21777,94344,Plantae,Magnoliopsida,http://www.environment.gov.au/cgi-bin/sprat/public/publicspecies.pl?taxon_id=21777,2026-Aug-28,https://id.biodiversity.org.au/name/apni/97770,Myrtaceae,Leptospermum,deanei,-,-,JoyThompson,-
Leptospermum jingera,Stringybark Tea-tree,-,Critically Endangered,-,-,-,-,-,-,Yes,-,-,-,-,-,-,-,-,-,-,65905,-,Plantae,Magnoliopsida,http://www.environment.gov.au/cgi-bin/sprat/public/publicspecies.pl?taxon_id=65905,2026-Aug-28,https://id.biodiversity.org.au/name/apni/135246,Myrtaceae,Leptospermum,jingera,-,-,Lyne  Crisp,-
Leptospermum petraeum,-,-,Critically Endangered,-,Yes,-,-,-,-,-,-,-,-,-,-,-,-,-,-,-,21810,-,Plantae,Magnoliopsida,http://www.environment.gov.au/cgi-bin/sprat/public/publicspecies.pl?taxon_id=21810,2026-Aug-28,https://id.biodiversity.org.au/name/apni/99825,Myrtaceae,Leptospermum,petraeum,-,-,J.Thompson,-
Leptospermum thompsonii,Monga Tea-tree,-,Endangered,-,Yes,-,-,-,-,-,-,-,-,-,-,-,-,-,-,-,21806,-,Plantae,Magnoliopsida,http://www.environment.gov.au/cgi-bin/sprat/public/publicspecies.pl?taxon_id=21806,2026-Aug-28,https://id.biodiversity.org.au/name/apni/101566,Myrtaceae,Leptospermum,thompsonii,-,-,Joy Thomps.,-
Lerista allanae,"Allan's Lerista, Retro Slider",-,Endangered,-,-,-,Yes,-,-,-,-,-,-,-,-,-,-,-,-,-,1378,-,Animalia,Reptilia,http://www.environment.gov.au/cgi-bin/sprat/public/publicspecies.pl?taxon_id=1378,2026-Aug-28,-,Scincidae,Lerista,allanae,-,-,"(Longman,1937)",-
Lerista colliveri,Nubbined Fine-lined Slider,-,Endangered,-,-,-,Yes,-,-,-,-,-,-,-,-,-,-,-,-,-,59623,-,Animalia,Reptilia,http://www.environment.gov.au/cgi-bin/sprat/public/publicspecies.pl?taxon_id=59623,2026-Aug-28,-,Scincidae,Lerista,colliveri,-,-,"Couper and Ingram,1992",-
Lerista nevinae,Nevin's Slider,-,Endangered,-,-,-,-,-,-,-,Yes,-,-,-,-,-,-,-,-,-,85296,-,Animalia,Reptilia,http://www.environment.gov.au/cgi-bin/sprat/public/publicspecies.pl?taxon_id=85296,2026-Aug-28,-,Scincidae,Lerista,nevinae,-,-,"Smith  Adams, 2007",-
Lerista rochfordensis,Rochford Slider,-,Endangered,-,-,-,Yes,-,-,-,-,-,-,-,-,-,-,-,-,-,83755,-,Animalia,Reptilia,http://www.environment.gov.au/cgi-bin/sprat/public/publicspecies.pl?taxon_id=83755,2026-Aug-28,-,Scincidae,Lerista,rochfordensis,-,-,Amey  Couper,-
Lerista vittata,"Mount Cooper Striped Skink, Mount Cooper Striped Lerista",-,Vulnerable,-,-,-,Yes,-,-,-,-,-,-,-,-,-,-,-,-,-,1308,-,Animalia,Reptilia,http://www.environment.gov.au/cgi-bin/sprat/public/publicspecies.pl?taxon_id=1308,2026-Aug-28,-,Scincidae,Lerista,vittata,-,-,"Greer, McDonald and Lawrie,1983",-
Leucocarbo atriceps nivalis,"Imperial Shag (Heard Island), Heard Shag",-,Vulnerable,-,-,-,-,-,-,-,-,-,-,-,-,-,-,Yes,-,Yes,66994,-,Animalia,Aves,http://www.environment.gov.au/cgi-bin/sprat/public/publicspecies.pl?taxon_id=66994,2026-Aug-28,-,Phalacrocoracidae,Leucocarbo,atriceps,-,nivalis,"Falla, 1937",-
Leucocarbo atriceps purpurascens,Imperial Shag (Macquarie Island),-,Vulnerable,-,-,-,-,-,Yes,-,-,-,-,-,-,-,-,-,-,Yes,66995,-,Animalia,Aves,http://www.environment.gov.au/cgi-bin/sprat/public/publicspecies.pl?taxon_id=66995,2026-Aug-28,-,Phalacrocoracidae,Leucocarbo,atriceps,-,purpurascens,-,"(Brandt, 1837)"
Leucochrysum albicans subsp. tricolor,"Hoary Sunray, Grassland Paper-daisy",-,Endangered,Yes,Yes,-,Yes,-,Yes,Yes,-,-,-,-,-,-,-,-,-,-,89104,-,Plantae,Magnoliopsida,http://www.environment.gov.au/cgi-bin/sprat/public/publicspecies.pl?taxon_id=89104,2026-Aug-28,https://id.biodiversity.org.au/name/apni/4432940,Asteraceae,Leucochrysum,albicans,subsp.,tricolor,-,(DC.) N.G.Walsh
Leucopatus anophthalmus,Blind Velvet Worm,-,Endangered,-,-,-,-,-,Yes,-,-,-,-,-,-,-,-,-,-,-,90855,-,Animalia,Onychophora (no class),http://www.environment.gov.au/cgi-bin/sprat/public/publicspecies.pl?taxon_id=90855,2026-Aug-28,-,Peripatopsidae,Leucopatus,anophthalmus,-,-,"(Ruhberg, Mesibov, Briscoe  Tait, 1991)",-
Leucopogon confertus,Torrington Beard-heath,Styphelia conferta,Endangered,-,Yes,-,-,-,-,-,-,-,-,-,-,-,-,-,-,-,14417,49251,Plantae,Magnoliopsida,http://www.environment.gov.au/cgi-bin/sprat/public/publicspecies.pl?taxon_id=14417,2026-Aug-28,https://id.biodiversity.org.au/name/apni/98476,Ericaceae,Leucopogon,confertus,-,-,Benth.,-
Leucopogon cryptanthus,Small-flowered Leucopogon,-,Extinct,-,-,-,-,-,-,-,Yes,-,-,-,-,-,-,-,-,-,14621,-,Plantae,Magnoliopsida,http://www.environment.gov.au/cgi-bin/sprat/public/publicspecies.pl?taxon_id=14621,2026-Aug-28,https://id.biodiversity.org.au/name/apni/98637,Epacridaceae,Leucopogon,cryptanthus,-,-,Benth.,-
Leucopogon exolasius,Woronora Beard-heath,Styphelia exolasia,Vulnerable,-,Yes,-,-,-,-,-,-,-,-,-,-,-,-,-,-,-,14251,49665,Plantae,Magnoliopsida,http://www.environment.gov.au/cgi-bin/sprat/public/publicspecies.pl?taxon_id=14251,2026-Aug-28,https://id.biodiversity.org.au/name/apni/99193,Ericaceae,Leucopogon,exolasius,-,-,(F.Muell.) Benth.,-
Leucopogon gnaphalioides,Stirling Range Beard Heath,-,Critically Endangered,-,-,-,-,-,-,-,Yes,-,-,-,-,-,-,-,-,-,21609,-,Plantae,Magnoliopsida,http://www.environment.gov.au/cgi-bin/sprat/public/publicspecies.pl?taxon_id=21609,2026-Aug-28,https://id.biodiversity.org.au/name/apni/99612,Ericaceae,Leucopogon,gnaphalioides,-,-,Stschegl.,-
Leucopogon marginatus,Thick-margined Leucopogon,Styphelia marginata,Endangered,-,-,-,-,-,-,-,Yes,-,-,-,-,-,-,-,-,-,12527,91870,Plantae,Magnoliopsida,http://www.environment.gov.au/cgi-bin/sprat/public/publicspecies.pl?taxon_id=12527,2026-Aug-28,https://id.biodiversity.org.au/name/apni/109512,Ericaceae,Leucopogon,marginatus,-,-,W.Fitzg.,-
Leucopogon nitidus,-,-,Endangered,-,-,-,-,-,-,-,Yes,-,-,-,-,-,-,-,-,-,87812,-,Plantae,Magnoliopsida,http://www.environment.gov.au/cgi-bin/sprat/public/publicspecies.pl?taxon_id=87812,2026-Aug-28,https://id.biodiversity.org.au/name/apni/234420,Ericaceae,Leucopogon,nitidus,-,-,Hislop,-
Leucopogon obtectus,Hidden Beard-heath,Styphelia obtecta,Endangered,-,-,-,-,-,-,-,Yes,-,-,-,-,-,-,-,-,-,19614,50758,Plantae,Magnoliopsida,http://www.environment.gov.au/cgi-bin/sprat/public/publicspecies.pl?taxon_id=19614,2026-Aug-28,https://id.biodiversity.org.au/name/apni/111856,Ericaceae,Leucopogon,obtectus,-,-,Benth.,-
Leucopogon sp. Coolmunda (D.Halford Q1635),-,Styphelia sp. Coolmunda (D.Halford Q1635),Endangered,-,-,-,Yes,-,-,-,-,-,-,-,-,-,-,-,-,-,64928,92620,Plantae,Magnoliopsida,http://www.environment.gov.au/cgi-bin/sprat/public/publicspecies.pl?taxon_id=64928,2026-Aug-28,https://id.biodiversity.org.au/name/apni/179714,Ericaceae,Leucopogon,sp. Coolmunda (D.Halford Q1635),-,-,-,-
"Leucopogon sp. Flynn (F.Hort, J.Hort & A.Lowrie 859)",-,Styphelia capillaris,Critically Endangered,-,-,-,-,-,-,-,Yes,-,-,-,-,-,-,-,-,-,86385,91590,Plantae,Magnoliopsida,http://www.environment.gov.au/cgi-bin/sprat/public/publicspecies.pl?taxon_id=86385,2026-Aug-28,https://id.biodiversity.org.au/name/apni/239976,Ericaceae,Leucopogon,"sp. Flynn (F.Hort, J.Hort & A.Lowrie 859)",-,-,WA Herbarium,-
Leucopogon sp. Ongerup (A.S.George 16682),-,Styphelia disjuncta,Vulnerable,-,-,-,-,-,-,-,Yes,-,-,-,-,-,-,-,-,-,85018,92782,Plantae,Magnoliopsida,http://www.environment.gov.au/cgi-bin/sprat/public/publicspecies.pl?taxon_id=85018,2026-Aug-28,https://id.biodiversity.org.au/name/apni/240003,Ericaceae,Leucopogon,sp. Ongerup (A.S.George 16682),-,-,WA Herbarium,-
Leucopogon spectabilis,Ironstone Beard-heath,-,Critically Endangered,-,-,-,-,-,-,-,Yes,-,-,-,-,-,-,-,-,-,83012,-,Plantae,Magnoliopsida,http://www.environment.gov.au/cgi-bin/sprat/public/publicspecies.pl?taxon_id=83012,2026-Aug-28,https://id.biodiversity.org.au/name/apni/211515,Ericaceae,Leucopogon,spectabilis,-,-,Hislop  A.R.Chapm.,-
Lewinia pectoralis clelandi,"Western Australian Lewin's Rail, Lewin's Rail (western)",-,Extinct,-,-,-,-,-,-,-,Yes,-,-,-,-,-,-,-,-,-,82446,-,Animalia,Aves,http://www.environment.gov.au/cgi-bin/sprat/public/publicspecies.pl?taxon_id=82446,2026-Aug-28,-,Rallidae,Lewinia,pectoralis,-,clelandi,-,"(Mathews,1911)"
Liasis olivaceus barroni,Pilbara Olive Python,-,Vulnerable,-,-,-,-,-,-,-,Yes,-,-,-,-,-,-,-,-,-,66699,-,Animalia,Reptilia,http://www.environment.gov.au/cgi-bin/sprat/public/publicspecies.pl?taxon_id=66699,2026-Aug-28,-,Pythonidae,Liasis,olivaceus,-,barroni,-,"(Smith, 1981)"
Lichenostomus melanops cassidix,"Helmeted Honeyeater, Yellow-tufted Honeyeater (Helmeted)",-,Critically Endangered,-,-,-,-,-,-,Yes,-,-,-,-,-,-,-,-,-,-,26011,-,Animalia,Aves,http://www.environment.gov.au/cgi-bin/sprat/public/publicspecies.pl?taxon_id=26011,2026-Aug-28,-,Meliphagidae,Lichenostomus,melanops,-,cassidix,-,"(Gould, 1867)"
Limnodromus semipalmatus,Asian Dowitcher,-,Vulnerable,-,Yes,Yes,Yes,-,-,-,Yes,Yes,-,-,-,-,-,-,-,-,843,-,Animalia,Aves,http://www.environment.gov.au/cgi-bin/sprat/public/publicspecies.pl?taxon_id=843,2026-Aug-28,-,Scolopacidae,Limnodromus,semipalmatus,-,-,"(Blyth,1848)",-
Limonium australe var. baudinii,Baudin's Sea-lavender,-,Vulnerable,-,-,-,-,-,Yes,-,-,-,-,-,-,-,-,-,-,-,86369,-,Plantae,Magnoliopsida,http://www.environment.gov.au/cgi-bin/sprat/public/publicspecies.pl?taxon_id=86369,2026-Aug-28,https://id.biodiversity.org.au/name/apni/233718,Plumbaginaceae,Limonium,australe,var.,baudinii,-,(Lincz.) A.M.Gray
Limosa lapponica baueri,"Nunivak Bar-tailed Godwit, Western Alaskan Bar-tailed Godwit",-,Endangered,-,Yes,Yes,Yes,Yes,Yes,Yes,Yes,-,-,-,-,-,Yes,-,-,-,86380,-,Animalia,Aves,http://www.environment.gov.au/cgi-bin/sprat/public/publicspecies.pl?taxon_id=86380,2026-Aug-28,-,Scolopacidae,Limosa,lapponica,-,baueri,-,"Naumann, 1836"
Limosa lapponica menzbieri,"Northern Siberian Bar-tailed Godwit, Russkoye Bar-tailed Godwit",-,Endangered,-,-,Yes,Yes,-,-,-,Yes,Yes,-,-,-,-,-,-,-,-,86432,-,Animalia,Aves,http://www.environment.gov.au/cgi-bin/sprat/public/publicspecies.pl?taxon_id=86432,2026-Aug-28,-,Scolopacidae,Limosa,lapponica,-,menzbieri,-,"Portenko, 1936"
Limosa limosa,Black-tailed Godwit,-,Endangered,-,Yes,Yes,Yes,Yes,Yes,Yes,Yes,-,-,-,-,-,-,-,-,-,845,-,Animalia,Aves,http://www.environment.gov.au/cgi-bin/sprat/public/publicspecies.pl?taxon_id=845,2026-Aug-28,-,Scolopacidae,Limosa,limosa,-,-,"(Linnaeus,1758)",-
Limosella granitica,Granite Mudwort,-,Vulnerable,-,-,-,-,Yes,-,-,-,-,-,-,-,-,-,-,-,-,6704,-,Plantae,Magnoliopsida,http://www.environment.gov.au/cgi-bin/sprat/public/publicspecies.pl?taxon_id=6704,2026-Aug-28,https://id.biodiversity.org.au/name/apni/110920,Scrophulariaceae,Limosella,granitica,-,-,W.R.Barker,-
Lindsaea pulchella var. blanda,-,-,Vulnerable,-,-,-,Yes,-,-,-,-,-,-,-,-,-,-,-,-,-,20842,-,Plantae,Polypodiatae,http://www.environment.gov.au/cgi-bin/sprat/public/publicspecies.pl?taxon_id=20842,2026-Aug-28,https://id.biodiversity.org.au/name/apni/113733,Lindsaeaceae,Lindsaea,pulchella,var.,blanda,-,(Mett. ex Kuhn) Kramer
Liopholis guthega,Guthega Skink,-,Endangered,-,Yes,-,-,-,-,Yes,-,-,-,-,-,-,-,-,-,-,83079,-,Animalia,Reptilia,http://www.environment.gov.au/cgi-bin/sprat/public/publicspecies.pl?taxon_id=83079,2026-Aug-28,-,Scincidae,Liopholis,guthega,-,-,"(Donnellan, Hutchinson, Dempsey  Osborne, 2002)",-
Liopholis kintorei,"Great Desert Skink, Tjakura, Warrarna, Mulyamiji, Tjalapa, Nampu",-,Vulnerable,-,-,Yes,-,Yes,-,-,Yes,-,-,-,-,-,-,-,-,-,83160,-,Animalia,Reptilia,http://www.environment.gov.au/cgi-bin/sprat/public/publicspecies.pl?taxon_id=83160,2026-Aug-28,-,Scincidae,Liopholis,kintorei,-,-,"(Stirling  Zietz, 1893)",-
Liopholis montana,Mountain Skink,-,Endangered,Yes,Yes,-,-,-,-,Yes,-,-,-,-,-,-,-,-,-,-,87162,-,Animalia,Reptilia,http://www.environment.gov.au/cgi-bin/sprat/public/publicspecies.pl?taxon_id=87162,2026-Aug-28,-,Scincidae,Liopholis,montana,-,-,"(Donnellan, Hutchinson, Dempsey  Osborne, 2002)",-
Liopholis pulchra longicauda,"Jurien Bay Skink, Jurien Bay Rock-skink",-,Vulnerable,-,-,-,-,-,-,-,Yes,-,-,-,-,-,-,-,-,-,83162,-,Animalia,Reptilia,http://www.environment.gov.au/cgi-bin/sprat/public/publicspecies.pl?taxon_id=83162,2026-Aug-28,-,Scincidae,Liopholis,pulchra,-,longicauda,-,"(Ford, 1963)"
Liopholis slateri slateri,"Slater's Skink, Floodplain Skink",-,Endangered,-,-,Yes,-,-,-,-,-,-,-,-,-,-,-,-,-,-,83163,-,Animalia,Reptilia,http://www.environment.gov.au/cgi-bin/sprat/public/publicspecies.pl?taxon_id=83163,2026-Aug-28,-,Scincidae,Liopholis,slateri,-,slateri,"(Storr, 1968)",-
Lissolepis coventryi,"Swamp Skink, Eastern Mourning Skink",-,Endangered,-,Yes,-,-,Yes,-,Yes,-,-,-,-,-,-,-,-,-,-,84053,-,Animalia,Reptilia,http://www.environment.gov.au/cgi-bin/sprat/public/publicspecies.pl?taxon_id=84053,2026-Aug-28,-,Scincidae,Lissolepis,coventryi,-,-,"(Storr, 197)",-
Lissotes latidens,"Broad-toothed Stag Beetle, Wielangta Stag Beetle",-,Endangered,-,-,-,-,-,Yes,-,-,-,-,-,-,-,-,-,-,-,66760,-,Animalia,Insecta,http://www.environment.gov.au/cgi-bin/sprat/public/publicspecies.pl?taxon_id=66760,2026-Aug-28,-,Lucanidae,Lissotes,latidens,-,-,"Westwood, 1871",-
Litoria aurea,Green and Golden Bell Frog,Ranoidea aurea,Vulnerable,Yes,Yes,-,-,-,-,Yes,-,-,-,-,-,Yes,-,-,-,-,1870,94747,Animalia,Amphibia,http://www.environment.gov.au/cgi-bin/sprat/public/publicspecies.pl?taxon_id=1870,2026-Aug-28,-,Pelodryadidae,Litoria,aurea,-,-,"(Lesson, 1829)",-
Litoria booroolongensis,Booroolong Frog,Rhyaconastes booroolongensis,Endangered,Yes,Yes,-,-,-,-,Yes,-,-,-,-,-,-,-,-,-,-,1844,94798,Animalia,Amphibia,http://www.environment.gov.au/cgi-bin/sprat/public/publicspecies.pl?taxon_id=1844,2026-Aug-28,-,Pelodryadidae,Litoria,booroolongensis,-,-,"(Moore, 1961)",-
Litoria castanea,"Yellow-spotted Tree Frog, Yellow-spotted Bell Frog",Ranoidea castanea,Critically Endangered,Yes,Yes,-,-,-,-,-,-,-,-,-,-,-,-,-,-,-,1848,94748,Animalia,Amphibia,http://www.environment.gov.au/cgi-bin/sprat/public/publicspecies.pl?taxon_id=1848,2026-Aug-28,-,Pelodryadidae,Litoria,castanea,-,-,"(Steindachner, 1867)",-
Litoria daviesae,Davies' Tree Frog,Dryopsophus daviesae,Vulnerable,-,Yes,-,-,-,-,-,-,-,-,-,-,-,-,-,-,-,78964,94760,Animalia,Amphibia,http://www.environment.gov.au/cgi-bin/sprat/public/publicspecies.pl?taxon_id=78964,2026-Aug-28,-,Pelodryadidae,Litoria,daviesae,-,-,"Mahony, Knowles, Foster,  Donnellan, 2001",-
Litoria dayi,"Australian Lace-lid, Lace-eyed Tree Frog, Day's Big-eyed Treefrog",Eremnoculus dayi,Vulnerable,-,-,-,Yes,-,-,-,-,-,-,-,-,-,-,-,-,-,86707,94768,Animalia,Amphibia,http://www.environment.gov.au/cgi-bin/sprat/public/publicspecies.pl?taxon_id=86707,2026-Aug-28,-,Pelodryadidae,Litoria,dayi,-,-,"(Gunther, 1897)",-
Litoria kroombitensis,Kroombit Treefrog,Dryopsophus kroombitensis,Critically Endangered,-,-,-,Yes,-,-,-,-,-,-,-,-,-,-,-,-,-,87765,94761,Animalia,Amphibia,http://www.environment.gov.au/cgi-bin/sprat/public/publicspecies.pl?taxon_id=87765,2026-Aug-28,-,Pelodryadidae,Litoria,kroombitensis,-,-,"Hoskin, Hines, Meyer, Clarke  Cunningham, 2013",-
Litoria littlejohni,"Northern Heath Frog, Littlejohn's Tree Frog",Rawlinsonia littlejohni,Endangered,-,Yes,-,-,-,-,-,-,-,-,-,-,-,-,-,-,-,64733,94791,Animalia,Amphibia,http://www.environment.gov.au/cgi-bin/sprat/public/publicspecies.pl?taxon_id=64733,2026-Aug-28,-,Pelodryadidae,Litoria,littlejohni,-,-,"White, Whitford  Mahony, 1994",-
Litoria lorica,Armoured Mist Frog,Mosleyia lorica,Critically Endangered,-,-,-,Yes,-,-,-,-,-,-,-,-,-,-,-,-,-,1841,94774,Animalia,Amphibia,http://www.environment.gov.au/cgi-bin/sprat/public/publicspecies.pl?taxon_id=1841,2026-Aug-28,-,Pelodryadidae,Litoria,lorica,-,-,"Davies and McDonald, 1979",-
Litoria myola,Kuranda Tree Frog,Spicicalyx myola,Critically Endangered,-,-,-,Yes,-,-,-,-,-,-,-,-,-,-,-,-,-,82063,94805,Animalia,Amphibia,http://www.environment.gov.au/cgi-bin/sprat/public/publicspecies.pl?taxon_id=82063,2026-Aug-28,-,Pelodryadidae,Litoria,myola,-,-,"Hoskin, 2007",-
Litoria nyakalensis,"Mountain Mist Frog, Nyakala Frog",Mosleyia nyakalensis,Critically Endangered,-,-,-,Yes,-,-,-,-,-,-,-,-,-,-,-,-,-,1820,94776,Animalia,Amphibia,http://www.environment.gov.au/cgi-bin/sprat/public/publicspecies.pl?taxon_id=1820,2026-Aug-28,-,Pelodryadidae,Litoria,nyakalensis,-,-,"Liem, 1974",-
Litoria olongburensis,Wallum Sedge Frog,Drymomantis olongburensis,Vulnerable,-,Yes,-,Yes,-,-,-,-,-,-,-,-,-,-,-,-,-,1821,94757,Animalia,Amphibia,http://www.environment.gov.au/cgi-bin/sprat/public/publicspecies.pl?taxon_id=1821,2026-Aug-28,-,Pelodryadidae,Litoria,olongburensis,-,-,"Liem and Ingram, 1977",-
Litoria piperata,Peppered Tree Frog,Dryopsophus piperatus,Vulnerable,-,Yes,-,-,-,-,-,-,-,-,-,-,-,-,-,-,-,1827,94765,Animalia,Amphibia,http://www.environment.gov.au/cgi-bin/sprat/public/publicspecies.pl?taxon_id=1827,2026-Aug-28,-,Pelodryadidae,Litoria,piperata,-,-,"Tyler and Davies, 1985",-
Litoria raniformis,"Southern Bell Frog, Growling Grass Frog, Green and Golden Frog, Warty Swamp Frog, Golden Bell Frog",Ranoidea raniformis,Vulnerable,Yes,Yes,-,-,Yes,Yes,Yes,-,-,-,-,-,-,-,-,-,-,1828,94668,Animalia,Amphibia,http://www.environment.gov.au/cgi-bin/sprat/public/publicspecies.pl?taxon_id=1828,2026-Aug-28,-,Pelodryadidae,Litoria,raniformis,-,-,"(Keferstein, 1867)",-
Litoria spenceri,Spotted Tree Frog,Dryopsophus spenceri,Critically Endangered,-,Yes,-,-,-,-,Yes,-,-,-,-,-,-,-,-,-,-,25959,94766,Animalia,Amphibia,http://www.environment.gov.au/cgi-bin/sprat/public/publicspecies.pl?taxon_id=25959,2026-Aug-28,-,Pelodryadidae,Litoria,spenceri,-,-,"Dubois, 1984",-
Litoria subglandulosa,"New England Tree Frog, Glandular Frog",Dryopsophus subglandulosus,Vulnerable,-,Yes,-,Yes,-,-,-,-,-,-,-,-,-,-,-,-,-,1807,94767,Animalia,Amphibia,http://www.environment.gov.au/cgi-bin/sprat/public/publicspecies.pl?taxon_id=1807,2026-Aug-28,-,Pelodryadidae,Litoria,subglandulosa,-,-,"Tyler and Anstis, 1975",-
Litoria verreauxii alpina,"Alpine Tree Frog, Verreaux's Alpine Tree Frog",Rawlinsonia verreauxii alpina,Vulnerable,Yes,Yes,-,-,-,-,Yes,-,-,-,-,-,-,-,-,-,-,66669,94796,Animalia,Amphibia,http://www.environment.gov.au/cgi-bin/sprat/public/publicspecies.pl?taxon_id=66669,2026-Aug-28,-,Pelodryadidae,Litoria,verreauxii,-,alpina,-,"(Fry, 1915)"
Litoria watsoni,"Southern Heath Frog, Watson's Tree Frog",Rawlinsonia watsoni,Endangered,-,Yes,-,-,-,-,Yes,-,-,-,-,-,-,-,-,-,-,91509,94704,Animalia,Amphibia,http://www.environment.gov.au/cgi-bin/sprat/public/publicspecies.pl?taxon_id=91509,2026-Aug-28,-,Pelodryadidae,Litoria,watsoni,-,-,"Mahony, Moses, Mahony, Lemckert  Donellan, 2020",-
Livistona lanuginosa,Waxy Cabbage Palm,-,Vulnerable,-,-,-,Yes,-,-,-,-,-,-,-,-,-,-,-,-,-,64581,-,Plantae,Liliopsida,http://www.environment.gov.au/cgi-bin/sprat/public/publicspecies.pl?taxon_id=64581,2026-Aug-28,https://id.biodiversity.org.au/name/apni/154647,Arecaceae,Livistona,lanuginosa,-,-,A.N.Rodd,-
Livistona mariae subsp. mariae,"Central Australian Cabbage Palm, Red Cabbage Palm",-,Endangered,-,-,Yes,-,-,-,-,-,-,-,-,-,-,-,-,-,-,64929,-,Plantae,Liliopsida,http://www.environment.gov.au/cgi-bin/sprat/public/publicspecies.pl?taxon_id=64929,2026-Aug-28,https://id.biodiversity.org.au/name/apni/171479,Arecaceae,Livistona,mariae,subsp.,mariae,F.Muell.,-
Lobelia claviflora,-,-,Critically Endangered,-,Yes,-,-,-,-,-,-,-,-,-,-,-,-,-,-,-,90219,-,Plantae,Magnoliopsida,http://www.environment.gov.au/cgi-bin/sprat/public/publicspecies.pl?taxon_id=90219,2026-Aug-28,https://id.biodiversity.org.au/name/apni/51257948,Campanulaceae,Lobelia,claviflora,-,-,Albr.  R.W.Jobson,-
Lobelia gelida,-,-,Vulnerable,-,-,-,-,-,-,Yes,-,-,-,-,-,-,-,-,-,-,49983,-,Plantae,Magnoliopsida,http://www.environment.gov.au/cgi-bin/sprat/public/publicspecies.pl?taxon_id=49983,2026-Aug-28,https://id.biodiversity.org.au/name/apni/105591,Campanulaceae,Lobelia,gelida,-,-,F.Muell.,-
Logania diffusa,-,-,Vulnerable,-,-,-,Yes,-,-,-,-,-,-,-,-,-,-,-,-,-,24159,-,Plantae,Magnoliopsida,http://www.environment.gov.au/cgi-bin/sprat/public/publicspecies.pl?taxon_id=24159,2026-Aug-28,https://id.biodiversity.org.au/name/apni/92320,Loganiaceae,Logania,diffusa,-,-,R.Henderson,-
Logania insularis,Kangaroo Island Logania,-,Vulnerable,-,-,-,-,Yes,-,-,-,-,-,-,-,-,-,-,-,-,13105,-,Plantae,Magnoliopsida,http://www.environment.gov.au/cgi-bin/sprat/public/publicspecies.pl?taxon_id=13105,2026-Aug-28,https://id.biodiversity.org.au/name/apni/92531,Loganiaceae,Logania,insularis,-,-,J.M.Black,-
Lomatia tasmanica,King's Lomatia,-,Critically Endangered,-,-,-,-,-,Yes,-,-,-,-,-,-,-,-,-,-,-,3745,-,Plantae,Magnoliopsida,http://www.environment.gov.au/cgi-bin/sprat/public/publicspecies.pl?taxon_id=3745,2026-Aug-28,https://id.biodiversity.org.au/name/apni/95473,Proteaceae,Lomatia,tasmanica,-,-,W.M.Curtis,-
Lophochroa leadbeateri leadbeateri,"Major Mitchell's Cockatoo (eastern), Eastern Major Mitchell's Cockatoo, Pink Cockatoo (eastern)",-,Endangered,-,Yes,-,Yes,Yes,-,Yes,-,-,-,-,-,-,-,-,-,-,82926,-,Animalia,Aves,http://www.environment.gov.au/cgi-bin/sprat/public/publicspecies.pl?taxon_id=82926,2026-Aug-28,-,Cacatuidae,Lophochroa,leadbeateri,-,leadbeateri,"(Vigors, 1831)",-
Lordhowea pilosicrista,Tall Yellow-top,-,Endangered,-,-,-,-,Yes,-,Yes,-,-,-,-,-,-,-,-,-,-,93216,-,Plantae,Magnoliopsida,http://www.environment.gov.au/cgi-bin/sprat/public/publicspecies.pl?taxon_id=93216,2026-Aug-28,https://id.biodiversity.org.au/name/apni/51371534,Asteraceae,Lordhowea,pilosicrista,-,-,(I.Thomps.) Schmidt-Leb.,-
Lucasium occultum,"Yellow-snouted Gecko, Yellow-snouted Ground Gecko",-,Endangered,-,-,Yes,-,-,-,-,-,-,-,-,-,-,-,-,-,-,82993,-,Animalia,Reptilia,http://www.environment.gov.au/cgi-bin/sprat/public/publicspecies.pl?taxon_id=82993,2026-Aug-28,-,Diplodactylidae,Lucasium,occultum,-,-,"(King, Braithwaite and Wombey, 1982)",-
Lychnothamnus barbatus,a green alga,-,Endangered,-,-,-,Yes,-,-,-,-,-,-,-,-,-,-,-,-,-,64479,-,Plantae,Streptophyta (no class),http://www.environment.gov.au/cgi-bin/sprat/public/publicspecies.pl?taxon_id=64479,2026-Aug-28,https://id.biodiversity.org.au/name/apni/195128,Characeae,Lychnothamnus,barbatus,-,-,(Meyen) Leonhardi,-
Lycopodium volubile,-,Pseudodiphasium volubile,Extinct,-,-,-,Yes,-,-,-,-,-,-,-,-,-,-,-,-,-,24170,90431,Plantae,Lycopodopiatae,http://www.environment.gov.au/cgi-bin/sprat/public/publicspecies.pl?taxon_id=24170,2026-Aug-28,https://id.biodiversity.org.au/name/apni/97917,Lycopodiaceae,Lycopodium,volubile,-,-,G.Forst.,-
Lysiosepalum abollatum,Woolly Lysiosepalum,-,Critically Endangered,-,-,-,-,-,-,-,Yes,-,-,-,-,-,-,-,-,-,83216,-,Plantae,Magnoliopsida,http://www.environment.gov.au/cgi-bin/sprat/public/publicspecies.pl?taxon_id=83216,2026-Aug-28,https://id.biodiversity.org.au/name/apni/170161,Sterculiaceae,Lysiosepalum,abollatum,-,-,C.F.Wilkins,-
Macadamia integrifolia,"Macadamia Nut, Queensland Nut Tree, Smooth-shelled Macadamia, Bush Nut, Nut Oak",-,Vulnerable,-,Yes,-,Yes,-,-,-,-,-,-,-,-,-,-,-,-,-,7326,-,Plantae,Magnoliopsida,http://www.environment.gov.au/cgi-bin/sprat/public/publicspecies.pl?taxon_id=7326,2026-Aug-28,https://id.biodiversity.org.au/name/apni/100011,Proteaceae,Macadamia,integrifolia,-,-,Maiden  E.Betche,-
Macadamia jansenii,"Bulberin Nut, Bulburin Nut Tree",-,Endangered,-,-,-,Yes,-,-,-,-,-,-,-,-,-,-,-,-,-,55597,-,Plantae,Magnoliopsida,http://www.environment.gov.au/cgi-bin/sprat/public/publicspecies.pl?taxon_id=55597,2026-Aug-28,https://id.biodiversity.org.au/name/apni/118010,Proteaceae,Macadamia,jansenii,-,-,C.L.Gross  P.H.Weston,-
Macadamia ternifolia,"Small-fruited Queensland Nut, Gympie Nut",-,Vulnerable,-,-,-,Yes,-,-,-,-,-,-,-,-,-,-,-,-,-,7214,-,Plantae,Magnoliopsida,http://www.environment.gov.au/cgi-bin/sprat/public/publicspecies.pl?taxon_id=7214,2026-Aug-28,https://id.biodiversity.org.au/name/apni/100081,Proteaceae,Macadamia,ternifolia,-,-,F.Muell.,-
Macadamia tetraphylla,"Rough-shelled Bush Nut, Macadamia Nut, Rough-shelled Macadamia, Rough-leaved Queensland Nut",-,Vulnerable,-,Yes,-,Yes,-,-,-,-,-,-,-,-,-,-,-,-,-,6581,-,Plantae,Magnoliopsida,http://www.environment.gov.au/cgi-bin/sprat/public/publicspecies.pl?taxon_id=6581,2026-Aug-28,https://id.biodiversity.org.au/name/apni/100151,Proteaceae,Macadamia,tetraphylla,-,-,L.Johnson,-
Macarthuria keigheryi,Keighery's Macarthuria,-,Endangered,-,-,-,-,-,-,-,Yes,-,-,-,-,-,-,-,-,-,64930,-,Plantae,Magnoliopsida,http://www.environment.gov.au/cgi-bin/sprat/public/publicspecies.pl?taxon_id=64930,2026-Aug-28,https://id.biodiversity.org.au/name/apni/160363,Molluginaceae,Macarthuria,keigheryi,-,-,Lepschi,-
Maccullochella ikei,"Clarence River Cod, Eastern Freshwater Cod",-,Endangered,-,Yes,-,-,-,-,-,-,-,-,-,-,-,-,-,-,-,26170,-,Animalia,Actinopterygii,http://www.environment.gov.au/cgi-bin/sprat/public/publicspecies.pl?taxon_id=26170,2026-Aug-28,-,Percichthyidae,Maccullochella,ikei,-,-,"Rowland, 1993",-
Maccullochella macquariensis,Trout Cod,-,Endangered,Yes,Yes,-,-,Yes,-,Yes,-,-,-,-,-,-,-,-,-,-,26171,-,Animalia,Actinopterygii,http://www.environment.gov.au/cgi-bin/sprat/public/publicspecies.pl?taxon_id=26171,2026-Aug-28,-,Percichthyidae,Maccullochella,macquariensis,-,-,"(Cuvier, 1829)",-
Maccullochella mariensis,Mary River Cod,-,Endangered,-,-,-,Yes,-,-,-,-,-,-,-,-,-,-,-,-,-,83806,-,Animalia,Actinopterygii,http://www.environment.gov.au/cgi-bin/sprat/public/publicspecies.pl?taxon_id=83806,2026-Aug-28,-,Percichthyidae,Maccullochella,mariensis,-,-,"(Rowland, 1993)",-
Maccullochella peelii,Murray Cod,-,Vulnerable,Yes,Yes,-,Yes,Yes,-,Yes,-,-,-,-,-,-,-,-,-,-,66633,-,Animalia,Actinopterygii,http://www.environment.gov.au/cgi-bin/sprat/public/publicspecies.pl?taxon_id=66633,2026-Aug-28,-,Percichthyidae,Maccullochella,peelii,-,-,"(Mitchell, 1838)",-
Macquaria australasica,Macquarie Perch,-,Endangered,Yes,Yes,-,-,Yes,-,Yes,-,-,-,-,-,-,-,-,-,-,66632,-,Animalia,Actinopterygii,http://www.environment.gov.au/cgi-bin/sprat/public/publicspecies.pl?taxon_id=66632,2026-Aug-28,-,Percichthyidae,Macquaria,australasica,-,-,"Cuvier, 1830",-
Macroderma gigas,Ghost Bat,-,Vulnerable,-,-,Yes,Yes,Yes,-,-,Yes,-,-,-,-,-,-,-,-,-,174,-,Animalia,Mammalia,http://www.environment.gov.au/cgi-bin/sprat/public/publicspecies.pl?taxon_id=174,2026-Aug-28,-,Megadermatidae,Macroderma,gigas,-,-,"(Dobson, 1880)",-
Macronectes giganteus,"Southern Giant-Petrel, Southern Giant Petrel",-,Endangered,-,Yes,-,Yes,Yes,Yes,Yes,Yes,-,-,-,Yes,Yes,Yes,Yes,Yes,Yes,1060,-,Animalia,Aves,http://www.environment.gov.au/cgi-bin/sprat/public/publicspecies.pl?taxon_id=1060,2026-Aug-28,-,Procellariidae,Macronectes,giganteus,-,-,"(Gmelin, 1789)",-
Macronectes halli,Northern Giant Petrel,-,Vulnerable,-,Yes,-,Yes,Yes,Yes,Yes,Yes,-,-,-,Yes,Yes,Yes,Yes,Yes,Yes,1061,-,Animalia,Aves,http://www.environment.gov.au/cgi-bin/sprat/public/publicspecies.pl?taxon_id=1061,2026-Aug-28,-,Procellariidae,Macronectes,halli,-,-,"Mathews, 1912",-
Macropteranthes montana,-,-,Vulnerable,-,-,-,Yes,-,-,-,-,-,-,-,-,-,-,-,-,-,9003,-,Plantae,Magnoliopsida,http://www.environment.gov.au/cgi-bin/sprat/public/publicspecies.pl?taxon_id=9003,2026-Aug-28,https://id.biodiversity.org.au/name/apni/58354,Combretaceae,Macropteranthes,montana,-,-,(F.Muell.) Benth.,-
Macrotis lagotis,Greater Bilby,-,Vulnerable,-,Yes,Yes,Yes,Yes,-,-,Yes,-,-,-,-,-,-,-,-,-,282,-,Animalia,Mammalia,http://www.environment.gov.au/cgi-bin/sprat/public/publicspecies.pl?taxon_id=282,2026-Aug-28,-,Thylacomyidae,Macrotis,lagotis,-,-,"(Reid,1837)",-
Macrotis leucura,"Yallara, Lesser Bilby, Djoonpi",-,Extinct,-,-,Yes,Yes,Yes,-,-,Yes,-,-,-,-,-,-,-,-,-,283,-,Animalia,Mammalia,http://www.environment.gov.au/cgi-bin/sprat/public/publicspecies.pl?taxon_id=283,2026-Aug-28,-,Thylacomyidae,Macrotis,leucura,-,-,"(Thomas, 1887)",-
Macrozamia conferta,-,-,Vulnerable,-,-,-,Yes,-,-,-,-,-,-,-,-,-,-,-,-,-,64582,-,Plantae,Cycadatae,http://www.environment.gov.au/cgi-bin/sprat/public/publicspecies.pl?taxon_id=64582,2026-Aug-28,https://id.biodiversity.org.au/name/apni/154602,Zamiaceae,Macrozamia,conferta,-,-,D.L.Jones  P.I.Forster,-
Macrozamia cranei,-,-,Endangered,-,-,-,Yes,-,-,-,-,-,-,-,-,-,-,-,-,-,64681,-,Plantae,Cycadatae,http://www.environment.gov.au/cgi-bin/sprat/public/publicspecies.pl?taxon_id=64681,2026-Aug-28,https://id.biodiversity.org.au/name/apni/154603,Zamiaceae,Macrozamia,cranei,-,-,D.L.Jones  P.I.Forster,-
Macrozamia johnsonii,-,-,Endangered,-,Yes,-,-,-,-,-,-,-,-,-,-,-,-,-,-,-,55674,-,Plantae,Cycadatae,http://www.environment.gov.au/cgi-bin/sprat/public/publicspecies.pl?taxon_id=55674,2026-Aug-28,https://id.biodiversity.org.au/name/apni/118113,Zamiaceae,Macrozamia,johnsonii,-,-,D.L.Jones  K.D.Hill,-
Macrozamia lomandroides,cycad,-,Endangered,-,-,-,Yes,-,-,-,-,-,-,-,-,-,-,-,-,-,55406,-,Plantae,Cycadatae,http://www.environment.gov.au/cgi-bin/sprat/public/publicspecies.pl?taxon_id=55406,2026-Aug-28,https://id.biodiversity.org.au/name/apni/117819,Zamiaceae,Macrozamia,lomandroides,-,-,D.L.Jones,-
Macrozamia macdonnellii,MacDonnell Ranges Cycad,-,Vulnerable,-,-,Yes,-,-,-,-,-,-,-,-,-,-,-,-,-,-,11843,-,Plantae,Cycadatae,http://www.environment.gov.au/cgi-bin/sprat/public/publicspecies.pl?taxon_id=11843,2026-Aug-28,https://id.biodiversity.org.au/name/apni/59523,Zamiaceae,Macrozamia,macdonnellii,-,-,(Miq.) A.DC.,-
Macrozamia machinii,-,-,Vulnerable,-,-,-,Yes,-,-,-,-,-,-,-,-,-,-,-,-,-,64583,-,Plantae,Cycadatae,http://www.environment.gov.au/cgi-bin/sprat/public/publicspecies.pl?taxon_id=64583,2026-Aug-28,https://id.biodiversity.org.au/name/apni/154604,Zamiaceae,Macrozamia,machinii,-,-,P.I.Forst.  D.L.Jones,-
Macrozamia occidua,-,-,Vulnerable,-,-,-,Yes,-,-,-,-,-,-,-,-,-,-,-,-,-,64584,-,Plantae,Cycadatae,http://www.environment.gov.au/cgi-bin/sprat/public/publicspecies.pl?taxon_id=64584,2026-Aug-28,https://id.biodiversity.org.au/name/apni/154666,Zamiaceae,Macrozamia,occidua,-,-,D.L.Jones  P.I.Forster,-
Macrozamia parcifolia,-,-,Vulnerable,-,-,-,Yes,-,-,-,-,-,-,-,-,-,-,-,-,-,64682,-,Plantae,Cycadatae,http://www.environment.gov.au/cgi-bin/sprat/public/publicspecies.pl?taxon_id=64682,2026-Aug-28,https://id.biodiversity.org.au/name/apni/147260,Zamiaceae,Macrozamia,parcifolia,-,-,P.I.Forster  D.L.Jones,-
Macrozamia pauli-guilielmi,Pineapple Zamia,-,Endangered,-,-,-,Yes,-,-,-,-,-,-,-,-,-,-,-,-,-,5712,-,Plantae,Cycadatae,http://www.environment.gov.au/cgi-bin/sprat/public/publicspecies.pl?taxon_id=5712,2026-Aug-28,https://id.biodiversity.org.au/name/apni/59710,Zamiaceae,Macrozamia,pauli-guilielmi,-,-,F.Muell.,-
Macrozamia platyrhachis,cycad,-,Endangered,-,-,-,Yes,-,-,-,-,-,-,-,-,-,-,-,-,-,3412,-,Plantae,Cycadatae,http://www.environment.gov.au/cgi-bin/sprat/public/publicspecies.pl?taxon_id=3412,2026-Aug-28,https://id.biodiversity.org.au/name/apni/59847,Zamiaceae,Macrozamia,platyrhachis,-,-,F.M.Bailey,-
Maireana cheelii,Chariot Wheels,-,Vulnerable,-,Yes,-,Yes,-,-,Yes,-,-,-,-,-,-,-,-,-,-,8008,-,Plantae,Magnoliopsida,http://www.environment.gov.au/cgi-bin/sprat/public/publicspecies.pl?taxon_id=8008,2026-Aug-28,https://id.biodiversity.org.au/name/apni/101310,Chenopodiaceae,Maireana,cheelii,-,-,(R.H.Anderson) Paul G.Wilson,-
Malurus coronatus coronatus,Purple-crowned Fairy-wren (western),-,Endangered,-,-,Yes,-,-,-,-,Yes,-,-,-,-,-,-,-,-,-,64442,-,Animalia,Aves,http://www.environment.gov.au/cgi-bin/sprat/public/publicspecies.pl?taxon_id=64442,2026-Aug-28,-,Maluridae,Malurus,coronatus,-,coronatus,"Gould, 1858",-
Malurus leucopterus edouardi,"White-winged Fairy-wren (Barrow Island), Barrow Island Black-and-white Fairy-wren",-,Vulnerable,-,-,-,-,-,-,-,Yes,-,-,-,-,-,-,-,-,-,26194,-,Animalia,Aves,http://www.environment.gov.au/cgi-bin/sprat/public/publicspecies.pl?taxon_id=26194,2026-Aug-28,-,Maluridae,Malurus,leucopterus,-,edouardi,-,"Campbell,1901"
Malurus leucopterus leucopterus,"White-winged Fairy-wren (Dirk Hartog Island), Dirk Hartog Black-and-White Fairy-wren",-,Vulnerable,-,-,-,-,-,-,-,Yes,-,-,-,-,-,-,-,-,-,26004,-,Animalia,Aves,http://www.environment.gov.au/cgi-bin/sprat/public/publicspecies.pl?taxon_id=26004,2026-Aug-28,-,Maluridae,Malurus,leucopterus,-,leucopterus,-,"Dumont, 1824"
Manorina melanotis,Black-eared Miner,-,Endangered,-,Yes,-,-,Yes,-,Yes,-,-,-,-,-,-,-,-,-,-,449,-,Animalia,Aves,http://www.environment.gov.au/cgi-bin/sprat/public/publicspecies.pl?taxon_id=449,2026-Aug-28,-,Meliphagidae,Manorina,melanotis,-,-,"(Wilson,1911)",-
Marattia salicina,"King Fern, Para, Potato Fern",Ptisana salicina,Endangered,-,-,-,-,-,-,-,-,-,-,-,-,-,Yes,-,-,-,16197,91570,Plantae,Polypodiatae,http://www.environment.gov.au/cgi-bin/sprat/public/publicspecies.pl?taxon_id=16197,2026-Aug-28,https://id.biodiversity.org.au/name/apni/84623,Marattiaceae,Marattia,salicina,-,-,Sm.,-
Marginaster littoralis,Derwent River Seastar,Patiriella littoralis,Critically Endangered,-,-,-,-,-,Yes,-,-,-,-,-,-,-,-,-,-,-,66762,90202,Animalia,Asteroidea,http://www.environment.gov.au/cgi-bin/sprat/public/publicspecies.pl?taxon_id=66762,2026-Aug-28,-,Poraniidae,Marginaster,littoralis,-,-,"Dartnall, 1970",-
Marianthus paralius,-,-,Endangered,-,-,-,-,-,-,-,Yes,-,-,-,-,-,-,-,-,-,83925,-,Plantae,Magnoliopsida,http://www.environment.gov.au/cgi-bin/sprat/public/publicspecies.pl?taxon_id=83925,2026-Aug-28,https://id.biodiversity.org.au/name/apni/156609,Pittosporaceae,Marianthus,paralius,-,-,L.Cayzer  Crisp,-
Marsdenia brevifolia,-,Leichhardtia brevifolia,Vulnerable,-,-,-,Yes,-,-,-,-,-,-,-,-,-,-,-,-,-,64585,91893,Plantae,Magnoliopsida,http://www.environment.gov.au/cgi-bin/sprat/public/publicspecies.pl?taxon_id=64585,2026-Aug-28,https://id.biodiversity.org.au/name/apni/154605,Apocynaceae,Marsdenia,brevifolia,-,-,(Benth.) P.I.Forst.,-
Marsdenia longiloba,Clear Milkvine,Leichhardtia longiloba,Vulnerable,-,Yes,-,Yes,-,-,-,-,-,-,-,-,-,-,-,-,-,2794,91911,Plantae,Magnoliopsida,http://www.environment.gov.au/cgi-bin/sprat/public/publicspecies.pl?taxon_id=2794,2026-Aug-28,https://id.biodiversity.org.au/name/apni/104111,Apocynaceae,Marsdenia,longiloba,-,-,Benth.,-
Marsdenia paludicola,-,Leichhardtia paludicola,Vulnerable,-,-,-,Yes,-,-,-,-,-,-,-,-,-,-,-,-,-,64529,91913,Plantae,Magnoliopsida,http://www.environment.gov.au/cgi-bin/sprat/public/publicspecies.pl?taxon_id=64529,2026-Aug-28,https://id.biodiversity.org.au/name/apni/154606,Apocynaceae,Marsdenia,paludicola,-,-,P.I.Forster,-
Mastacomys fuscus mordicus,"Broad-toothed Rat (mainland), Tooarrana",-,Endangered,Yes,Yes,-,-,Yes,-,Yes,-,-,-,-,-,-,-,-,-,-,87617,-,Animalia,Mammalia,http://www.environment.gov.au/cgi-bin/sprat/public/publicspecies.pl?taxon_id=87617,2026-Aug-28,-,Muridae,Mastacomys,fuscus,-,mordicus,-,"Thomas,1922"
Mathewsoconcha grayi ms,Gray's Helicarionid Land Snail,Advena grayi,Critically Endangered,-,-,-,-,-,-,-,-,-,-,-,-,-,Yes,-,-,-,81852,93276,Animalia,Gastropoda,http://www.environment.gov.au/cgi-bin/sprat/public/publicspecies.pl?taxon_id=81852,2026-Aug-28,-,Helicarionidae,Mathewsoconcha,grayi ms,-,-,-,-
Mathewsoconcha phillipii,Phillip Island Helicarionid Land Snail,Advena phillipii,Critically Endangered,-,-,-,-,-,-,-,-,-,-,-,-,-,Yes,-,-,-,81252,93277,Animalia,Gastropoda,http://www.environment.gov.au/cgi-bin/sprat/public/publicspecies.pl?taxon_id=81252,2026-Aug-28,-,Helicarionidae,Mathewsoconcha,phillipii,-,-,"Gray, 1834",-
Mathewsoconcha suteri,Suter's Striped Glass-snail,Advena suteri,Critically Endangered,-,-,-,-,-,-,-,-,-,-,-,-,-,Yes,-,-,-,81851,93278,Animalia,Gastropoda,http://www.environment.gov.au/cgi-bin/sprat/public/publicspecies.pl?taxon_id=81851,2026-Aug-28,-,Helicarionidae,Mathewsoconcha,suteri,-,-,"Sykes, 1900",-
Medicosma elliptica,-,-,Vulnerable,-,-,-,Yes,-,-,-,-,-,-,-,-,-,-,-,-,-,12192,-,Plantae,Magnoliopsida,http://www.environment.gov.au/cgi-bin/sprat/public/publicspecies.pl?taxon_id=12192,2026-Aug-28,https://id.biodiversity.org.au/name/apni/73643,Rutaceae,Medicosma,elliptica,-,-,T.Hartley,-
Medicosma obovata,-,-,Vulnerable,-,-,-,Yes,-,-,-,-,-,-,-,-,-,-,-,-,-,17533,-,Plantae,Magnoliopsida,http://www.environment.gov.au/cgi-bin/sprat/public/publicspecies.pl?taxon_id=17533,2026-Aug-28,https://id.biodiversity.org.au/name/apni/73650,Rutaceae,Medicosma,obovata,-,-,T.Hartley,-
Megascolides australis,Giant Gippsland Earthworm,-,Vulnerable,-,-,-,-,-,-,Yes,-,-,-,-,-,-,-,-,-,-,64420,-,Animalia,Oligochaeta,http://www.environment.gov.au/cgi-bin/sprat/public/publicspecies.pl?taxon_id=64420,2026-Aug-28,-,Megascolecidae,Megascolides,australis,-,-,-,-
Melaleuca biconvexa,Biconvex Paperbark,-,Vulnerable,-,Yes,-,-,-,-,-,-,-,-,-,-,-,-,-,-,-,5583,-,Plantae,Magnoliopsida,http://www.environment.gov.au/cgi-bin/sprat/public/publicspecies.pl?taxon_id=5583,2026-Aug-28,https://id.biodiversity.org.au/name/apni/88446,Myrtaceae,Melaleuca,biconvexa,-,-,Byrnes,-
Melaleuca deanei,Deane's Melaleuca,-,Vulnerable,-,Yes,-,-,-,-,-,-,-,-,-,-,-,-,-,-,-,5818,-,Plantae,Magnoliopsida,http://www.environment.gov.au/cgi-bin/sprat/public/publicspecies.pl?taxon_id=5818,2026-Aug-28,https://id.biodiversity.org.au/name/apni/89392,Myrtaceae,Melaleuca,deanei,-,-,F.Muell.,-
Melaleuca kunzeoides,-,-,Vulnerable,-,-,-,Yes,-,-,-,-,-,-,-,-,-,-,-,-,-,13192,-,Plantae,Magnoliopsida,http://www.environment.gov.au/cgi-bin/sprat/public/publicspecies.pl?taxon_id=13192,2026-Aug-28,https://id.biodiversity.org.au/name/apni/91029,Myrtaceae,Melaleuca,kunzeoides,-,-,Byrnes,-
Melaleuca sciotostyla,Wongan Melaleuca,-,Endangered,-,-,-,-,-,-,-,Yes,-,-,-,-,-,-,-,-,-,24324,-,Plantae,Magnoliopsida,http://www.environment.gov.au/cgi-bin/sprat/public/publicspecies.pl?taxon_id=24324,2026-Aug-28,https://id.biodiversity.org.au/name/apni/111142,Myrtaceae,Melaleuca,sciotostyla,-,-,Barlow,-
Melaleuca sp. Wanneroo (G.J.Keighery 16705),-,-,Endangered,-,-,-,-,-,-,-,Yes,-,-,-,-,-,-,-,-,-,89456,-,Plantae,Magnoliopsida,http://www.environment.gov.au/cgi-bin/sprat/public/publicspecies.pl?taxon_id=89456,2026-Aug-28,https://id.biodiversity.org.au/name/apni/229117,Myrtaceae,Melaleuca,sp. Wanneroo (G.J.Keighery 16705),-,-,WA Herbarium,-
Melanodryas cucullata cucullata,"South-eastern Hooded Robin, Hooded Robin (south-eastern)",-,Endangered,Yes,Yes,-,Yes,Yes,-,Yes,-,-,-,-,-,-,-,-,-,-,67093,-,Animalia,Aves,http://www.environment.gov.au/cgi-bin/sprat/public/publicspecies.pl?taxon_id=67093,2026-Aug-28,-,Petroicidae,Melanodryas,cucullata,-,cucullata,"(Latham, 1802)",-
Melanodryas cucullata melvillensis,"Tiwi Islands Hooded Robin, Hooded Robin (Tiwi Islands)",-,Critically Endangered,-,-,Yes,-,-,-,-,-,-,-,-,-,-,-,-,-,-,67092,-,Animalia,Aves,http://www.environment.gov.au/cgi-bin/sprat/public/publicspecies.pl?taxon_id=67092,2026-Aug-28,-,Petroicidae,Melanodryas,cucullata,-,melvillensis,-,"(Zietz, 1914)"
Melanotaenia eachamensis,Lake Eacham Rainbowfish,-,Endangered,-,-,-,Yes,-,-,-,-,-,-,-,-,-,-,-,-,-,26185,-,Animalia,Actinopterygii,http://www.environment.gov.au/cgi-bin/sprat/public/publicspecies.pl?taxon_id=26185,2026-Aug-28,-,Melanotaeniidae,Melanotaenia,eachamensis,-,-,"Allen  Cross, 1982",-
Melanotaenia sp. nov. 'Malanda',Malanda Rainbowfish,-,Critically Endangered,-,-,-,Yes,-,-,-,-,-,-,-,-,-,-,-,-,-,89880,-,Animalia,Actinopterygii,http://www.environment.gov.au/cgi-bin/sprat/public/publicspecies.pl?taxon_id=89880,2026-Aug-28,-,Melanotaeniidae,Melanotaenia,sp. nov. 'Malanda',-,-,-,-
Melanotaenia sp. nov. 'Running River',Running River Rainbowfish,-,Critically Endangered,-,-,-,Yes,-,-,-,-,-,-,-,-,-,-,-,-,-,90734,-,Animalia,Actinopterygii,http://www.environment.gov.au/cgi-bin/sprat/public/publicspecies.pl?taxon_id=90734,2026-Aug-28,-,Melanotaeniidae,Melanotaenia,sp. nov. 'Running River',-,-,-,-
Melichrus gibberagee,Narrow-leaf Melichrus,-,Critically Endangered,-,Yes,-,-,-,-,-,-,-,-,-,-,-,-,-,-,-,91558,-,Plantae,Magnoliopsida,http://www.environment.gov.au/cgi-bin/sprat/public/publicspecies.pl?taxon_id=91558,2026-Aug-28,https://id.biodiversity.org.au/name/apni/51381018,Ericaceae,Melichrus,gibberagee,-,-,J.B.Williams ex H.T.Kenn.  J.J.Bruhl,-
Melichrus sp. Newfoundland State Forest (P.Gilmour 7852),Hairy Melichrus,Melichrus hirsutus,Endangered,-,Yes,-,-,-,-,-,-,-,-,-,-,-,-,-,-,-,82048,91559,Plantae,Magnoliopsida,http://www.environment.gov.au/cgi-bin/sprat/public/publicspecies.pl?taxon_id=82048,2026-Aug-28,https://id.biodiversity.org.au/name/apni/194638,Epacridaceae,Melichrus,sp. Newfoundland State Forest (P.Gilmour 7852),-,-,-,-
Melicope littoralis,Shade Tree,-,Vulnerable,-,-,-,-,-,-,-,-,-,-,-,-,-,Yes,-,-,-,22042,-,Plantae,Magnoliopsida,http://www.environment.gov.au/cgi-bin/sprat/public/publicspecies.pl?taxon_id=22042,2026-Aug-28,https://id.biodiversity.org.au/name/apni/117564,Rutaceae,Melicope,littoralis,-,-,(Endl.) T.G.Hartley,-
Melicytus latifolius,Norfolk Island Mahoe,-,Critically Endangered,-,-,-,-,-,-,-,-,-,-,-,-,-,Yes,-,-,-,56677,-,Plantae,Magnoliopsida,http://www.environment.gov.au/cgi-bin/sprat/public/publicspecies.pl?taxon_id=56677,2026-Aug-28,https://id.biodiversity.org.au/name/apni/119244,Violaceae,Melicytus,latifolius,-,-,(Endl.) P.S.Green,-
Melicytus ramiflorus subsp. oblongifolius,"Whiteywood, a tree",-,Vulnerable,-,-,-,-,-,-,-,-,-,-,-,-,-,Yes,-,-,-,56680,-,Plantae,Magnoliopsida,http://www.environment.gov.au/cgi-bin/sprat/public/publicspecies.pl?taxon_id=56680,2026-Aug-28,https://id.biodiversity.org.au/name/apni/119247,Violaceae,Melicytus,ramiflorus,subsp.,oblongifolius,-,(Cunn.) P.S.Green
Melithreptus brevirostris magnirostris,Kangaroo Island Brown-headed Honeyeater,-,Endangered,-,-,-,-,Yes,-,-,-,-,-,-,-,-,-,-,-,-,80453,-,Animalia,Aves,http://www.environment.gov.au/cgi-bin/sprat/public/publicspecies.pl?taxon_id=80453,2026-Aug-28,-,Meliphagidae,Melithreptus,brevirostris,-,magnirostris,-,"North, 1905"
Melomys rubicola,Bramble Cay Melomys,-,Extinct,-,-,-,Yes,-,-,-,-,-,-,-,-,-,-,-,-,-,64477,-,Animalia,Mammalia,http://www.environment.gov.au/cgi-bin/sprat/public/publicspecies.pl?taxon_id=64477,2026-Aug-28,-,Muridae,Melomys,rubicola,-,-,-,-
Meridolum maryae,Maroubra Woodland Snail,Sauroconcha maryae,Endangered,-,Yes,-,-,-,-,-,-,-,-,-,-,-,-,-,-,-,89884,94808,Animalia,Gastropoda,http://www.environment.gov.au/cgi-bin/sprat/public/publicspecies.pl?taxon_id=89884,2026-Aug-28,-,Camaenidae,Meridolum,maryae,-,-,"Clark, 2009",-
Meryta angustifolia,Narrow-leaved Meryta,-,Vulnerable,-,-,-,-,-,-,-,-,-,-,-,-,-,Yes,-,-,-,65881,-,Plantae,Magnoliopsida,http://www.environment.gov.au/cgi-bin/sprat/public/publicspecies.pl?taxon_id=65881,2026-Aug-28,https://id.biodiversity.org.au/name/apni/172123,Araliaceae,Meryta,angustifolia,-,-,(Endl.) Seem.,-
Meryta latifolia,"Shade Tree, Broad-leaved Meryta",-,Critically Endangered,-,-,-,-,-,-,-,-,-,-,-,-,-,Yes,-,-,-,65882,-,Plantae,Magnoliopsida,http://www.environment.gov.au/cgi-bin/sprat/public/publicspecies.pl?taxon_id=65882,2026-Aug-28,https://id.biodiversity.org.au/name/apni/159456,Araliaceae,Meryta,latifolia,-,-,(Endl.) Seem.,-
Mesembriomys gouldii gouldii,"Black-footed Tree-rat (Kimberley and mainland Northern Territory), Djintamoonga, Manbul",-,Endangered,-,-,Yes,-,-,-,-,Yes,-,-,-,-,-,-,-,-,-,87618,-,Animalia,Mammalia,http://www.environment.gov.au/cgi-bin/sprat/public/publicspecies.pl?taxon_id=87618,2026-Aug-28,-,Muridae,Mesembriomys,gouldii,-,gouldii,"(J.E. Gray, 1843)",-
Mesembriomys gouldii melvillensis,Black-footed Tree-rat (Melville Island),-,Vulnerable,-,-,Yes,-,-,-,-,-,-,-,-,-,-,-,-,-,-,87619,-,Animalia,Mammalia,http://www.environment.gov.au/cgi-bin/sprat/public/publicspecies.pl?taxon_id=87619,2026-Aug-28,-,Muridae,Mesembriomys,gouldii,-,melvillensis,-,"Hayman, 1936"
Mesembriomys gouldii rattoides,"Black-footed Tree-rat (north Queensland), Shaggy Rabbit-rat",-,Vulnerable,-,-,-,Yes,-,-,-,-,-,-,-,-,-,-,-,-,-,87620,-,Animalia,Mammalia,http://www.environment.gov.au/cgi-bin/sprat/public/publicspecies.pl?taxon_id=87620,2026-Aug-28,-,Muridae,Mesembriomys,gouldii,-,rattoides,-,"Thomas, 1924"
Mesodontrachia fitzroyana,Fitzroy Land Snail,-,Endangered,-,-,Yes,-,-,-,-,-,-,-,-,-,-,-,-,-,-,79111,-,Animalia,Gastropoda,http://www.environment.gov.au/cgi-bin/sprat/public/publicspecies.pl?taxon_id=79111,2026-Aug-28,-,Camaenidae,Mesodontrachia,fitzroyana,-,-,"Solem, 1985",-
Microcarpaea agonis,-,-,Endangered,-,-,-,Yes,-,-,-,-,-,-,-,-,-,-,-,-,-,64933,-,Plantae,Magnoliopsida,http://www.environment.gov.au/cgi-bin/sprat/public/publicspecies.pl?taxon_id=64933,2026-Aug-28,https://id.biodiversity.org.au/name/apni/180461,Scrophulariaceae,Microcarpaea,agonis,-,-,A.R.Bean,-
Microcorys eremophiloides,Wongan Microcorys,-,Vulnerable,-,-,-,-,-,-,-,Yes,-,-,-,-,-,-,-,-,-,3498,-,Plantae,Magnoliopsida,http://www.environment.gov.au/cgi-bin/sprat/public/publicspecies.pl?taxon_id=3498,2026-Aug-28,https://id.biodiversity.org.au/name/apni/71877,Lamiaceae,Microcorys,eremophiloides,-,-,Kenneally,-
Microlepidium alatum,-,-,Vulnerable,-,-,-,-,Yes,-,-,-,-,-,-,-,-,-,-,-,-,13711,-,Plantae,Magnoliopsida,http://www.environment.gov.au/cgi-bin/sprat/public/publicspecies.pl?taxon_id=13711,2026-Aug-28,https://id.biodiversity.org.au/name/apni/72571,Brassicaceae,Microlepidium,alatum,-,-,(J.M.Black) E.Shaw,-
Micromyrtus blakelyi,-,-,Vulnerable,-,Yes,-,-,-,-,-,-,-,-,-,-,-,-,-,-,-,6870,-,Plantae,Magnoliopsida,http://www.environment.gov.au/cgi-bin/sprat/public/publicspecies.pl?taxon_id=6870,2026-Aug-28,https://id.biodiversity.org.au/name/apni/72793,Myrtaceae,Micromyrtus,blakelyi,-,-,J.Green,-
Micromyrtus grandis,-,-,Endangered,-,Yes,-,-,-,-,-,-,-,-,-,-,-,-,-,-,-,64647,-,Plantae,Magnoliopsida,http://www.environment.gov.au/cgi-bin/sprat/public/publicspecies.pl?taxon_id=64647,2026-Aug-28,https://id.biodiversity.org.au/name/apni/154607,Myrtaceae,Micromyrtus,grandis,-,-,J.T.Hunter,-
Micromyrtus minutiflora,-,-,Vulnerable,-,Yes,-,-,-,-,-,-,-,-,-,-,-,-,-,-,-,11485,-,Plantae,Magnoliopsida,http://www.environment.gov.au/cgi-bin/sprat/public/publicspecies.pl?taxon_id=11485,2026-Aug-28,https://id.biodiversity.org.au/name/apni/73020,Myrtaceae,Micromyrtus,minutiflora,-,-,Benth.,-
Micropathus kiernani,"Francistown Cave Cricket, Southern sandstone cave cricket",-,Critically Endangered,-,-,-,-,-,Yes,-,-,-,-,-,-,-,-,-,-,-,82084,-,Animalia,Insecta,http://www.environment.gov.au/cgi-bin/sprat/public/publicspecies.pl?taxon_id=82084,2026-Aug-28,-,Rhaphidophoridae,Micropathus,kiernani,-,-,"Richards, 1974",-
Microtis angusii,Angus's Onion Orchid,-,Endangered,-,Yes,-,-,-,-,-,-,-,-,-,-,-,-,-,-,-,64530,-,Plantae,Liliopsida,http://www.environment.gov.au/cgi-bin/sprat/public/publicspecies.pl?taxon_id=64530,2026-Aug-28,https://id.biodiversity.org.au/name/apni/154608,Orchidaceae,Microtis,angusii,-,-,D.L.Jones,-
Microtis globula,South-Coast Mignonette Orchid,-,Vulnerable,-,-,-,-,-,-,-,Yes,-,-,-,-,-,-,-,-,-,6780,-,Plantae,Liliopsida,http://www.environment.gov.au/cgi-bin/sprat/public/publicspecies.pl?taxon_id=6780,2026-Aug-28,https://id.biodiversity.org.au/name/apni/73940,Orchidaceae,Microtis,globula,-,-,R.Bates,-
Milyeringa justitia,Barrow Cave Gudgeon,-,Endangered,-,-,-,-,-,-,-,Yes,-,-,-,-,-,-,-,-,-,86867,-,Animalia,Actinopterygii,http://www.environment.gov.au/cgi-bin/sprat/public/publicspecies.pl?taxon_id=86867,2026-Aug-28,-,Eleotridae,Milyeringa,justitia,-,-,"Larson  Foster, 2013",-
Milyeringa veritas,"Cape Range Cave Gudgeon, Blind Gudgeon",-,Vulnerable,-,-,-,-,-,-,-,Yes,-,-,-,-,-,-,-,-,-,66676,-,Animalia,Actinopterygii,http://www.environment.gov.au/cgi-bin/sprat/public/publicspecies.pl?taxon_id=66676,2026-Aug-28,-,Eleotridae,Milyeringa,veritas,-,-,"Whitley, 1945",-
Miniopterus orianae bassanii,Southern Bent-wing Bat,-,Critically Endangered,-,-,-,-,Yes,-,Yes,-,-,-,-,-,-,-,-,-,-,87645,-,Animalia,Mammalia,http://www.environment.gov.au/cgi-bin/sprat/public/publicspecies.pl?taxon_id=87645,2026-Aug-28,-,Miniopteridae,Miniopterus,orianae,-,bassanii,-,"Cardinal  Christidis, 2000"
Minuria tridens,Minnie Daisy,-,Vulnerable,-,-,Yes,-,-,-,-,Yes,-,-,-,-,-,-,-,-,-,13753,-,Plantae,Magnoliopsida,http://www.environment.gov.au/cgi-bin/sprat/public/publicspecies.pl?taxon_id=13753,2026-Aug-28,https://id.biodiversity.org.au/name/apni/90676,Asteraceae,Minuria,tridens,-,-,(D.Cooke) Lander,-
Mirafra javanica melvillensis,Horsfield's Bushlark (Tiwi Islands),-,Vulnerable,-,-,Yes,-,-,-,-,-,-,-,-,-,-,-,-,-,-,81011,-,Animalia,Aves,http://www.environment.gov.au/cgi-bin/sprat/public/publicspecies.pl?taxon_id=81011,2026-Aug-28,-,Alaudidae,Mirafra,javanica,-,melvillensis,-,"Mathews, 1912"
Mirounga leonina,Southern Elephant Seal,-,Vulnerable,-,-,-,-,Yes,Yes,-,-,-,-,-,-,-,-,Yes,Yes,Yes,26,-,Animalia,Mammalia,http://www.environment.gov.au/cgi-bin/sprat/public/publicspecies.pl?taxon_id=26,2026-Aug-28,-,Phocidae,Mirounga,leonina,-,-,"(Linnaeus,1758)",-
Mitrantia bilocularis,-,-,Critically Endangered,-,-,-,Yes,-,-,-,-,-,-,-,-,-,-,-,-,-,8269,-,Plantae,Magnoliopsida,http://www.environment.gov.au/cgi-bin/sprat/public/publicspecies.pl?taxon_id=8269,2026-Aug-28,https://id.biodiversity.org.au/name/apni/116141,Myrtaceae,Mitrantia,bilocularis,-,-,Peter G.Wilson  B.Hyland,-
Mitrella tiwiensis,a vine,-,Vulnerable,-,-,Yes,-,-,-,-,-,-,-,-,-,-,-,-,-,-,82029,-,Plantae,Magnoliopsida,http://www.environment.gov.au/cgi-bin/sprat/public/publicspecies.pl?taxon_id=82029,2026-Aug-28,https://id.biodiversity.org.au/name/apni/202219,Annonaceae,Mitrella,tiwiensis,-,-,Jessup  Bygrave,-
Mixophyes balbus,"Stuttering Frog, Southern Barred Frog (in Victoria)",-,Vulnerable,-,Yes,-,Yes,-,-,Yes,-,-,-,-,-,-,-,-,-,-,1942,-,Animalia,Amphibia,http://www.environment.gov.au/cgi-bin/sprat/public/publicspecies.pl?taxon_id=1942,2026-Aug-28,-,Myobatrachidae,Mixophyes,balbus,-,-,"Straughan, 1968",-
Mixophyes fleayi,Fleay's Frog,-,Endangered,-,Yes,-,Yes,-,-,-,-,-,-,-,-,-,-,-,-,-,25960,-,Animalia,Amphibia,http://www.environment.gov.au/cgi-bin/sprat/public/publicspecies.pl?taxon_id=25960,2026-Aug-28,-,Myobatrachidae,Mixophyes,fleayi,-,-,"Corben and Ingram,1987",-
Mixophyes iteratus,"Giant Barred Frog, Southern Barred Frog",-,Vulnerable,-,Yes,-,Yes,-,-,-,-,-,-,-,-,-,-,-,-,-,1944,-,Animalia,Amphibia,http://www.environment.gov.au/cgi-bin/sprat/public/publicspecies.pl?taxon_id=1944,2026-Aug-28,-,Myobatrachidae,Mixophyes,iteratus,-,-,"Straughan,1968",-
Moggridgea rainbowi,Kangaroo Island Micro-trapdoor Spider,-,Endangered,-,-,-,-,Yes,-,-,-,-,-,-,-,-,-,-,-,-,90906,-,Animalia,Arachnida,http://www.environment.gov.au/cgi-bin/sprat/public/publicspecies.pl?taxon_id=90906,2026-Aug-28,-,Migidae,Moggridgea,rainbowi,-,-,"(Pulleine, 1919)",-
Mogurnda adspersa (Murray-Darling Basin population),Southern Purple Spotted Gudgeon (Murray-Darling Basin population),-,Endangered,-,Yes,-,Yes,Yes,-,Yes,-,-,-,-,-,-,-,-,-,-,94623,-,Animalia,Actinopterygii,http://www.environment.gov.au/cgi-bin/sprat/public/publicspecies.pl?taxon_id=94623,2026-Aug-28,-,Eleotridae,Mogurnda,adspersa (Murray-Darling Basin population),-,-,-,-
Mogurnda clivicola,Flinders Ranges Mogurnda,-,Endangered,-,-,-,Yes,Yes,-,-,-,-,-,-,-,-,-,-,-,-,66693,-,Animalia,Actinopterygii,http://www.environment.gov.au/cgi-bin/sprat/public/publicspecies.pl?taxon_id=66693,2026-Aug-28,-,Eleotridae,Mogurnda,clivicola,-,-,"Allen  Jenkins, 1999",-
Mogurnda thermophila,"Dalhousie Mogurnda, Dalhousie Purple-spotted Gudgeon",-,Critically Endangered,-,-,-,-,Yes,-,-,-,-,-,-,-,-,-,-,-,-,81364,-,Animalia,Actinopterygii,http://www.environment.gov.au/cgi-bin/sprat/public/publicspecies.pl?taxon_id=81364,2026-Aug-28,-,Eleotridae,Mogurnda,thermophila,-,-,"Allen  Jenkins, 1999",-
Monogramma dareicarpa,Grass Fern,Haplopteris dareicarpa,Extinct,-,-,-,Yes,-,-,-,-,-,-,-,-,-,-,-,-,-,24618,90430,Plantae,Polypodiatae,http://www.environment.gov.au/cgi-bin/sprat/public/publicspecies.pl?taxon_id=24618,2026-Aug-28,https://id.biodiversity.org.au/name/apni/98245,Pteridaceae,Monogramma,dareicarpa,-,-,Hook.,-
Monotoca rotundifolia,Trailing Monotoca,-,Endangered,-,Yes,-,-,-,-,Yes,-,-,-,-,-,-,-,-,-,-,7719,-,Plantae,Magnoliopsida,http://www.environment.gov.au/cgi-bin/sprat/public/publicspecies.pl?taxon_id=7719,2026-Aug-28,https://id.biodiversity.org.au/name/apni/99631,Ericaceae,Monotoca,rotundifolia,-,-,J.H.Willis,-
Mordacia praecox,"Non-parasitic Lamprey, Precocious Lamprey",-,Endangered,-,Yes,-,Yes,-,-,Yes,-,-,-,-,-,-,-,-,-,-,81530,-,Animalia,Cephalaspidomorphi,http://www.environment.gov.au/cgi-bin/sprat/public/publicspecies.pl?taxon_id=81530,2026-Aug-28,-,Mordaciidae,Mordacia,praecox,-,-,"Potter, 1968",-
Muehlenbeckia australis,"Shrubby Creeper, Pohuehue",-,Endangered,-,-,-,-,-,-,-,-,-,-,-,-,-,Yes,-,-,-,68510,-,Plantae,Magnoliopsida,http://www.environment.gov.au/cgi-bin/sprat/public/publicspecies.pl?taxon_id=68510,2026-Aug-28,https://id.biodiversity.org.au/name/apni/126107,Polygonaceae,Muehlenbeckia,australis,-,-,(G.Forst.) Meisn.,-
Muehlenbeckia tuggeranong,Tuggeranong Lignum,-,Endangered,Yes,-,-,-,-,-,-,-,-,-,-,-,-,-,-,-,-,64934,-,Plantae,Magnoliopsida,http://www.environment.gov.au/cgi-bin/sprat/public/publicspecies.pl?taxon_id=64934,2026-Aug-28,https://id.biodiversity.org.au/name/apni/161635,Polygonaceae,Muehlenbeckia,tuggeranong,-,-,Mallinson,-
Musa fitzalanii,Daintree's River Banana,-,Extinct,-,-,-,Yes,-,-,-,-,-,-,-,-,-,-,-,-,-,7200,-,Plantae,Liliopsida,http://www.environment.gov.au/cgi-bin/sprat/public/publicspecies.pl?taxon_id=7200,2026-Aug-28,https://id.biodiversity.org.au/name/apni/64539,Musaceae,Musa,fitzalanii,-,-,F.Muell.,-
Myoporum cordifolium,Jerramungup Myoporum,-,Vulnerable,-,-,-,-,-,-,-,Yes,-,-,-,-,-,-,-,-,-,24223,-,Plantae,Magnoliopsida,http://www.environment.gov.au/cgi-bin/sprat/public/publicspecies.pl?taxon_id=24223,2026-Aug-28,https://id.biodiversity.org.au/name/apni/88396,Scrophulariaceae,Myoporum,cordifolium,-,-,(F.Muell.) Druce,-
Myoporum obscurum,"Popwood, Sandalwood",-,Critically Endangered,-,-,-,-,-,-,-,-,-,-,-,-,-,Yes,-,-,-,50255,-,Plantae,Magnoliopsida,http://www.environment.gov.au/cgi-bin/sprat/public/publicspecies.pl?taxon_id=50255,2026-Aug-28,https://id.biodiversity.org.au/name/apni/106062,Scrophulariaceae,Myoporum,obscurum,-,-,Endl.,-
Myriocephalus nudus,-,-,Extinct,-,-,-,-,-,-,-,Yes,-,-,-,-,-,-,-,-,-,18695,-,Plantae,Magnoliopsida,http://www.environment.gov.au/cgi-bin/sprat/public/publicspecies.pl?taxon_id=18695,2026-Aug-28,https://id.biodiversity.org.au/name/apni/107741,Asteraceae,Myriocephalus,nudus,-,-,A.Gray,-
Myriophyllum coronatum,-,-,Vulnerable,-,-,-,Yes,-,-,-,-,-,-,-,-,-,-,-,-,-,8230,-,Plantae,Magnoliopsida,http://www.environment.gov.au/cgi-bin/sprat/public/publicspecies.pl?taxon_id=8230,2026-Aug-28,https://id.biodiversity.org.au/name/apni/108775,Haloragaceae,Myriophyllum,coronatum,-,-,Meijden,-
Myriophyllum lapidicola,Chiddarcooping Myriophyllum,-,Endangered,-,-,-,-,-,-,-,Yes,-,-,-,-,-,-,-,-,-,55940,-,Plantae,Magnoliopsida,http://www.environment.gov.au/cgi-bin/sprat/public/publicspecies.pl?taxon_id=55940,2026-Aug-28,https://id.biodiversity.org.au/name/apni/118400,Haloragaceae,Myriophyllum,lapidicola,-,-,Orchard,-
Myriophyllum porcatum,Ridged Water-milfoil,-,Vulnerable,-,-,-,-,-,-,Yes,-,-,-,-,-,-,-,-,-,-,19919,-,Plantae,Magnoliopsida,http://www.environment.gov.au/cgi-bin/sprat/public/publicspecies.pl?taxon_id=19919,2026-Aug-28,https://id.biodiversity.org.au/name/apni/71292,Haloragaceae,Myriophyllum,porcatum,-,-,Orch.,-
Myrmecobius fasciatus,Numbat,-,Endangered,-,Yes,Yes,-,Yes,-,-,Yes,-,-,-,-,-,-,-,-,-,294,-,Animalia,Mammalia,http://www.environment.gov.au/cgi-bin/sprat/public/publicspecies.pl?taxon_id=294,2026-Aug-28,-,Myrmecobiidae,Myrmecobius,fasciatus,-,-,"Waterhouse,1836",-
Myrmecodia beccarii,Ant Plant,-,Vulnerable,-,-,-,Yes,-,-,-,-,-,-,-,-,-,-,-,-,-,11852,-,Plantae,Magnoliopsida,http://www.environment.gov.au/cgi-bin/sprat/public/publicspecies.pl?taxon_id=11852,2026-Aug-28,https://id.biodiversity.org.au/name/apni/86142,Rubiaceae,Myrmecodia,beccarii,-,-,J.D.Hook.,-
Myrsine ralstoniae,Beech,-,Vulnerable,-,-,-,-,-,-,-,-,-,-,-,-,-,Yes,-,-,-,83889,-,Plantae,Magnoliopsida,http://www.environment.gov.au/cgi-bin/sprat/public/publicspecies.pl?taxon_id=83889,2026-Aug-28,https://id.biodiversity.org.au/name/apni/203398,Primulaceae,Myrsine,ralstoniae,-,-,(P.S.Green) Jackes,-
Myrsine richmondensis,"Purple-leaf Muttonwood, Lismore Muttonwood",-,Endangered,-,Yes,-,-,-,-,-,-,-,-,-,-,-,-,-,-,-,83888,-,Plantae,Magnoliopsida,http://www.environment.gov.au/cgi-bin/sprat/public/publicspecies.pl?taxon_id=83888,2026-Aug-28,https://id.biodiversity.org.au/name/apni/195939,Primulaceae,Myrsine,richmondensis,-,-,Jackes,-
Mystivagor mastersi,Masters' Charopid Land Snail,Pseudocharopa mastersi,Critically Endangered,-,Yes,-,-,-,-,-,-,-,-,-,-,-,-,-,-,-,81247,94813,Animalia,Gastropoda,http://www.environment.gov.au/cgi-bin/sprat/public/publicspecies.pl?taxon_id=81247,2026-Aug-28,-,Charopidae,Mystivagor,mastersi,-,-,"Brazier, 1872",-
Myuchelys belli,Western Sawshelled Turtle,Myuchelys bellii,Endangered,-,Yes,-,Yes,-,-,-,-,-,-,-,-,-,-,-,-,-,86075,92745,Animalia,Reptilia,http://www.environment.gov.au/cgi-bin/sprat/public/publicspecies.pl?taxon_id=86075,2026-Aug-28,-,Chelidae,Myuchelys,belli,-,-,"(Gray, 1844)",-
Myuchelys purvisi,"Manning River Saw-Shelled Turtle, Purvis' Turtle",-,Endangered,-,Yes,-,-,-,-,-,-,-,-,-,-,-,-,-,-,-,89459,-,Animalia,Reptilia,http://www.environment.gov.au/cgi-bin/sprat/public/publicspecies.pl?taxon_id=89459,2026-Aug-28,-,Chelidae,Myuchelys,purvisi,-,-,"(Wells  Wellington, 1985)",-
Nangura spinosa,Nangur Spiny Skink,-,Critically Endangered,-,-,-,Yes,-,-,-,-,-,-,-,-,-,-,-,-,-,59550,-,Animalia,Reptilia,http://www.environment.gov.au/cgi-bin/sprat/public/publicspecies.pl?taxon_id=59550,2026-Aug-28,-,Scincidae,Nangura,spinosa,-,-,"Covacevich, Couper and James,1993",-
Nannatherina balstoni,Balston's Pygmy Perch,-,Vulnerable,-,-,-,-,-,-,-,Yes,-,-,-,-,-,-,-,-,-,66698,-,Animalia,Actinopterygii,http://www.environment.gov.au/cgi-bin/sprat/public/publicspecies.pl?taxon_id=66698,2026-Aug-28,-,Nannopercidae,Nannatherina,balstoni,-,-,"Regan, 1906",-
Nannoperca australis Murray-Darling Basin lineage,Southern Pygmy Perch (Murray-Darling Basin lineage),-,Vulnerable,-,Yes,-,-,Yes,-,Yes,-,-,-,-,-,-,-,-,-,-,91711,-,Animalia,Actinopterygii,http://www.environment.gov.au/cgi-bin/sprat/public/publicspecies.pl?taxon_id=91711,2026-Aug-28,-,Percichthyidae,Nannoperca,australis Murray-Darling Basin lineage,-,-,-,-
Nannoperca obscura,Yarra Pygmy Perch,-,Endangered,-,-,-,-,Yes,-,Yes,-,-,-,-,-,-,-,-,-,-,26177,-,Animalia,Actinopterygii,http://www.environment.gov.au/cgi-bin/sprat/public/publicspecies.pl?taxon_id=26177,2026-Aug-28,-,Percichthyidae,Nannoperca,obscura,-,-,"(Klunzinger, 1872)",-
Nannoperca oxleyana,Oxleyan Pygmy Perch,-,Endangered,-,Yes,-,Yes,-,-,-,-,-,-,-,-,-,-,-,-,-,64468,-,Animalia,Actinopterygii,http://www.environment.gov.au/cgi-bin/sprat/public/publicspecies.pl?taxon_id=64468,2026-Aug-28,-,Percichthyidae,Nannoperca,oxleyana,-,-,"Whitley, 1940",-
Nannoperca pygmaea,Little Pygmy Perch,-,Endangered,-,-,-,-,-,-,-,Yes,-,-,-,-,-,-,-,-,-,88315,-,Animalia,Actinopterygii,http://www.environment.gov.au/cgi-bin/sprat/public/publicspecies.pl?taxon_id=88315,2026-Aug-28,-,Percichthyidae,Nannoperca,pygmaea,-,-,"Morgan, Beatty  Adams 2013",-
Nannoperca variegata,"Variegated Pygmy Perch, Ewens Pygmy Perch, Golden Pygmy Perch",-,Vulnerable,-,-,-,-,Yes,-,Yes,-,-,-,-,-,-,-,-,-,-,26178,-,Animalia,Actinopterygii,http://www.environment.gov.au/cgi-bin/sprat/public/publicspecies.pl?taxon_id=26178,2026-Aug-28,-,Percichthyidae,Nannoperca,variegata,-,-,"Kuiter  Allen, 1986",-
Natator depressus,Flatback Turtle,-,Vulnerable,-,Yes,Yes,Yes,-,-,-,Yes,Yes,Yes,Yes,Yes,Yes,Yes,-,-,Yes,59257,-,Animalia,Reptilia,http://www.environment.gov.au/cgi-bin/sprat/public/publicspecies.pl?taxon_id=59257,2026-Aug-28,-,Cheloniidae,Natator,depressus,-,-,"(Garman,1880)",-
Neisosperma kilneri,-,-,Vulnerable,-,-,-,Yes,-,-,-,-,-,-,-,-,-,-,-,-,-,14319,-,Plantae,Magnoliopsida,http://www.environment.gov.au/cgi-bin/sprat/public/publicspecies.pl?taxon_id=14319,2026-Aug-28,https://id.biodiversity.org.au/name/apni/78157,Apocynaceae,Neisosperma,kilneri,-,-,(F.Muell.) Fosb.  Sachet,-
Nematoceras dienemum,Windswept Helmet-orchid,Corybas dienemus,Critically Endangered,-,-,-,-,-,Yes,-,-,-,-,-,-,-,-,-,-,-,81970,68807,Plantae,Liliopsida,http://www.environment.gov.au/cgi-bin/sprat/public/publicspecies.pl?taxon_id=81970,2026-Aug-28,https://id.biodiversity.org.au/name/apni/206060,Orchidaceae,Nematoceras,dienemum,-,-,"(D.L.Jones) D.L.Jones, M.A.Clem.  Molloy",-
Nematolepis frondosa,Leafy Nematolepis,-,Critically Endangered,-,-,-,-,-,-,Yes,-,-,-,-,-,-,-,-,-,-,64935,-,Plantae,Magnoliopsida,http://www.environment.gov.au/cgi-bin/sprat/public/publicspecies.pl?taxon_id=64935,2026-Aug-28,https://id.biodiversity.org.au/name/apni/164694,Rutaceae,Nematolepis,frondosa,-,-,(N.G.Walsh  Albr.) Paul G. Wilson,-
Nematolepis rhytidophylla,-,-,Critically Endangered,-,Yes,-,-,-,-,-,-,-,-,-,-,-,-,-,-,-,64936,-,Plantae,Magnoliopsida,http://www.environment.gov.au/cgi-bin/sprat/public/publicspecies.pl?taxon_id=64936,2026-Aug-28,https://id.biodiversity.org.au/name/apni/154747,Rutaceae,Nematolepis,rhytidophylla,-,-,(Albr.  N.G.Walsh) Paul G. Wilson,-
Nematolepis squamea subsp. coriacea,Harsh Nematolepis,-,Vulnerable,-,-,-,-,-,-,Yes,-,-,-,-,-,-,-,-,-,-,64937,-,Plantae,Magnoliopsida,http://www.environment.gov.au/cgi-bin/sprat/public/publicspecies.pl?taxon_id=64937,2026-Aug-28,https://id.biodiversity.org.au/name/apni/164698,Rutaceae,Nematolepis,squamea,subsp.,coriacea,(Paul G.Wilson) Paul G.Wilson,-
Nematolepis wilsonii,Shiny Nematolepis,-,Vulnerable,-,-,-,-,-,-,Yes,-,-,-,-,-,-,-,-,-,-,64938,-,Plantae,Magnoliopsida,http://www.environment.gov.au/cgi-bin/sprat/public/publicspecies.pl?taxon_id=64938,2026-Aug-28,https://id.biodiversity.org.au/name/apni/164700,Rutaceae,Nematolepis,wilsonii,-,-,(N.G.Walsh  Albr.) Paul G.Wilson,-
Neoastelia spectabilis,-,-,Vulnerable,-,Yes,-,-,-,-,-,-,-,-,-,-,-,-,-,-,-,6404,-,Plantae,Liliopsida,http://www.environment.gov.au/cgi-bin/sprat/public/publicspecies.pl?taxon_id=6404,2026-Aug-28,https://id.biodiversity.org.au/name/apni/116200,Liliaceae,Neoastelia,spectabilis,-,-,J.Williams,-
Neoceratodus forsteri,"Australian Lungfish, Queensland Lungfish",-,Vulnerable,-,-,-,Yes,-,-,-,-,-,-,-,-,-,-,-,-,-,67620,-,Animalia,Sarcopterygii,http://www.environment.gov.au/cgi-bin/sprat/public/publicspecies.pl?taxon_id=67620,2026-Aug-28,-,Ceratodontidae,Neoceratodus,forsteri,-,-,"(Krefft, 1870)",-
Neochanna cleaveri,Australian Mudfish,-,Endangered,-,-,-,-,Yes,Yes,Yes,-,-,-,-,-,-,-,-,-,-,81515,-,Animalia,Actinopterygii,http://www.environment.gov.au/cgi-bin/sprat/public/publicspecies.pl?taxon_id=81515,2026-Aug-28,-,Galaxiidae,Neochanna,cleaveri,-,-,"(Scott, 1934)",-
Neochmia ruficauda ruficauda,"Star Finch (eastern), Star Finch (southern)",-,Endangered,-,Yes,-,Yes,-,-,-,-,-,-,-,-,-,-,-,-,-,26027,-,Animalia,Aves,http://www.environment.gov.au/cgi-bin/sprat/public/publicspecies.pl?taxon_id=26027,2026-Aug-28,-,Ploceidae,Neochmia,ruficauda,-,ruficauda,-,"(Gould, 1837)"
Neopasiphae simplicior,A native bee,-,Critically Endangered,-,-,-,-,-,-,-,Yes,-,-,-,-,-,-,-,-,-,66821,-,Animalia,Insecta,http://www.environment.gov.au/cgi-bin/sprat/public/publicspecies.pl?taxon_id=66821,2026-Aug-28,-,Colletidae,Neopasiphae,simplicior,-,-,"Michener, 1965",-
Neophema chrysogaster,Orange-bellied Parrot,-,Critically Endangered,-,Yes,-,-,Yes,Yes,Yes,-,-,-,-,-,Yes,-,-,-,Yes,747,-,Animalia,Aves,http://www.environment.gov.au/cgi-bin/sprat/public/publicspecies.pl?taxon_id=747,2026-Aug-28,-,Psittacidae,Neophema,chrysogaster,-,-,"(Latham,1790)",-
Neophema chrysostoma,Blue-winged Parrot,-,Vulnerable,Yes,Yes,Yes,Yes,Yes,Yes,Yes,-,-,-,-,-,-,-,-,-,-,726,-,Animalia,Aves,http://www.environment.gov.au/cgi-bin/sprat/public/publicspecies.pl?taxon_id=726,2026-Aug-28,-,Psittacidae,Neophema,chrysostoma,-,-,"(Kuhl,1820)",-
Neophoca cinerea,"Australian Sea-lion, Australian Sea Lion",-,Endangered,-,-,-,-,Yes,-,Yes,Yes,-,-,-,-,-,-,-,-,Yes,22,-,Animalia,Mammalia,http://www.environment.gov.au/cgi-bin/sprat/public/publicspecies.pl?taxon_id=22,2026-Aug-28,-,Otariidae,Neophoca,cinerea,-,-,"(Peron,1816)",-
Neoroepera buxifolia,-,-,Vulnerable,-,-,-,Yes,-,-,-,-,-,-,-,-,-,-,-,-,-,13375,-,Plantae,Magnoliopsida,http://www.environment.gov.au/cgi-bin/sprat/public/publicspecies.pl?taxon_id=13375,2026-Aug-28,https://id.biodiversity.org.au/name/apni/79833,Euphorbiaceae,Neoroepera,buxifolia,-,-,Muell.Arg.,-
Neosilurus gloveri,Dalhousie Catfish,-,Critically Endangered,-,-,-,-,Yes,-,-,-,-,-,-,-,-,-,-,-,-,81532,-,Animalia,Actinopterygii,http://www.environment.gov.au/cgi-bin/sprat/public/publicspecies.pl?taxon_id=81532,2026-Aug-28,-,Plotosidae,Neosilurus,gloveri,-,-,"Allen and Feinberg, 1998",-
Nereia lophocladia,marine brown alga,-,Endangered,-,Yes,-,-,-,Yes,Yes,-,-,-,-,-,-,-,-,-,-,84742,-,Plantae,Phaeophyceae,http://www.environment.gov.au/cgi-bin/sprat/public/publicspecies.pl?taxon_id=84742,2026-Aug-28,https://id.biodiversity.org.au/name/algae/20010034,Sporochnaceae,Nereia,lophocladia,-,-,J.Agardh,-
Nesoptilotis leucotis thomasi,Kangaroo Island White-eared Honeyeater,-,Endangered,-,-,-,-,Yes,-,-,-,-,-,-,-,-,-,-,-,-,86394,-,Animalia,Aves,http://www.environment.gov.au/cgi-bin/sprat/public/publicspecies.pl?taxon_id=86394,2026-Aug-28,-,Meliphagidae,Nesoptilotis,leucotis,-,thomasi,-,"(Mathews, 1912)"
Nestor productus,Norfolk Island Kaka,-,Extinct,-,-,-,-,-,-,-,-,-,-,-,-,-,Yes,-,-,-,25891,-,Animalia,Aves,http://www.environment.gov.au/cgi-bin/sprat/public/publicspecies.pl?taxon_id=25891,2026-Aug-28,-,Psittacidae,Nestor,productus,-,-,"(Gould, 1836)",-
Newcastelia velutina,-,-,Vulnerable,-,-,-,Yes,-,-,-,-,-,-,-,-,-,-,-,-,-,18434,-,Plantae,Magnoliopsida,http://www.environment.gov.au/cgi-bin/sprat/public/publicspecies.pl?taxon_id=18434,2026-Aug-28,https://id.biodiversity.org.au/name/apni/84460,Verbenaceae,Newcastelia,velutina,-,-,Munir,-
Ninox natalis,"Christmas Island Hawk-Owl, Christmas Boobook",-,Vulnerable,-,-,-,-,-,-,-,-,-,-,Yes,-,-,-,-,-,-,66671,-,Animalia,Aves,http://www.environment.gov.au/cgi-bin/sprat/public/publicspecies.pl?taxon_id=66671,2026-Aug-28,-,Strigidae,Ninox,natalis,-,-,"Lister, 1889",-
Ninox novaeseelandiae albaria,"Lord Howe Southern Boobook, Lord Howe Boobook Owl",-,Extinct,-,Yes,-,-,-,-,-,-,-,-,-,-,-,-,-,-,-,26043,-,Animalia,Aves,http://www.environment.gov.au/cgi-bin/sprat/public/publicspecies.pl?taxon_id=26043,2026-Aug-28,-,Strigidae,Ninox,novaeseelandiae,-,albaria,-,"(Ramsey, 1888)"
Ninox novaeseelandiae undulata,"Norfolk Island Boobook, Norfolk Island Morepork, Southern Boobook (Norfolk Island)",-,Endangered,-,-,-,-,-,-,-,-,-,-,-,-,-,Yes,-,-,-,26188,-,Animalia,Aves,http://www.environment.gov.au/cgi-bin/sprat/public/publicspecies.pl?taxon_id=26188,2026-Aug-28,-,Strigidae,Ninox,novaeseelandiae,-,undulata,-,"(Latham, 1801)"
Nitella parooensis,a green alga,-,Critically Endangered,-,Yes,-,-,-,-,-,-,-,-,-,-,-,-,-,-,-,89873,-,Plantae,Streptophyta (no class),http://www.environment.gov.au/cgi-bin/sprat/public/publicspecies.pl?taxon_id=89873,2026-Aug-28,https://id.biodiversity.org.au/name/algae/20241773,Characeae,Nitella,parooensis,-,-,M.T.Casanova  J.L.Porter,-
Notamacropus greyi,Toolache Wallaby,-,Extinct,-,-,-,-,Yes,-,Yes,-,-,-,-,-,-,-,-,-,-,89288,-,Animalia,Mammalia,http://www.environment.gov.au/cgi-bin/sprat/public/publicspecies.pl?taxon_id=89288,2026-Aug-28,-,Macropodidae,Notamacropus,greyi,-,-,"(Waterhouse, 1845)",-
Notamacropus parma,Parma Wallaby,-,Vulnerable,-,Yes,-,-,-,-,-,-,-,-,-,-,-,-,-,-,-,89289,-,Animalia,Mammalia,http://www.environment.gov.au/cgi-bin/sprat/public/publicspecies.pl?taxon_id=89289,2026-Aug-28,-,Macropodidae,Notamacropus,parma,-,-,"(Waterhouse, 1845)",-
Notechis scutatus ater,Krefft's Tiger Snake (Flinders Ranges),-,Vulnerable,-,-,-,-,Yes,-,-,-,-,-,-,-,-,-,-,-,-,82287,-,Animalia,Reptilia,http://www.environment.gov.au/cgi-bin/sprat/public/publicspecies.pl?taxon_id=82287,2026-Aug-28,-,Elapidae,Notechis,scutatus,-,ater,-,"(Krefft, 1866)"
Notelaea ipsviciensis,Cooneana Olive,Notelaea x ipsviciensis,Critically Endangered,-,-,-,Yes,-,-,-,-,-,-,-,-,-,-,-,-,-,81858,93460,Plantae,Magnoliopsida,http://www.environment.gov.au/cgi-bin/sprat/public/publicspecies.pl?taxon_id=81858,2026-Aug-28,https://id.biodiversity.org.au/name/apni/192146,Oleaceae,Notelaea,ipsviciensis,-,-,W.K..Harris,-
Notelaea lloydii,Lloyd's Olive,-,Vulnerable,-,-,-,Yes,-,-,-,-,-,-,-,-,-,-,-,-,-,15002,-,Plantae,Magnoliopsida,http://www.environment.gov.au/cgi-bin/sprat/public/publicspecies.pl?taxon_id=15002,2026-Aug-28,https://id.biodiversity.org.au/name/apni/95250,Oleaceae,Notelaea,lloydii,-,-,Guymer,-
Notomys amplus,"Short-tailed Hopping-mouse, Yoontoo",-,Extinct,-,-,Yes,-,Yes,-,-,Yes,-,-,-,-,-,-,-,-,-,122,-,Animalia,Mammalia,http://www.environment.gov.au/cgi-bin/sprat/public/publicspecies.pl?taxon_id=122,2026-Aug-28,-,Muridae,Notomys,amplus,-,-,"Brazenor, 1936",-
Notomys aquilo,"Northern Hopping-mouse, Woorrentinta",-,Endangered,-,-,Yes,Yes,-,-,-,-,-,-,-,-,-,-,-,-,-,123,-,Animalia,Mammalia,http://www.environment.gov.au/cgi-bin/sprat/public/publicspecies.pl?taxon_id=123,2026-Aug-28,-,Muridae,Notomys,aquilo,-,-,"Thomas,1921",-
Notomys fuscus,"Dusky Hopping-mouse, Wilkiniti",-,Vulnerable,-,Yes,Yes,Yes,Yes,-,-,-,-,-,-,-,-,-,-,-,-,125,-,Animalia,Mammalia,http://www.environment.gov.au/cgi-bin/sprat/public/publicspecies.pl?taxon_id=125,2026-Aug-28,-,Muridae,Notomys,fuscus,-,-,"(Jones,1925)",-
Notomys longicaudatus,"Long-tailed Hopping-mouse, Koolawa, Talamba",-,Extinct,-,Yes,Yes,-,Yes,-,-,Yes,-,-,-,-,-,-,-,-,-,126,-,Animalia,Mammalia,http://www.environment.gov.au/cgi-bin/sprat/public/publicspecies.pl?taxon_id=126,2026-Aug-28,-,Muridae,Notomys,longicaudatus,-,-,"(Gould, 1844)",-
Notomys macrotis,"Large-eared Hopping-mouse, Noompa, Big-eared Hopping-mouse",-,Extinct,-,-,-,-,-,-,-,Yes,-,-,-,-,-,-,-,-,-,101,-,Animalia,Mammalia,http://www.environment.gov.au/cgi-bin/sprat/public/publicspecies.pl?taxon_id=101,2026-Aug-28,-,Muridae,Notomys,macrotis,-,-,"Thomas, 1921",-
Notomys mordax,"Darling Downs Hopping-mouse, Payi",-,Extinct,-,Yes,-,Yes,-,-,-,-,-,-,-,-,-,-,-,-,-,103,-,Animalia,Mammalia,http://www.environment.gov.au/cgi-bin/sprat/public/publicspecies.pl?taxon_id=103,2026-Aug-28,-,Muridae,Notomys,mordax,-,-,"Thomas, 1922",-
Notomys robustus,"Broad-cheeked Hopping-mouse, Great Hopping-mouse",-,Extinct,-,-,-,-,Yes,-,-,-,-,-,-,-,-,-,-,-,-,87621,-,Animalia,Mammalia,http://www.environment.gov.au/cgi-bin/sprat/public/publicspecies.pl?taxon_id=87621,2026-Aug-28,-,Muridae,Notomys,robustus,-,-,"Mahoney, Smith  Medlin, 2007",-
Numenius madagascariensis,"Eastern Curlew, Far Eastern Curlew",-,Critically Endangered,-,Yes,Yes,Yes,Yes,Yes,Yes,Yes,Yes,-,-,Yes,Yes,Yes,-,-,Yes,847,-,Animalia,Aves,http://www.environment.gov.au/cgi-bin/sprat/public/publicspecies.pl?taxon_id=847,2026-Aug-28,-,Scolopacidae,Numenius,madagascariensis,-,-,"(Linnaeus,1766)",-
Nurus atlas,Atlas Rainforest Ground-beetle,-,Critically Endangered,-,Yes,-,-,-,-,-,-,-,-,-,-,-,-,-,-,-,83951,-,Animalia,Insecta,http://www.environment.gov.au/cgi-bin/sprat/public/publicspecies.pl?taxon_id=83951,2026-Aug-28,-,Carabidae,Nurus,atlas,-,-,"(Castelnau, 1867)",-
Nyctophilopython oenpelliensis,"Nawaran, Oenpelli Python, Oenpelli Rock Python",-,Vulnerable,-,-,Yes,-,-,-,-,-,-,-,-,-,-,-,-,-,-,92941,-,Animalia,Reptilia,http://www.environment.gov.au/cgi-bin/sprat/public/publicspecies.pl?taxon_id=92941,2026-Aug-28,-,Pythonidae,Nyctophilopython,oenpelliensis,-,-,"(Gow, 1977)",-
Nyctophilus corbeni,"Corben's Long-eared Bat, South-eastern Long-eared Bat",-,Vulnerable,-,Yes,-,Yes,Yes,-,Yes,-,-,-,-,-,-,-,-,-,-,83395,-,Animalia,Mammalia,http://www.environment.gov.au/cgi-bin/sprat/public/publicspecies.pl?taxon_id=83395,2026-Aug-28,-,Vespertilionidae,Nyctophilus,corbeni,-,-,"Parnaby, 2009",-
Nyctophilus howensis,"Lord Howe Long-eared Bat, Lord Howe Island Bat",-,Extinct,-,Yes,-,-,-,-,-,-,-,-,-,-,-,-,-,-,-,66869,-,Animalia,Mammalia,http://www.environment.gov.au/cgi-bin/sprat/public/publicspecies.pl?taxon_id=66869,2026-Aug-28,-,Vespertilionidae,Nyctophilus,howensis,-,-,"McKean,  1975",-
Oberonia attenuata,Mossman Fairy Orchid,-,Critically Endangered,-,-,-,Yes,-,-,-,-,-,-,-,-,-,-,-,-,-,5388,-,Plantae,Liliopsida,http://www.environment.gov.au/cgi-bin/sprat/public/publicspecies.pl?taxon_id=5388,2026-Aug-28,https://id.biodiversity.org.au/name/apni/82889,Orchidaceae,Oberonia,attenuata,-,-,Dockr.,-
Ochrosia moorei,Southern Ochrosia,-,Endangered,-,Yes,-,Yes,-,-,-,-,-,-,-,-,-,-,-,-,-,11350,-,Plantae,Magnoliopsida,http://www.environment.gov.au/cgi-bin/sprat/public/publicspecies.pl?taxon_id=11350,2026-Aug-28,https://id.biodiversity.org.au/name/apni/85016,Apocynaceae,Ochrosia,moorei,-,-,(F.Muell.) Benth.,-
Oedura lineata,Arcadia Velvet Gecko,-,Critically Endangered,-,-,-,Yes,-,-,-,-,-,-,-,-,-,-,-,-,-,91704,-,Animalia,Reptilia,http://www.environment.gov.au/cgi-bin/sprat/public/publicspecies.pl?taxon_id=91704,2026-Aug-28,-,Diplodactylidae,Oedura,lineata,-,-,"Hoskin, 2019",-
Ogyris subterrestris petrina,Arid Bronze Azure,Ogyris petrina,Critically Endangered,-,-,-,-,-,-,-,Yes,-,-,-,-,-,-,-,-,-,77743,94250,Animalia,Insecta,http://www.environment.gov.au/cgi-bin/sprat/public/publicspecies.pl?taxon_id=77743,2026-Aug-28,-,Lycaenidae,Ogyris,subterrestris,-,petrina,-,"Field, 1999"
Olax angulata,Minnie Waters Olax,-,Vulnerable,-,Yes,-,-,-,-,-,-,-,-,-,-,-,-,-,-,-,10666,-,Plantae,Magnoliopsida,http://www.environment.gov.au/cgi-bin/sprat/public/publicspecies.pl?taxon_id=10666,2026-Aug-28,https://id.biodiversity.org.au/name/apni/102603,Olacaceae,Olax,angulata,-,-,A.S.George,-
Olearia arckaringensis,Arckaringa Daisy,-,Endangered,-,-,-,-,Yes,-,-,-,-,-,-,-,-,-,-,-,-,86648,-,Plantae,Magnoliopsida,http://www.environment.gov.au/cgi-bin/sprat/public/publicspecies.pl?taxon_id=86648,2026-Aug-28,https://id.biodiversity.org.au/name/apni/216055,Asteraceae,Olearia,arckaringensis,-,-,P.J.Lang,-
Olearia astroloba,Marble Daisy-bush,-,Vulnerable,-,-,-,-,-,-,Yes,-,-,-,-,-,-,-,-,-,-,21881,-,Plantae,Magnoliopsida,http://www.environment.gov.au/cgi-bin/sprat/public/publicspecies.pl?taxon_id=21881,2026-Aug-28,https://id.biodiversity.org.au/name/apni/103627,Asteraceae,Olearia,astroloba,-,-,Lander  N.Walsh,-
Olearia cordata,-,-,Vulnerable,-,Yes,-,-,-,-,-,-,-,-,-,-,-,-,-,-,-,6710,-,Plantae,Magnoliopsida,http://www.environment.gov.au/cgi-bin/sprat/public/publicspecies.pl?taxon_id=6710,2026-Aug-28,https://id.biodiversity.org.au/name/apni/104018,Asteraceae,Olearia,cordata,-,-,Lander,-
Olearia flocktoniae,Dorrigo Daisy-bush,-,Endangered,-,Yes,-,-,-,-,-,-,-,-,-,-,-,-,-,-,-,2083,-,Plantae,Magnoliopsida,http://www.environment.gov.au/cgi-bin/sprat/public/publicspecies.pl?taxon_id=2083,2026-Aug-28,https://id.biodiversity.org.au/name/apni/104245,Asteraceae,Olearia,flocktoniae,-,-,Maiden  Betche,-
Olearia hygrophila,"Swamp Daisy, Water Daisy",-,Endangered,-,-,-,Yes,-,-,-,-,-,-,-,-,-,-,-,-,-,5631,-,Plantae,Magnoliopsida,http://www.environment.gov.au/cgi-bin/sprat/public/publicspecies.pl?taxon_id=5631,2026-Aug-28,https://id.biodiversity.org.au/name/apni/104803,Asteraceae,Olearia,hygrophila,-,-,(DC.) Benth.,-
Olearia macdonnellensis,-,-,Vulnerable,-,-,Yes,-,-,-,-,-,-,-,-,-,-,-,-,-,-,14180,-,Plantae,Magnoliopsida,http://www.environment.gov.au/cgi-bin/sprat/public/publicspecies.pl?taxon_id=14180,2026-Aug-28,https://id.biodiversity.org.au/name/apni/104962,Asteraceae,Olearia,macdonnellensis,-,-,D.A.Cooke,-
Olearia microdisca,Small-flowered Daisy-bush,-,Endangered,-,-,-,-,Yes,-,-,-,-,-,-,-,-,-,-,-,-,21465,-,Plantae,Magnoliopsida,http://www.environment.gov.au/cgi-bin/sprat/public/publicspecies.pl?taxon_id=21465,2026-Aug-28,https://id.biodiversity.org.au/name/apni/105016,Asteraceae,Olearia,microdisca,-,-,J.Black,-
Olearia oliganthema,-,-,Extinct,-,Yes,-,-,-,-,-,-,-,-,-,-,-,-,-,-,-,11592,-,Plantae,Magnoliopsida,http://www.environment.gov.au/cgi-bin/sprat/public/publicspecies.pl?taxon_id=11592,2026-Aug-28,https://id.biodiversity.org.au/name/apni/105255,Asteraceae,Olearia,oliganthema,-,-,Benth.,-
Olearia pannosa subsp. pannosa,"Silver Daisy-bush, Silver-leaved Daisy, Velvet Daisy-bush",-,Vulnerable,-,-,-,-,Yes,-,-,-,-,-,-,-,-,-,-,-,-,12348,-,Plantae,Magnoliopsida,http://www.environment.gov.au/cgi-bin/sprat/public/publicspecies.pl?taxon_id=12348,2026-Aug-28,https://id.biodiversity.org.au/name/apni/105308,Asteraceae,Olearia,pannosa,subsp.,pannosa,Hook.,-
Olearia rugosa subsp. distalilobata,-,-,Endangered,-,Yes,-,-,-,-,Yes,-,-,-,-,-,-,-,-,-,-,87983,-,Plantae,Magnoliopsida,http://www.environment.gov.au/cgi-bin/sprat/public/publicspecies.pl?taxon_id=87983,2026-Aug-28,https://id.biodiversity.org.au/name/apni/242127,Asteraceae,Olearia,rugosa,subsp.,distalilobata,-,Hawke ex Messina
Olearia suffruticosa,Clustered Daisy-bush,-,Endangered,-,-,-,-,Yes,-,Yes,-,-,-,-,-,-,-,-,-,-,21386,-,Plantae,Magnoliopsida,http://www.environment.gov.au/cgi-bin/sprat/public/publicspecies.pl?taxon_id=21386,2026-Aug-28,https://id.biodiversity.org.au/name/apni/106882,Asteraceae,Olearia,suffruticosa,-,-,D.A.Cooke,-
Oligosoma lichenigerum,"Lord Howe and Norfolk Islands Skink, Lord Howe Island Skink",-,Vulnerable,-,Yes,-,-,-,-,-,-,-,-,-,-,-,Yes,-,-,-,91467,-,Animalia,Reptilia,http://www.environment.gov.au/cgi-bin/sprat/public/publicspecies.pl?taxon_id=91467,2026-Aug-28,-,Scincidae,Oligosoma,lichenigerum,-,-,"(O'Shaughnessy, 1874)",-
Omphalea celata,-,-,Vulnerable,-,-,-,Yes,-,-,-,-,-,-,-,-,-,-,-,-,-,64586,-,Plantae,Magnoliopsida,http://www.environment.gov.au/cgi-bin/sprat/public/publicspecies.pl?taxon_id=64586,2026-Aug-28,https://id.biodiversity.org.au/name/apni/154609,Euphorbiaceae,Omphalea,celata,-,-,-,-
Onychogalea fraenata,"Bridled Nail-tail Wallaby, Bridled Nailtail Wallaby",-,Endangered,-,Yes,-,Yes,Yes,-,Yes,-,-,-,-,-,-,-,-,-,-,239,-,Animalia,Mammalia,http://www.environment.gov.au/cgi-bin/sprat/public/publicspecies.pl?taxon_id=239,2026-Aug-28,-,Macropodidae,Onychogalea,fraenata,-,-,"(Gould, 1841)",-
Onychogalea lunata,"Crescent Nailtail Wallaby, Tjawalpa, Wurrung",-,Extinct,-,Yes,Yes,-,Yes,-,-,Yes,-,-,-,-,-,-,-,-,-,240,-,Animalia,Mammalia,http://www.environment.gov.au/cgi-bin/sprat/public/publicspecies.pl?taxon_id=240,2026-Aug-28,-,Macropodidae,Onychogalea,lunata,-,-,"(Gould, 1841)",-
Opercularia acolytantha,Esperance Dog Weed,-,Extinct,-,-,-,-,-,-,-,Yes,-,-,-,-,-,-,-,-,-,16394,-,Plantae,Magnoliopsida,http://www.environment.gov.au/cgi-bin/sprat/public/publicspecies.pl?taxon_id=16394,2026-Aug-28,https://id.biodiversity.org.au/name/apni/93948,Rubiaceae,Opercularia,acolytantha,-,-,Diels,-
Ophidiocephalus taeniatus,Bronzeback Snake-lizard,-,Vulnerable,-,-,Yes,-,Yes,-,-,-,-,-,-,-,-,-,-,-,-,1630,-,Animalia,Reptilia,http://www.environment.gov.au/cgi-bin/sprat/public/publicspecies.pl?taxon_id=1630,2026-Aug-28,-,Pygopodidae,Ophidiocephalus,taeniatus,-,-,"Lucas and Frost, 1897",-
Ophisternon candidum,Blind Cave Eel,-,Vulnerable,-,-,-,-,-,-,-,Yes,-,-,-,-,-,-,-,-,-,66678,-,Animalia,Actinopterygii,http://www.environment.gov.au/cgi-bin/sprat/public/publicspecies.pl?taxon_id=66678,2026-Aug-28,-,Synbranchidae,Ophisternon,candidum,-,-,"Mees, 1962",-
Orcaella heinsohni,Australian Snubfin  Dolphin,-,Vulnerable,-,-,Yes,Yes,-,-,-,Yes,-,-,-,-,-,-,-,-,Yes,81322,-,Animalia,Mammalia,http://www.environment.gov.au/cgi-bin/sprat/public/publicspecies.pl?taxon_id=81322,2026-Aug-28,-,Delphinidae,Orcaella,heinsohni,-,-,"Beasley, Robertson and Arnold (2005)",-
Ordtrachia septentrionalis,Rosewood Keeled Snail,-,Critically Endangered,-,-,Yes,-,-,-,-,Yes,-,-,-,-,-,-,-,-,-,79221,-,Animalia,Gastropoda,http://www.environment.gov.au/cgi-bin/sprat/public/publicspecies.pl?taxon_id=79221,2026-Aug-28,-,Camaenidae,Ordtrachia,septentrionalis,-,-,"Solem, 1984",-
Oreisplanus munionga larana,"Marrawah Skipper, Alpine Sedge Skipper, Alpine Skipper",Hesperilla munionga larana,Vulnerable,-,-,-,-,-,Yes,-,-,-,-,-,-,-,-,-,-,-,77747,94585,Animalia,Insecta,http://www.environment.gov.au/cgi-bin/sprat/public/publicspecies.pl?taxon_id=77747,2026-Aug-28,-,Hesperiidae,Oreisplanus,munionga,-,larana,-,"Couchman, 1962"
Oreixenica ptunarra,"Ptunarra Brown, Ptunarra Brown Butterfly, Ptunarra Xenica",-,Endangered,-,-,-,-,-,Yes,-,-,-,-,-,-,-,-,-,-,-,26327,-,Animalia,Insecta,http://www.environment.gov.au/cgi-bin/sprat/public/publicspecies.pl?taxon_id=26327,2026-Aug-28,-,Nymphalidae,Oreixenica,ptunarra,-,-,"Couchman, 1953",-
Oreogrammitis reinwardtii,-,-,Vulnerable,-,-,-,Yes,-,-,-,-,-,-,-,-,-,-,-,-,-,83552,-,Plantae,Polypodiatae,http://www.environment.gov.au/cgi-bin/sprat/public/publicspecies.pl?taxon_id=83552,2026-Aug-28,https://id.biodiversity.org.au/name/apni/215198,Grammitidaceae,Oreogrammitis,reinwardtii,-,-,(Blume) Parris,-
Ornduffia calthifolia,Mountain Villarsia,-,Endangered,-,-,-,-,-,-,-,Yes,-,-,-,-,-,-,-,-,-,85015,-,Plantae,Magnoliopsida,http://www.environment.gov.au/cgi-bin/sprat/public/publicspecies.pl?taxon_id=85015,2026-Aug-28,https://id.biodiversity.org.au/name/apni/223310,Menyanthaceae,Ornduffia,calthifolia,-,-,(F.Muell.) Tippery  Les,-
Orraya occultus,"Long-necked Northern Leaf-tailed Gecko, McIlwraith Leaf-tailed Gecko",-,Critically Endangered,-,-,-,Yes,-,-,-,-,-,-,-,-,-,-,-,-,-,78333,-,Animalia,Reptilia,http://www.environment.gov.au/cgi-bin/sprat/public/publicspecies.pl?taxon_id=78333,2026-Aug-28,-,Carphodactylidae,Orraya,occultus,-,-,"(Couper, Covacevich and Moritz,1993)",-
Osphranter robustus isabellinus,"Barrow Island Wallaroo, Barrow Island Euro",-,Vulnerable,-,-,-,-,-,-,-,Yes,-,-,-,-,-,-,-,-,-,89262,-,Animalia,Mammalia,http://www.environment.gov.au/cgi-bin/sprat/public/publicspecies.pl?taxon_id=89262,2026-Aug-28,-,Macropodidae,Osphranter,robustus,-,isabellinus,-,"(Gould, 1842)"
Owenia cepiodora,"Onionwood, Bog Onion, Onion Cedar",-,Vulnerable,-,Yes,-,Yes,-,-,-,-,-,-,-,-,-,-,-,-,-,11344,-,Plantae,Magnoliopsida,http://www.environment.gov.au/cgi-bin/sprat/public/publicspecies.pl?taxon_id=11344,2026-Aug-28,https://id.biodiversity.org.au/name/apni/58370,Meliaceae,Owenia,cepiodora,-,-,F.Muell.,-
Ozothamnus eriocephalus,-,-,Vulnerable,-,-,-,Yes,-,-,-,-,-,-,-,-,-,-,-,-,-,56133,-,Plantae,Magnoliopsida,http://www.environment.gov.au/cgi-bin/sprat/public/publicspecies.pl?taxon_id=56133,2026-Aug-28,https://id.biodiversity.org.au/name/apni/118623,Asteraceae,Ozothamnus,eriocephalus,-,-,(J.H.Willis) Anderb.,-
Ozothamnus reflexifolius,Reflexed Everlasting,-,Vulnerable,-,-,-,-,-,Yes,-,-,-,-,-,-,-,-,-,-,-,77384,-,Plantae,Magnoliopsida,http://www.environment.gov.au/cgi-bin/sprat/public/publicspecies.pl?taxon_id=77384,2026-Aug-28,https://id.biodiversity.org.au/name/apni/181985,Asteraceae,Ozothamnus,reflexifolius,-,-,K.Leeson  Rozefelds,-
Ozothamnus selaginoides,"Clubmoss Everlasting, Table Mountain Daisy Bush",-,Extinct,-,-,-,-,-,Yes,-,-,-,-,-,-,-,-,-,-,-,52454,-,Plantae,Magnoliopsida,http://www.environment.gov.au/cgi-bin/sprat/public/publicspecies.pl?taxon_id=52454,2026-Aug-28,https://id.biodiversity.org.au/name/apni/110735,Asteraceae,Ozothamnus,selaginoides,-,-,Sonder,-
Ozothamnus tesselatus,-,-,Vulnerable,-,Yes,-,-,-,-,-,-,-,-,-,-,-,-,-,-,-,56203,-,Plantae,Magnoliopsida,http://www.environment.gov.au/cgi-bin/sprat/public/publicspecies.pl?taxon_id=56203,2026-Aug-28,https://id.biodiversity.org.au/name/apni/118698,Asteraceae,Ozothamnus,tesselatus,-,-,(Maiden  Baker) Anderb.,-
Ozothamnus vagans,Wollumbin Dogwood,-,Vulnerable,-,Yes,-,Yes,-,-,-,-,-,-,-,-,-,-,-,-,-,56207,-,Plantae,Magnoliopsida,http://www.environment.gov.au/cgi-bin/sprat/public/publicspecies.pl?taxon_id=56207,2026-Aug-28,https://id.biodiversity.org.au/name/apni/118702,Asteraceae,Ozothamnus,vagans,-,-,(White) Anderb.,-
Pachycephala pectoralis xanthoprocta,Golden Whistler (Norfolk Island),-,Vulnerable,-,-,-,-,-,-,-,-,-,-,-,-,-,Yes,-,-,-,64444,-,Animalia,Aves,http://www.environment.gov.au/cgi-bin/sprat/public/publicspecies.pl?taxon_id=64444,2026-Aug-28,-,Pachycephalidae,Pachycephala,pectoralis,-,xanthoprocta,-,"Gould, 1838"
Pachycephala rufogularis,Red-lored Whistler,-,Vulnerable,-,Yes,-,-,Yes,-,Yes,-,-,-,-,-,-,-,-,-,-,601,-,Animalia,Aves,http://www.environment.gov.au/cgi-bin/sprat/public/publicspecies.pl?taxon_id=601,2026-Aug-28,-,Pachycephalidae,Pachycephala,rufogularis,-,-,"Gould,1841",-
Pachyptila turtur subantarctica,Fairy Prion (southern),-,Vulnerable,-,Yes,-,Yes,Yes,Yes,Yes,Yes,-,-,-,-,Yes,-,Yes,Yes,Yes,64445,-,Animalia,Aves,http://www.environment.gov.au/cgi-bin/sprat/public/publicspecies.pl?taxon_id=64445,2026-Aug-28,-,Procellariidae,Pachyptila,turtur,-,subantarctica,-,"Oliver, 1955"
Pandanus spiralis var. flammeus,Edgar Range Pandanus,-,Endangered,-,-,-,-,-,-,-,Yes,-,-,-,-,-,-,-,-,-,8825,-,Plantae,Liliopsida,http://www.environment.gov.au/cgi-bin/sprat/public/publicspecies.pl?taxon_id=8825,2026-Aug-28,https://id.biodiversity.org.au/name/apni/90429,Pandanaceae,Pandanus,spiralis,var.,flammeus,-,B.C.Stone
Papasula abbotti,Abbott's Booby,-,Endangered,-,-,-,-,-,-,-,-,-,-,Yes,-,-,-,-,-,Yes,59297,-,Animalia,Aves,http://www.environment.gov.au/cgi-bin/sprat/public/publicspecies.pl?taxon_id=59297,2026-Aug-28,-,Sulidae,Papasula,abbotti,-,-,"(Ridgeway,1893)",-
Paracaleana dixonii,Sandplain Duck Orchid,Caleana dixonii,Endangered,-,-,-,-,-,-,-,Yes,-,-,-,-,-,-,-,-,-,86882,87944,Plantae,Liliopsida,http://www.environment.gov.au/cgi-bin/sprat/public/publicspecies.pl?taxon_id=86882,2026-Aug-28,https://id.biodiversity.org.au/name/apni/201423,Orchidaceae,Paracaleana,dixonii,-,-,Hopper  A.P.Br.,-
Paragalaxias dissimilis,Shannon Paragalaxias,-,Vulnerable,-,-,-,-,-,Yes,-,-,-,-,-,-,-,-,-,-,-,77042,-,Animalia,Actinopterygii,http://www.environment.gov.au/cgi-bin/sprat/public/publicspecies.pl?taxon_id=77042,2026-Aug-28,-,Galaxiidae,Paragalaxias,dissimilis,-,-,"Regan, 1905",-
Paragalaxias eleotroides,Great Lake Paragalaxias,-,Vulnerable,-,-,-,-,-,Yes,-,-,-,-,-,-,-,-,-,-,-,77041,-,Animalia,Actinopterygii,http://www.environment.gov.au/cgi-bin/sprat/public/publicspecies.pl?taxon_id=77041,2026-Aug-28,-,Galaxiidae,Paragalaxias,eleotroides,-,-,"McDowall and Fulton, 1978",-
Paragalaxias mesotes,Arthurs Paragalaxias,-,Endangered,-,-,-,-,-,Yes,-,-,-,-,-,-,-,-,-,-,-,77039,-,Animalia,Actinopterygii,http://www.environment.gov.au/cgi-bin/sprat/public/publicspecies.pl?taxon_id=77039,2026-Aug-28,-,Galaxiidae,Paragalaxias,mesotes,-,-,"McDowall and Fulton, 1978",-
Paragoodia crenulata,-,-,Critically Endangered,-,-,-,-,-,-,-,Yes,-,-,-,-,-,-,-,-,-,86387,-,Plantae,Magnoliopsida,http://www.environment.gov.au/cgi-bin/sprat/public/publicspecies.pl?taxon_id=86387,2026-Aug-28,https://id.biodiversity.org.au/name/apni/233702,Fabaceae,Paragoodia,crenulata,-,-,(A.T.Lee) I.Thomps.,-
Paralucia pyrodiscus lucida,Eltham Copper Butterfly,-,Endangered,-,-,-,-,-,-,Yes,-,-,-,-,-,-,-,-,-,-,66766,-,Animalia,Insecta,http://www.environment.gov.au/cgi-bin/sprat/public/publicspecies.pl?taxon_id=66766,2026-Aug-28,-,Lycaenidae,Paralucia,pyrodiscus,-,lucida,-,"Crosby, 1951"
Paralucia spinifera,"Bathurst Copper Butterfly, Purple Copper Butterfly, Bathurst Copper, Bathurst Copper Wing, Bathurst-Lithgow Copper, Purple Copper",-,Vulnerable,-,Yes,-,-,-,-,-,-,-,-,-,-,-,-,-,-,-,26335,-,Animalia,Insecta,http://www.environment.gov.au/cgi-bin/sprat/public/publicspecies.pl?taxon_id=26335,2026-Aug-28,-,Lycaenidae,Paralucia,spinifera,-,-,"E.D. Edwards and Common, 1978",-
Parantechinus apicalis,Dibbler,-,Endangered,-,-,-,-,-,-,-,Yes,-,-,-,-,-,-,-,-,-,313,-,Animalia,Mammalia,http://www.environment.gov.au/cgi-bin/sprat/public/publicspecies.pl?taxon_id=313,2026-Aug-28,-,Dasyuridae,Parantechinus,apicalis,-,-,"(Gray,1842)",-
Pardalotus quadragintus,Forty-spotted Pardalote,-,Endangered,-,-,-,-,-,Yes,-,-,-,-,-,-,-,-,-,-,-,418,-,Animalia,Aves,http://www.environment.gov.au/cgi-bin/sprat/public/publicspecies.pl?taxon_id=418,2026-Aug-28,-,Pardalotidae,Pardalotus,quadragintus,-,-,"Gould,1838",-
Parsonsia dorrigoensis,Milky Silkpod,-,Endangered,-,Yes,-,-,-,-,-,-,-,-,-,-,-,-,-,-,-,64684,-,Plantae,Magnoliopsida,http://www.environment.gov.au/cgi-bin/sprat/public/publicspecies.pl?taxon_id=64684,2026-Aug-28,https://id.biodiversity.org.au/name/apni/147397,Apocynaceae,Parsonsia,dorrigoensis,-,-,J.B.Williams,-
Parsonsia larcomensis,Mt Larcom Silk Pod,-,Vulnerable,-,-,-,Yes,-,-,-,-,-,-,-,-,-,-,-,-,-,64587,-,Plantae,Magnoliopsida,http://www.environment.gov.au/cgi-bin/sprat/public/publicspecies.pl?taxon_id=64587,2026-Aug-28,https://id.biodiversity.org.au/name/apni/154610,Apocynaceae,Parsonsia,larcomensis,-,-,J.B.Williams,-
Parvulastra vivipara,Tasmanian Live-bearing Seastar,-,Vulnerable,-,-,-,-,-,Yes,-,-,-,-,-,-,-,-,-,-,-,85451,-,Animalia,Asteroidea,http://www.environment.gov.au/cgi-bin/sprat/public/publicspecies.pl?taxon_id=85451,2026-Aug-28,-,Asterinidae,Parvulastra,vivipara,-,-,"(Dartnall, 1969)",-
Paspalidium grandispiculatum,a grass,-,Vulnerable,-,Yes,-,Yes,-,-,-,-,-,-,-,-,-,-,-,-,-,10838,-,Plantae,Liliopsida,http://www.environment.gov.au/cgi-bin/sprat/public/publicspecies.pl?taxon_id=10838,2026-Aug-28,https://id.biodiversity.org.au/name/apni/101258,Poaceae,Paspalidium,grandispiculatum,-,-,B.Simon,-
Paspalum batianoffii,-,-,Extinct,-,-,-,Yes,-,-,-,-,-,-,-,-,-,-,-,-,-,55516,-,Plantae,Liliopsida,http://www.environment.gov.au/cgi-bin/sprat/public/publicspecies.pl?taxon_id=55516,2026-Aug-28,https://id.biodiversity.org.au/name/apni/117926,Poaceae,Paspalum,batianoffii,-,-,B.K.Simon,-
Patersonia spirifolia,Spiral-leaved Patersonia,-,Endangered,-,-,-,-,-,-,-,Yes,-,-,-,-,-,-,-,-,-,83927,-,Plantae,Liliopsida,http://www.environment.gov.au/cgi-bin/sprat/public/publicspecies.pl?taxon_id=83927,2026-Aug-28,https://id.biodiversity.org.au/name/apni/203248,Iridaceae,Patersonia,spirifolia,-,-,Keighery,-
Pedionomus torquatus,Plains-wanderer,-,Critically Endangered,-,Yes,Yes,Yes,Yes,-,Yes,-,-,-,-,-,-,-,-,-,-,906,-,Animalia,Aves,http://www.environment.gov.au/cgi-bin/sprat/public/publicspecies.pl?taxon_id=906,2026-Aug-28,-,Pedionomidae,Pedionomus,torquatus,-,-,"Gould,1841",-
Pelargonium sp. Striatellum (G.W.Carr 10345),Omeo Stork's-bill,-,Endangered,-,Yes,-,-,-,-,Yes,-,-,-,-,-,-,-,-,-,-,84065,-,Plantae,Magnoliopsida,http://www.environment.gov.au/cgi-bin/sprat/public/publicspecies.pl?taxon_id=84065,2026-Aug-28,https://id.biodiversity.org.au/name/apni/228660,Geraniaceae,Pelargonium,sp. Striatellum (G.W.Carr 10345),-,-,G.W.Carr,-
Pennantia endlicheri,Pennantia,-,Endangered,-,-,-,-,-,-,-,-,-,-,-,-,-,Yes,-,-,-,65890,-,Plantae,Magnoliopsida,http://www.environment.gov.au/cgi-bin/sprat/public/publicspecies.pl?taxon_id=65890,2026-Aug-28,https://id.biodiversity.org.au/name/apni/126098,Icacinaceae,Pennantia,endlicheri,-,-,Reissek,-
Perameles bougainville,Shark Bay Bandicoot,-,Endangered,-,Yes,-,-,Yes,-,-,Yes,-,-,-,-,-,-,-,-,-,278,-,Animalia,Mammalia,http://www.environment.gov.au/cgi-bin/sprat/public/publicspecies.pl?taxon_id=278,2026-Aug-28,-,Peramelidae,Perameles,bougainville,-,-,"Quoy and Gaimard,1824",-
Perameles bougainville fasciata,"Western Barred Bandicoot (eastern), Liverpool Plains Striped Bandicoot",Perameles fasciata,Extinct,-,Yes,-,-,-,-,-,-,-,-,-,-,-,-,-,-,-,66652,89881,Animalia,Mammalia,http://www.environment.gov.au/cgi-bin/sprat/public/publicspecies.pl?taxon_id=66652,2026-Aug-28,-,Peramelidae,Perameles,bougainville,-,fasciata,-,"Gray, 1841"
Perameles eremiana,"Desert Bandicoot, Walilya",-,Extinct,-,-,Yes,-,Yes,-,-,Yes,-,-,-,-,-,-,-,-,-,279,-,Animalia,Mammalia,http://www.environment.gov.au/cgi-bin/sprat/public/publicspecies.pl?taxon_id=279,2026-Aug-28,-,Peramelidae,Perameles,eremiana,-,-,"Spencer,1897",-
Perameles gunnii gunnii,Eastern Barred Bandicoot (Tasmania),-,Vulnerable,-,-,-,-,-,Yes,-,-,-,-,-,-,-,-,-,-,-,66651,-,Animalia,Mammalia,http://www.environment.gov.au/cgi-bin/sprat/public/publicspecies.pl?taxon_id=66651,2026-Aug-28,-,Peramelidae,Perameles,gunnii,-,gunnii,"Gray,1838",-
Perameles gunnii Victorian subspecies,Eastern Barred Bandicoot (Mainland),-,Endangered,-,-,-,-,Yes,-,Yes,-,-,-,-,-,-,-,-,-,-,88020,-,Animalia,Mammalia,http://www.environment.gov.au/cgi-bin/sprat/public/publicspecies.pl?taxon_id=88020,2026-Aug-28,-,Peramelidae,Perameles,gunnii Victorian subspecies,-,-,-,-
Perameles myosurus,"Marl, Western Barred Bandicoot",Perameles myosuros,Extinct,-,-,-,-,-,-,-,Yes,-,-,-,-,-,-,-,-,-,91673,89882,Animalia,Mammalia,http://www.environment.gov.au/cgi-bin/sprat/public/publicspecies.pl?taxon_id=91673,2026-Aug-28,-,Peramelidae,Perameles,myosurus,-,-,-,-
Perameles notina,South-eastern Striped Bandicoot,-,Extinct,-,-,-,-,Yes,-,Yes,-,-,-,-,-,-,-,-,-,-,89883,-,Animalia,Mammalia,http://www.environment.gov.au/cgi-bin/sprat/public/publicspecies.pl?taxon_id=89883,2026-Aug-28,-,Peramelidae,Perameles,notina,-,-,"Thomas, 1922",-
Perameles papillon,"Butterfly Bandicoot, Nullarbor Barred Bandicoot",-,Extinct,-,-,-,-,Yes,-,-,Yes,-,-,-,-,-,-,-,-,-,89865,-,Animalia,Mammalia,http://www.environment.gov.au/cgi-bin/sprat/public/publicspecies.pl?taxon_id=89865,2026-Aug-28,-,Peramelidae,Perameles,papillon,-,-,"Travouillon  Phillips, 2018",-
Pericryptodrilus nanus,Lord Howe Earthworm,-,Critically Endangered,-,Yes,-,-,-,-,-,-,-,-,-,-,-,-,-,-,-,84736,-,Animalia,Oligochaeta,http://www.environment.gov.au/cgi-bin/sprat/public/publicspecies.pl?taxon_id=84736,2026-Aug-28,-,Megascolecidae,Pericryptodrilus,nanus,-,-,"Jamieson, 1977",-
Persicaria elatior,"Knotweed, Tall Knotweed",-,Vulnerable,-,Yes,-,Yes,-,-,-,-,-,-,-,-,-,-,-,-,-,5831,-,Plantae,Magnoliopsida,http://www.environment.gov.au/cgi-bin/sprat/public/publicspecies.pl?taxon_id=5831,2026-Aug-28,https://id.biodiversity.org.au/name/apni/93252,Polygonaceae,Persicaria,elatior,-,-,(R.Br.) Sojak,-
Persoonia acerosa,Needle Geebung,-,Endangered,-,Yes,-,-,-,-,-,-,-,-,-,-,-,-,-,-,-,7232,-,Plantae,Magnoliopsida,http://www.environment.gov.au/cgi-bin/sprat/public/publicspecies.pl?taxon_id=7232,2026-Aug-28,https://id.biodiversity.org.au/name/apni/111571,Proteaceae,Persoonia,acerosa,-,-,Schultes  J.H.Schultes,-
Persoonia bargoensis,Bargo Geebung,-,Endangered,-,Yes,-,-,-,-,-,-,-,-,-,-,-,-,-,-,-,56267,-,Plantae,Magnoliopsida,http://www.environment.gov.au/cgi-bin/sprat/public/publicspecies.pl?taxon_id=56267,2026-Aug-28,https://id.biodiversity.org.au/name/apni/118766,Proteaceae,Persoonia,bargoensis,-,-,P.H.Weston  L.A.S.Johnson,-
Persoonia flexifolia,-,-,Critically Endangered,-,-,-,-,-,-,-,Yes,-,-,-,-,-,-,-,-,-,11353,-,Plantae,Magnoliopsida,http://www.environment.gov.au/cgi-bin/sprat/public/publicspecies.pl?taxon_id=11353,2026-Aug-28,https://id.biodiversity.org.au/name/apni/112639,Proteaceae,Persoonia,flexifolia,-,-,R.Br.,-
Persoonia glaucescens,Mittagong Geebung,-,Vulnerable,-,Yes,-,-,-,-,-,-,-,-,-,-,-,-,-,-,-,12770,-,Plantae,Magnoliopsida,http://www.environment.gov.au/cgi-bin/sprat/public/publicspecies.pl?taxon_id=12770,2026-Aug-28,https://id.biodiversity.org.au/name/apni/112735,Proteaceae,Persoonia,glaucescens,-,-,Schultes  J.H.Schultes,-
Persoonia hindii,-,-,Endangered,-,Yes,-,-,-,-,-,-,-,-,-,-,-,-,-,-,-,65950,-,Plantae,Magnoliopsida,http://www.environment.gov.au/cgi-bin/sprat/public/publicspecies.pl?taxon_id=65950,2026-Aug-28,https://id.biodiversity.org.au/name/apni/154082,Proteaceae,Persoonia,hindii,-,-,P.H.Weston  L.A.S.Johnson,-
Persoonia hirsuta,"Hairy Geebung, Hairy Persoonia",-,Endangered,-,Yes,-,-,-,-,-,-,-,-,-,-,-,-,-,-,-,19006,-,Plantae,Magnoliopsida,http://www.environment.gov.au/cgi-bin/sprat/public/publicspecies.pl?taxon_id=19006,2026-Aug-28,https://id.biodiversity.org.au/name/apni/113130,Proteaceae,Persoonia,hirsuta,-,-,Pers.,-
Persoonia laxa,-,-,Extinct,-,Yes,-,-,-,-,-,-,-,-,-,-,-,-,-,-,-,56270,-,Plantae,Magnoliopsida,http://www.environment.gov.au/cgi-bin/sprat/public/publicspecies.pl?taxon_id=56270,2026-Aug-28,https://id.biodiversity.org.au/name/apni/118772,Proteaceae,Persoonia,laxa,-,-,L.A.S.Johnson  P.H.Weston,-
Persoonia marginata,Clandulla Geebung,-,Vulnerable,-,Yes,-,-,-,-,-,-,-,-,-,-,-,-,-,-,-,10852,-,Plantae,Magnoliopsida,http://www.environment.gov.au/cgi-bin/sprat/public/publicspecies.pl?taxon_id=10852,2026-Aug-28,https://id.biodiversity.org.au/name/apni/113939,Proteaceae,Persoonia,marginata,-,-,R.Br.,-
Persoonia micranthera,Small-flowered Snottygobble,-,Critically Endangered,-,-,-,-,-,-,-,Yes,-,-,-,-,-,-,-,-,-,64939,-,Plantae,Magnoliopsida,http://www.environment.gov.au/cgi-bin/sprat/public/publicspecies.pl?taxon_id=64939,2026-Aug-28,https://id.biodiversity.org.au/name/apni/164557,Proteaceae,Persoonia,micranthera,-,-,P.H.Weston,-
Persoonia mollis subsp. maxima,-,-,Endangered,-,Yes,-,-,-,-,-,-,-,-,-,-,-,-,-,-,-,56075,-,Plantae,Magnoliopsida,http://www.environment.gov.au/cgi-bin/sprat/public/publicspecies.pl?taxon_id=56075,2026-Aug-28,https://id.biodiversity.org.au/name/apni/118561,Proteaceae,Persoonia,mollis,subsp.,maxima,-,S.Krauss  L.A.S.Johnson
Persoonia mollis subsp. revoluta,-,-,Vulnerable,-,Yes,-,-,-,-,-,-,-,-,-,-,-,-,-,-,-,56094,-,Plantae,Magnoliopsida,http://www.environment.gov.au/cgi-bin/sprat/public/publicspecies.pl?taxon_id=56094,2026-Aug-28,https://id.biodiversity.org.au/name/apni/118580,Proteaceae,Persoonia,mollis,subsp.,revoluta,-,S.Krauss  L.A.S.Johnson
Persoonia nutans,Nodding Geebung,-,Endangered,-,Yes,-,-,-,-,-,-,-,-,-,-,-,-,-,-,-,18119,-,Plantae,Magnoliopsida,http://www.environment.gov.au/cgi-bin/sprat/public/publicspecies.pl?taxon_id=18119,2026-Aug-28,https://id.biodiversity.org.au/name/apni/114323,Proteaceae,Persoonia,nutans,-,-,R.Br.,-
Persoonia oxycoccoides,-,-,Endangered,-,Yes,-,-,-,-,-,-,-,-,-,-,-,-,-,-,-,16114,-,Plantae,Magnoliopsida,http://www.environment.gov.au/cgi-bin/sprat/public/publicspecies.pl?taxon_id=16114,2026-Aug-28,https://id.biodiversity.org.au/name/apni/114412,Proteaceae,Persoonia,oxycoccoides,-,-,Sieber ex Spreng,-
Persoonia pauciflora,North Rothbury Persoonia,-,Critically Endangered,-,Yes,-,-,-,-,-,-,-,-,-,-,-,-,-,-,-,67214,-,Plantae,Magnoliopsida,http://www.environment.gov.au/cgi-bin/sprat/public/publicspecies.pl?taxon_id=67214,2026-Aug-28,https://id.biodiversity.org.au/name/apni/165590,Proteaceae,Persoonia,pauciflora,-,-,Weston,-
Persoonia prostrata,-,-,Extinct,-,-,-,Yes,-,-,-,-,-,-,-,-,-,-,-,-,-,24479,-,Plantae,Magnoliopsida,http://www.environment.gov.au/cgi-bin/sprat/public/publicspecies.pl?taxon_id=24479,2026-Aug-28,https://id.biodiversity.org.au/name/apni/114670,Proteaceae,Persoonia,prostrata,-,-,R.Br.,-
Petauroides minor,"Greater Glider (northern), Greater Glider (north-eastern Queensland)",-,Vulnerable,-,-,-,Yes,-,-,-,-,-,-,-,-,-,-,-,-,-,92008,-,Animalia,Mammalia,http://www.environment.gov.au/cgi-bin/sprat/public/publicspecies.pl?taxon_id=92008,2026-Aug-28,-,Pseudocheiridae,Petauroides,minor,-,-,"(Collett, 1887)",-
Petauroides volans,Greater Glider (southern and central),-,Endangered,Yes,Yes,-,Yes,-,-,Yes,-,-,-,-,-,Yes,-,-,-,-,254,-,Animalia,Mammalia,http://www.environment.gov.au/cgi-bin/sprat/public/publicspecies.pl?taxon_id=254,2026-Aug-28,-,Pseudocheiridae,Petauroides,volans,-,-,"(Kerr, 1792)",-
Petaurus australis australis,Yellow-bellied Glider (south-eastern),-,Vulnerable,Yes,Yes,-,Yes,-,-,Yes,-,-,-,-,-,Yes,-,-,-,-,87600,-,Animalia,Mammalia,http://www.environment.gov.au/cgi-bin/sprat/public/publicspecies.pl?taxon_id=87600,2026-Aug-28,-,Petauridae,Petaurus,australis,-,australis,"Shaw, 1791",-
Petaurus australis Wet Tropics subspecies,"Yellow-bellied Glider (Wet Tropics), Fluffy Glider",Petaurus australis brevirostrum,Endangered,-,-,-,Yes,-,-,-,-,-,-,-,-,-,-,-,-,-,88022,93739,Animalia,Mammalia,http://www.environment.gov.au/cgi-bin/sprat/public/publicspecies.pl?taxon_id=88022,2026-Aug-28,-,Petauridae,Petaurus,australis Wet Tropics subspecies,-,-,-,-
Petaurus gracilis,Mahogany Glider,-,Endangered,-,-,-,Yes,-,-,-,-,-,-,-,-,-,-,-,-,-,26775,-,Animalia,Mammalia,http://www.environment.gov.au/cgi-bin/sprat/public/publicspecies.pl?taxon_id=26775,2026-Aug-28,-,Petauridae,Petaurus,gracilis,-,-,"Charles De Vis, 1883",-
Petrogale coenensis,Cape York Rock-wallaby,-,Endangered,-,-,-,Yes,-,-,-,-,-,-,-,-,-,-,-,-,-,59278,-,Animalia,Mammalia,http://www.environment.gov.au/cgi-bin/sprat/public/publicspecies.pl?taxon_id=59278,2026-Aug-28,-,Macropodidae,Petrogale,coenensis,-,-,"Eldridge and Close,1992",-
Petrogale concinna canescens,Nabarlek (Top End),-,Endangered,-,-,Yes,-,-,-,-,-,-,-,-,-,-,-,-,-,-,87606,-,Animalia,Mammalia,http://www.environment.gov.au/cgi-bin/sprat/public/publicspecies.pl?taxon_id=87606,2026-Aug-28,-,Macropodidae,Petrogale,concinna,-,canescens,-,"Thomas, 1909"
Petrogale concinna concinna,Nabarlek (Victoria River District),-,Critically Endangered,-,-,Yes,-,-,-,-,-,-,-,-,-,-,-,-,-,-,87605,-,Animalia,Mammalia,http://www.environment.gov.au/cgi-bin/sprat/public/publicspecies.pl?taxon_id=87605,2026-Aug-28,-,Macropodidae,Petrogale,concinna,-,concinna,"Gould, 1842",-
Petrogale concinna monastria,Nabarlek (Kimberley),-,Endangered,-,-,-,-,-,-,-,Yes,-,-,-,-,-,-,-,-,-,87607,-,Animalia,Mammalia,http://www.environment.gov.au/cgi-bin/sprat/public/publicspecies.pl?taxon_id=87607,2026-Aug-28,-,Macropodidae,Petrogale,concinna,-,monastria,-,"(Thomas, 1926)"
Petrogale lateralis centralis,"Warru, Central Australian Rock-wallaby",-,Vulnerable,-,-,Yes,-,Yes,-,-,Yes,-,-,-,-,-,-,-,-,-,90831,-,Animalia,Mammalia,http://www.environment.gov.au/cgi-bin/sprat/public/publicspecies.pl?taxon_id=90831,2026-Aug-28,-,Macropodidae,Petrogale,lateralis,-,centralis,-,"Eldridge  Potter, 2020"
Petrogale lateralis hacketti,Recherche Rock-wallaby,-,Vulnerable,-,-,-,-,-,-,-,Yes,-,-,-,-,-,-,-,-,-,66849,-,Animalia,Mammalia,http://www.environment.gov.au/cgi-bin/sprat/public/publicspecies.pl?taxon_id=66849,2026-Aug-28,-,Macropodidae,Petrogale,lateralis,-,hacketti,-,"Thomas, 1905"
Petrogale lateralis kimberleyensis,"Wiliji, West Kimberley Rock-wallaby",-,Endangered,-,-,-,-,-,-,-,Yes,-,-,-,-,-,-,-,-,-,90832,-,Animalia,Mammalia,http://www.environment.gov.au/cgi-bin/sprat/public/publicspecies.pl?taxon_id=90832,2026-Aug-28,-,Macropodidae,Petrogale,lateralis,-,kimberleyensis,-,"Eldridge  Potter, 2020"
Petrogale lateralis lateralis,"Black-flanked Rock-wallaby, Moororong, Black-footed Rock Wallaby",-,Endangered,-,-,-,-,-,-,-,Yes,-,-,-,-,-,-,-,-,-,66647,-,Animalia,Mammalia,http://www.environment.gov.au/cgi-bin/sprat/public/publicspecies.pl?taxon_id=66647,2026-Aug-28,-,Macropodidae,Petrogale,lateralis,-,lateralis,"Gould, 1842",-
Petrogale penicillata,Brush-tailed Rock-wallaby,-,Vulnerable,Yes,Yes,-,Yes,-,-,Yes,-,-,-,-,-,-,-,-,-,-,225,-,Animalia,Mammalia,http://www.environment.gov.au/cgi-bin/sprat/public/publicspecies.pl?taxon_id=225,2026-Aug-28,-,Macropodidae,Petrogale,penicillata,-,-,"(Gray,1827)",-
Petrogale persephone,Proserpine Rock-wallaby,-,Endangered,-,-,-,Yes,-,-,-,-,-,-,-,-,-,-,-,-,-,226,-,Animalia,Mammalia,http://www.environment.gov.au/cgi-bin/sprat/public/publicspecies.pl?taxon_id=226,2026-Aug-28,-,Macropodidae,Petrogale,persephone,-,-,"Maynes,1982",-
Petrogale sharmani,"Mount Claro Rock Wallaby, Sharman's Rock Wallaby",-,Vulnerable,-,-,-,Yes,-,-,-,-,-,-,-,-,-,-,-,-,-,59281,-,Animalia,Mammalia,http://www.environment.gov.au/cgi-bin/sprat/public/publicspecies.pl?taxon_id=59281,2026-Aug-28,-,Macropodidae,Petrogale,sharmani,-,-,"Eldridge and Close,1992",-
Petrogale xanthopus celeris,Yellow-footed Rock-wallaby (central-western Queensland),-,Vulnerable,-,-,-,Yes,-,-,-,-,-,-,-,-,-,-,-,-,-,87608,-,Animalia,Mammalia,http://www.environment.gov.au/cgi-bin/sprat/public/publicspecies.pl?taxon_id=87608,2026-Aug-28,-,Macropodidae,Petrogale,xanthopus,-,celeris,-,"Le Souef, 1924"
Petrogale xanthopus xanthopus,Yellow-footed Rock-wallaby (SA and NSW),-,Vulnerable,-,Yes,-,-,Yes,-,-,-,-,-,-,-,-,-,-,-,-,66646,-,Animalia,Mammalia,http://www.environment.gov.au/cgi-bin/sprat/public/publicspecies.pl?taxon_id=66646,2026-Aug-28,-,Macropodidae,Petrogale,xanthopus,-,xanthopus,"Gray,1855",-
Petroica multicolor,"Norfolk Island Robin, Pacific Robin",-,Vulnerable,-,-,-,-,-,-,-,-,-,-,-,-,-,Yes,-,-,-,604,-,Animalia,Aves,http://www.environment.gov.au/cgi-bin/sprat/public/publicspecies.pl?taxon_id=604,2026-Aug-28,-,Petroicidae,Petroica,multicolor,-,-,"(Gmelin,1789)",-
Petrophile latericola,Laterite Petrophile,-,Endangered,-,-,-,-,-,-,-,Yes,-,-,-,-,-,-,-,-,-,64532,-,Plantae,Magnoliopsida,http://www.environment.gov.au/cgi-bin/sprat/public/publicspecies.pl?taxon_id=64532,2026-Aug-28,https://id.biodiversity.org.au/name/apni/226924,Proteaceae,Petrophile,latericola,-,-,Keighery,-
Petrophile nivea,-,-,Vulnerable,-,-,-,-,-,-,-,Yes,-,-,-,-,-,-,-,-,-,75847,-,Plantae,Magnoliopsida,http://www.environment.gov.au/cgi-bin/sprat/public/publicspecies.pl?taxon_id=75847,2026-Aug-28,https://id.biodiversity.org.au/name/apni/180201,Proteaceae,Petrophile,nivea,-,-,Hislop  Rye,-
Pezoporus flaviventris,"Western Ground Parrot, Kyloring",-,Critically Endangered,-,-,-,-,-,-,-,Yes,-,-,-,-,-,-,-,-,-,84650,-,Animalia,Aves,http://www.environment.gov.au/cgi-bin/sprat/public/publicspecies.pl?taxon_id=84650,2026-Aug-28,-,Psittacidae,Pezoporus,flaviventris,-,-,"(North, 1911)",-
Pezoporus occidentalis,Night Parrot,-,Critically Endangered,-,Yes,Yes,Yes,Yes,-,Yes,Yes,-,-,-,-,-,-,-,-,-,59350,-,Animalia,Aves,http://www.environment.gov.au/cgi-bin/sprat/public/publicspecies.pl?taxon_id=59350,2026-Aug-28,-,Psittacidae,Pezoporus,occidentalis,-,-,"(Gould, 1861)",-
Phaethon lepturus fulvus,"Christmas Island White-tailed Tropicbird, Golden Bosunbird",-,Endangered,-,-,-,-,-,-,-,-,Yes,-,Yes,-,-,-,-,-,Yes,26021,-,Animalia,Aves,http://www.environment.gov.au/cgi-bin/sprat/public/publicspecies.pl?taxon_id=26021,2026-Aug-28,-,Phaethontidae,Phaethon,lepturus,-,fulvus,-,"von Brandt, 1838"
Phaethon rubricauda westralis,"Red-tailed Tropicbird (Indian Ocean), Indian Ocean Red-tailed Tropicbird",-,Endangered,-,-,-,-,-,-,-,Yes,Yes,Yes,Yes,-,-,-,-,-,Yes,91824,-,Animalia,Aves,http://www.environment.gov.au/cgi-bin/sprat/public/publicspecies.pl?taxon_id=91824,2026-Aug-28,-,Phaethontidae,Phaethon,rubricauda,-,westralis,-,"Mathews, 1912"
Phaius australis,Lesser Swamp-orchid,-,Endangered,-,Yes,-,Yes,-,-,-,-,-,-,-,-,-,-,-,-,-,5872,-,Plantae,Liliopsida,http://www.environment.gov.au/cgi-bin/sprat/public/publicspecies.pl?taxon_id=5872,2026-Aug-28,https://id.biodiversity.org.au/name/apni/65587,Orchidaceae,Phaius,australis,-,-,F.Muell.,-
Phaius bernaysii,Yellow Swamp-orchid,-,Endangered,-,-,-,Yes,-,-,-,-,-,-,-,-,-,-,-,-,-,4918,-,Plantae,Liliopsida,http://www.environment.gov.au/cgi-bin/sprat/public/publicspecies.pl?taxon_id=4918,2026-Aug-28,https://id.biodiversity.org.au/name/apni/65641,Orchidaceae,Phaius,bernaysii,-,-,H.G.Reichb.,-
Phaius pictus,-,-,Vulnerable,-,-,-,Yes,-,-,-,-,-,-,-,-,-,-,-,-,-,22564,-,Plantae,Liliopsida,http://www.environment.gov.au/cgi-bin/sprat/public/publicspecies.pl?taxon_id=22564,2026-Aug-28,https://id.biodiversity.org.au/name/apni/66005,Orchidaceae,Phaius,pictus,-,-,Hunt,-
Phalaenopsis amabilis subsp. rosenstromii,Native Moth Orchid,Phalaenopsis rosenstromii,Endangered,-,-,-,Yes,-,-,-,-,-,-,-,-,-,-,-,-,-,87535,15984,Plantae,Liliopsida,http://www.environment.gov.au/cgi-bin/sprat/public/publicspecies.pl?taxon_id=87535,2026-Aug-28,https://id.biodiversity.org.au/name/apni/194551,Orchidaceae,Phalaenopsis,amabilis,subsp.,rosenstromii,-,(F.M.Bailey) Christenson
Phaleria biflora,-,-,Vulnerable,-,-,-,Yes,-,-,-,-,-,-,-,-,-,-,-,-,-,82049,-,Plantae,Magnoliopsida,http://www.environment.gov.au/cgi-bin/sprat/public/publicspecies.pl?taxon_id=82049,2026-Aug-28,https://id.biodiversity.org.au/name/apni/180705,Thymelaeaceae,Phaleria,biflora,-,-,(C.T.White) Herber,-
Phascogale calura,"Red-tailed Phascogale, Red-tailed Wambenger, Kenngoor",-,Vulnerable,-,Yes,Yes,-,Yes,-,Yes,Yes,-,-,-,-,-,-,-,-,-,316,-,Animalia,Mammalia,http://www.environment.gov.au/cgi-bin/sprat/public/publicspecies.pl?taxon_id=316,2026-Aug-28,-,Dasyuridae,Phascogale,calura,-,-,"Gould,1844",-
Phascogale pirata,Northern Brush-tailed Phascogale,-,Vulnerable,-,-,Yes,-,-,-,-,-,-,-,-,-,-,-,-,-,-,82954,-,Animalia,Mammalia,http://www.environment.gov.au/cgi-bin/sprat/public/publicspecies.pl?taxon_id=82954,2026-Aug-28,-,Dasyuridae,Phascogale,pirata,-,-,"Thomas, 1904",-
Phascogale tapoatafa kimberleyensis,"Kimberley brush-tailed phascogale, Brush-tailed Phascogale (Kimberley)",-,Vulnerable,-,-,-,-,-,-,-,Yes,-,-,-,-,-,-,-,-,-,88453,-,Animalia,Mammalia,http://www.environment.gov.au/cgi-bin/sprat/public/publicspecies.pl?taxon_id=88453,2026-Aug-28,-,Dasyuridae,Phascogale,tapoatafa,-,kimberleyensis,-,"Aplin  Rhind, 2015"
"Phascolarctos cinereus (combined populations of Qld, NSW and the ACT)","Koala (combined populations of Queensland, New South Wales and the Australian Capital Territory)",-,Endangered,Yes,Yes,-,Yes,-,-,-,-,-,-,-,-,Yes,-,-,-,-,85104,-,Animalia,Mammalia,http://www.environment.gov.au/cgi-bin/sprat/public/publicspecies.pl?taxon_id=85104,2026-Aug-28,-,Phascolarctidae,Phascolarctos,"cinereus (combined populations of Qld, NSW and the ACT)",-,-,-,-
Phebalium daviesii,"Davies' Waxflower, St Helens Waxflower",-,Critically Endangered,-,-,-,-,-,Yes,-,-,-,-,-,-,-,-,-,-,-,16959,-,Plantae,Magnoliopsida,http://www.environment.gov.au/cgi-bin/sprat/public/publicspecies.pl?taxon_id=16959,2026-Aug-28,https://id.biodiversity.org.au/name/apni/81578,Rutaceae,Phebalium,daviesii,-,-,Hook.f.,-
Phebalium distans,Mt Berryman Phebalium,-,Endangered,-,-,-,Yes,-,-,-,-,-,-,-,-,-,-,-,-,-,81869,-,Plantae,Magnoliopsida,http://www.environment.gov.au/cgi-bin/sprat/public/publicspecies.pl?taxon_id=81869,2026-Aug-28,https://id.biodiversity.org.au/name/apni/184862,Rutaceae,Phebalium,distans,-,-,P.I.Forst.,-
Phebalium glandulosum subsp. eglandulosum,Rusty Desert Phebalium,-,Vulnerable,-,Yes,-,Yes,-,-,-,-,-,-,-,-,-,-,-,-,-,17140,-,Plantae,Magnoliopsida,http://www.environment.gov.au/cgi-bin/sprat/public/publicspecies.pl?taxon_id=17140,2026-Aug-28,https://id.biodiversity.org.au/name/apni/82106,Rutaceae,Phebalium,glandulosum,subsp.,eglandulosum,-,(Blakely) Paul G.Wilson
Phebalium lowanense,Lowan Phebalium,-,Vulnerable,-,-,-,-,Yes,-,Yes,-,-,-,-,-,-,-,-,-,-,7144,-,Plantae,Magnoliopsida,http://www.environment.gov.au/cgi-bin/sprat/public/publicspecies.pl?taxon_id=7144,2026-Aug-28,https://id.biodiversity.org.au/name/apni/82542,Rutaceae,Phebalium,lowanense,-,-,J.H.Willis,-
Phebalium speciosum,-,-,Critically Endangered,-,Yes,-,-,-,-,-,-,-,-,-,-,-,-,-,-,-,88765,-,Plantae,Magnoliopsida,http://www.environment.gov.au/cgi-bin/sprat/public/publicspecies.pl?taxon_id=88765,2026-Aug-28,https://id.biodiversity.org.au/name/apni/244335,Rutaceae,Phebalium,speciosum,-,-,I.Telford,-
Phebalium whitei,-,-,Vulnerable,-,-,-,Yes,-,-,-,-,-,-,-,-,-,-,-,-,-,19322,-,Plantae,Magnoliopsida,http://www.environment.gov.au/cgi-bin/sprat/public/publicspecies.pl?taxon_id=19322,2026-Aug-28,https://id.biodiversity.org.au/name/apni/83808,Rutaceae,Phebalium,whitei,-,-,Paul G.Wilson,-
Pherosphaera fitzgeraldii,Dwarf Mountain Pine,-,Critically Endangered,-,Yes,-,-,-,-,-,-,-,-,-,-,-,-,-,-,-,40324,-,Plantae,Pinatae,http://www.environment.gov.au/cgi-bin/sprat/public/publicspecies.pl?taxon_id=40324,2026-Aug-28,https://id.biodiversity.org.au/name/apni/84237,Podocarpaceae,Pherosphaera,fitzgeraldii,-,-,(F.Muell.) Hook.f.,-
Philoria frosti,Baw Baw Frog,-,Critically Endangered,-,-,-,-,-,-,Yes,-,-,-,-,-,-,-,-,-,-,1934,-,Animalia,Amphibia,http://www.environment.gov.au/cgi-bin/sprat/public/publicspecies.pl?taxon_id=1934,2026-Aug-28,-,Limnodynastidae,Philoria,frosti,-,-,"Spencer, 1901",-
Philoria knowlesi,Mount Ballow Mountain Frog,-,Endangered,-,Yes,-,Yes,-,-,-,-,-,-,-,-,-,-,-,-,-,92616,-,Animalia,Amphibia,http://www.environment.gov.au/cgi-bin/sprat/public/publicspecies.pl?taxon_id=92616,2026-Aug-28,-,Limnodynastidae,Philoria,knowlesi,-,-,"Mahony, Hines, Mahony, and Donnellan, 2022",-
Philoria kundagungan,Mountain Frog,-,Endangered,-,Yes,-,Yes,-,-,-,-,-,-,-,-,-,-,-,-,-,1935,-,Animalia,Amphibia,http://www.environment.gov.au/cgi-bin/sprat/public/publicspecies.pl?taxon_id=1935,2026-Aug-28,-,Limnodynastidae,Philoria,kundagungan,-,-,"(Ingram and Corben, 1975)",-
Philoria pughi,Pugh's Sphagnum Frog,-,Endangered,-,Yes,-,-,-,-,-,-,-,-,-,-,-,-,-,-,-,78929,-,Animalia,Amphibia,http://www.environment.gov.au/cgi-bin/sprat/public/publicspecies.pl?taxon_id=78929,2026-Aug-28,-,Limnodynastidae,Philoria,pughi,-,-,"Knowles, Mahony, Armstrong and Donnellan (2004)",-
Philoria richmondensis,Richmond Range Sphagnum Frog,-,Endangered,-,Yes,-,-,-,-,-,-,-,-,-,-,-,-,-,-,-,78930,-,Animalia,Amphibia,http://www.environment.gov.au/cgi-bin/sprat/public/publicspecies.pl?taxon_id=78930,2026-Aug-28,-,Limnodynastidae,Philoria,richmondensis,-,-,"Knowles, Mahony, Armstrong and Donnellan, 2004",-
Philoria sphagnicola,Sphagnum Frog,-,Vulnerable,-,Yes,-,-,-,-,-,-,-,-,-,-,-,-,-,-,-,59709,-,Animalia,Amphibia,http://www.environment.gov.au/cgi-bin/sprat/public/publicspecies.pl?taxon_id=59709,2026-Aug-28,-,Limnodynastidae,Philoria,sphagnicola,-,-,"(Moore,1958)",-
Philotheca basistyla,White-flowered Philotheca,-,Endangered,-,-,-,-,-,-,-,Yes,-,-,-,-,-,-,-,-,-,64941,-,Plantae,Magnoliopsida,http://www.environment.gov.au/cgi-bin/sprat/public/publicspecies.pl?taxon_id=64941,2026-Aug-28,https://id.biodiversity.org.au/name/apni/134426,Rutaceae,Philotheca,basistyla,-,-,F.H.Mollemans,-
Philotheca falcata,Sickle-leaved Waxflower,-,Critically Endangered,-,-,-,-,-,-,-,Yes,-,-,-,-,-,-,-,-,-,64943,-,Plantae,Magnoliopsida,http://www.environment.gov.au/cgi-bin/sprat/public/publicspecies.pl?taxon_id=64943,2026-Aug-28,https://id.biodiversity.org.au/name/apni/154744,Rutaceae,Philotheca,falcata,-,-,(Paul G.Wilson) Paul G.Wilson,-
Philotheca freyciana,Freycinet Waxflower,-,Endangered,-,-,-,-,-,Yes,-,-,-,-,-,-,-,-,-,-,-,68227,-,Plantae,Magnoliopsida,http://www.environment.gov.au/cgi-bin/sprat/public/publicspecies.pl?taxon_id=68227,2026-Aug-28,https://id.biodiversity.org.au/name/apni/178898,Rutaceae,Philotheca,freyciana,-,-,Rozefelds,-
Philotheca obovatifolia,Mountain Wax-flower,-,Vulnerable,-,Yes,-,Yes,-,-,-,-,-,-,-,-,-,-,-,-,-,84702,-,Plantae,Magnoliopsida,http://www.environment.gov.au/cgi-bin/sprat/public/publicspecies.pl?taxon_id=84702,2026-Aug-28,https://id.biodiversity.org.au/name/apni/198142,Rutaceae,Philotheca,obovatifolia,-,-,(Bayly) P.I.Forst.,-
Philotheca papillata,-,-,Vulnerable,-,Yes,-,-,-,-,-,-,-,-,-,-,-,-,-,-,-,91525,-,Plantae,Magnoliopsida,http://www.environment.gov.au/cgi-bin/sprat/public/publicspecies.pl?taxon_id=91525,2026-Aug-28,https://id.biodiversity.org.au/name/apni/200281,Rutaceae,Philotheca,papillata,-,-,I.Telford  L.M.Copel,-
Philotheca wonganensis,Wongan Eriostemon,-,Endangered,-,-,-,-,-,-,-,Yes,-,-,-,-,-,-,-,-,-,64945,-,Plantae,Magnoliopsida,http://www.environment.gov.au/cgi-bin/sprat/public/publicspecies.pl?taxon_id=64945,2026-Aug-28,https://id.biodiversity.org.au/name/apni/154745,Rutaceae,Philotheca,wonganensis,-,-,(Paul G.Wilson) Paul G.Wilson,-
Phlegmariurus carinatus,Keeled Tassel-fern,-,Endangered,-,-,-,Yes,-,-,-,-,-,-,-,-,-,-,-,-,-,86549,-,Plantae,Lycopodopiatae,http://www.environment.gov.au/cgi-bin/sprat/public/publicspecies.pl?taxon_id=86549,2026-Aug-28,https://id.biodiversity.org.au/name/apni/242303,Lycopodiaceae,Phlegmariurus,carinatus,-,-,(Desv. ex Poir.) Ching,-
Phlegmariurus dalhousieanus,Blue Tassel-fern,-,Endangered,-,-,-,Yes,-,-,-,-,-,-,-,-,-,-,-,-,-,86550,-,Plantae,Lycopodopiatae,http://www.environment.gov.au/cgi-bin/sprat/public/publicspecies.pl?taxon_id=86550,2026-Aug-28,https://id.biodiversity.org.au/name/apni/242304,Lycopodiaceae,Phlegmariurus,dalhousieanus,-,-,(Spring) A.R.Field  Bostock,-
Phlegmariurus filiformis,Rat's Tail Tassel-fern,-,Endangered,-,-,-,Yes,-,-,-,-,-,-,-,-,-,-,-,-,-,86551,-,Plantae,Lycopodopiatae,http://www.environment.gov.au/cgi-bin/sprat/public/publicspecies.pl?taxon_id=86551,2026-Aug-28,https://id.biodiversity.org.au/name/apni/242305,Lycopodiaceae,Phlegmariurus,filiformis,-,-,(Sw.) W.H.Wagner,-
Phlegmariurus lockyeri,-,-,Vulnerable,-,-,-,Yes,-,-,-,-,-,-,-,-,-,-,-,-,-,86552,-,Plantae,Lycopodopiatae,http://www.environment.gov.au/cgi-bin/sprat/public/publicspecies.pl?taxon_id=86552,2026-Aug-28,https://id.biodiversity.org.au/name/apni/242306,Lycopodiaceae,Phlegmariurus,lockyeri,-,-,(D.L.Jones  B.Gray) A.R.Field  Bostock,-
Phlegmariurus marsupiiformis,Water Tassel-fern,Phlegmariurus delbrueckii,Vulnerable,-,-,-,Yes,-,-,-,-,-,-,-,-,-,-,-,-,-,86553,90429,Plantae,Lycopodopiatae,http://www.environment.gov.au/cgi-bin/sprat/public/publicspecies.pl?taxon_id=86553,2026-Aug-28,https://id.biodiversity.org.au/name/apni/242307,Lycopodiaceae,Phlegmariurus,marsupiiformis,-,-,(D.L.Jones  B.Gray) A.R.Field  Bostock,-
Phlegmariurus squarrosus,"Rock Tassel-fern, Water Tassel-fern",-,Critically Endangered,-,-,-,Yes,-,-,-,-,-,-,-,-,-,-,-,-,-,86556,-,Plantae,Lycopodopiatae,http://www.environment.gov.au/cgi-bin/sprat/public/publicspecies.pl?taxon_id=86556,2026-Aug-28,https://id.biodiversity.org.au/name/apni/242312,Lycopodiaceae,Phlegmariurus,squarrosus,-,-,(G.Forst.) A.Love  D.Love,-
Phlegmariurus tetrastichoides,Square Tassel Fern,-,Vulnerable,-,-,-,Yes,-,-,-,-,-,-,-,-,-,-,-,-,-,86555,-,Plantae,Lycopodopiatae,http://www.environment.gov.au/cgi-bin/sprat/public/publicspecies.pl?taxon_id=86555,2026-Aug-28,https://id.biodiversity.org.au/name/apni/242313,Lycopodiaceae,Phlegmariurus,tetrastichoides,-,-,(A.R.Field  Bostock) A.R.Field  Bostock,-
Phoebetria fusca,Sooty Albatross,-,Vulnerable,-,Yes,-,Yes,Yes,Yes,Yes,Yes,-,-,-,-,-,-,Yes,-,Yes,1075,-,Animalia,Aves,http://www.environment.gov.au/cgi-bin/sprat/public/publicspecies.pl?taxon_id=1075,2026-Aug-28,-,Diomedeidae,Phoebetria,fusca,-,-,"(Hilsenberg,1822)",-
Phreatia limenophylax,Norfolk Island Phreatia,Plexaure limenophylax,Critically Endangered,-,-,-,-,-,-,-,-,-,-,-,-,-,Yes,-,-,-,9239,40903,Plantae,Liliopsida,http://www.environment.gov.au/cgi-bin/sprat/public/publicspecies.pl?taxon_id=9239,2026-Aug-28,https://id.biodiversity.org.au/name/apni/84776,Orchidaceae,Phreatia,limenophylax,-,-,(Endl.) Benth.,-
Phreatia paleata,White Lace Orchid,Eria paleata,Endangered,-,-,-,-,-,-,-,-,-,-,-,-,-,Yes,-,-,-,20193,56010,Plantae,Liliopsida,http://www.environment.gov.au/cgi-bin/sprat/public/publicspecies.pl?taxon_id=20193,2026-Aug-28,https://id.biodiversity.org.au/name/apni/117120,Orchidaceae,Phreatia,paleata,-,-,H.G.Reichb.f.,-
Phyllodes imperialis smithersi,Pink Underwing Moth,-,Endangered,-,Yes,-,Yes,-,-,-,-,-,-,-,-,-,-,-,-,-,86084,-,Animalia,Insecta,http://www.environment.gov.au/cgi-bin/sprat/public/publicspecies.pl?taxon_id=86084,2026-Aug-28,-,Noctuidae,Phyllodes,imperialis,-,smithersi,-,"Sands, 2012"
Phyllota humifusa,Dwarf Phyllota,-,Vulnerable,-,Yes,-,-,-,-,-,-,-,-,-,-,-,-,-,-,-,10133,-,Plantae,Magnoliopsida,http://www.environment.gov.au/cgi-bin/sprat/public/publicspecies.pl?taxon_id=10133,2026-Aug-28,https://id.biodiversity.org.au/name/apni/96626,Fabaceae,Phyllota,humifusa,-,-,Benth.,-
Phyllurus caudiannulatus,Ringed Thin-tail Gecko,-,Endangered,-,-,-,Yes,-,-,-,-,-,-,-,-,-,-,-,-,-,1681,-,Animalia,Reptilia,http://www.environment.gov.au/cgi-bin/sprat/public/publicspecies.pl?taxon_id=1681,2026-Aug-28,-,Carphodactylidae,Phyllurus,caudiannulatus,-,-,"Covacevich,1975",-
Phyllurus gulbaru,Gulbaru Gecko,-,Critically Endangered,-,-,-,Yes,-,-,-,-,-,-,-,-,-,-,-,-,-,84753,-,Animalia,Reptilia,http://www.environment.gov.au/cgi-bin/sprat/public/publicspecies.pl?taxon_id=84753,2026-Aug-28,-,Carphodactylidae,Phyllurus,gulbaru,-,-,"Hoskin, Couper  Schneider, 2003",-
Phyllurus kabikabi,Oakview Leaf-tailed Gecko,-,Critically Endangered,-,-,-,Yes,-,-,-,-,-,-,-,-,-,-,-,-,-,84754,-,Animalia,Reptilia,http://www.environment.gov.au/cgi-bin/sprat/public/publicspecies.pl?taxon_id=84754,2026-Aug-28,-,Carphodactylidae,Phyllurus,kabikabi,-,-,"Couper, Hamley  Hoskin, 2008",-
Phyllurus pinnaclensis,Pinnacles Leaf-tailed Gecko,-,Critically Endangered,-,-,-,Yes,-,-,-,-,-,-,-,-,-,-,-,-,-,91229,-,Animalia,Reptilia,http://www.environment.gov.au/cgi-bin/sprat/public/publicspecies.pl?taxon_id=91229,2026-Aug-28,-,Carphodactylidae,Phyllurus,pinnaclensis,-,-,"Hoskin, Bertola  Higgie, 2019",-
Picris evae,Hawkweed,-,Vulnerable,-,Yes,-,Yes,-,-,-,-,-,-,-,-,-,-,-,-,-,10839,-,Plantae,Magnoliopsida,http://www.environment.gov.au/cgi-bin/sprat/public/publicspecies.pl?taxon_id=10839,2026-Aug-28,https://id.biodiversity.org.au/name/apni/110440,Asteraceae,Picris,evae,-,-,Lack,-
Pimelea axiflora subsp. pubescens,Bungonia Rice-flower,-,Endangered,-,Yes,-,-,-,-,-,-,-,-,-,-,-,-,-,-,-,21981,-,Plantae,Magnoliopsida,http://www.environment.gov.au/cgi-bin/sprat/public/publicspecies.pl?taxon_id=21981,2026-Aug-28,https://id.biodiversity.org.au/name/apni/66943,Thymelaeaceae,Pimelea,axiflora,subsp.,pubescens,-,Rye
Pimelea bracteata,-,-,Critically Endangered,-,Yes,-,-,-,-,-,-,-,-,-,-,-,-,-,-,-,8125,-,Plantae,Magnoliopsida,http://www.environment.gov.au/cgi-bin/sprat/public/publicspecies.pl?taxon_id=8125,2026-Aug-28,https://id.biodiversity.org.au/name/apni/67014,Thymelaeaceae,Pimelea,bracteata,-,-,Threlfall,-
Pimelea cremnophila,-,-,Critically Endangered,-,Yes,-,-,-,-,-,-,-,-,-,-,-,-,-,-,-,89742,-,Plantae,Magnoliopsida,http://www.environment.gov.au/cgi-bin/sprat/public/publicspecies.pl?taxon_id=89742,2026-Aug-28,https://id.biodiversity.org.au/name/apni/192626,Thymelaeaceae,Pimelea,cremnophila,-,-,L.M.Copel.  I.Telford,-
Pimelea curviflora var. curviflora,-,-,Vulnerable,-,Yes,-,-,-,-,-,-,-,-,-,-,-,-,-,-,-,4182,-,Plantae,Magnoliopsida,http://www.environment.gov.au/cgi-bin/sprat/public/publicspecies.pl?taxon_id=4182,2026-Aug-28,https://id.biodiversity.org.au/name/apni/67432,Thymelaeaceae,Pimelea,curviflora,var.,curviflora,R.Br.,-
Pimelea leptospermoides,-,-,Vulnerable,-,-,-,Yes,-,-,-,-,-,-,-,-,-,-,-,-,-,20849,-,Plantae,Magnoliopsida,http://www.environment.gov.au/cgi-bin/sprat/public/publicspecies.pl?taxon_id=20849,2026-Aug-28,https://id.biodiversity.org.au/name/apni/68957,Thymelaeaceae,Pimelea,leptospermoides,-,-,F.Muell.,-
Pimelea pagophila,Grampians Rice-flower,-,Vulnerable,-,-,-,-,-,-,Yes,-,-,-,-,-,-,-,-,-,-,21990,-,Plantae,Magnoliopsida,http://www.environment.gov.au/cgi-bin/sprat/public/publicspecies.pl?taxon_id=21990,2026-Aug-28,https://id.biodiversity.org.au/name/apni/69911,Thymelaeaceae,Pimelea,pagophila,-,-,Rye,-
Pimelea spicata,Spiked Rice-flower,-,Endangered,-,Yes,-,-,-,-,-,-,-,-,-,-,-,-,-,-,-,20834,-,Plantae,Magnoliopsida,http://www.environment.gov.au/cgi-bin/sprat/public/publicspecies.pl?taxon_id=20834,2026-Aug-28,https://id.biodiversity.org.au/name/apni/70616,Thymelaeaceae,Pimelea,spicata,-,-,R.Br.,-
Pimelea spinescens subsp. pubiflora,Wimmera Rice-flower,-,Critically Endangered,-,-,-,-,-,-,Yes,-,-,-,-,-,-,-,-,-,-,21979,-,Plantae,Magnoliopsida,http://www.environment.gov.au/cgi-bin/sprat/public/publicspecies.pl?taxon_id=21979,2026-Aug-28,https://id.biodiversity.org.au/name/apni/70630,Thymelaeaceae,Pimelea,spinescens,subsp.,pubiflora,-,Rye
Pimelea spinescens subsp. spinescens,"Plains Rice-flower, Spiny Rice-flower, Prickly Pimelea",-,Critically Endangered,-,-,-,-,-,-,Yes,-,-,-,-,-,-,-,-,-,-,21980,-,Plantae,Magnoliopsida,http://www.environment.gov.au/cgi-bin/sprat/public/publicspecies.pl?taxon_id=21980,2026-Aug-28,https://id.biodiversity.org.au/name/apni/70633,Thymelaeaceae,Pimelea,spinescens,subsp.,spinescens,Rye,-
Pimelea venosa,Bolivia Hill Rice-flower,-,Endangered,-,Yes,-,-,-,-,-,-,-,-,-,-,-,-,-,-,-,16385,-,Plantae,Magnoliopsida,http://www.environment.gov.au/cgi-bin/sprat/public/publicspecies.pl?taxon_id=16385,2026-Aug-28,https://id.biodiversity.org.au/name/apni/70920,Thymelaeaceae,Pimelea,venosa,-,-,Threlfall,-
Pipistrellus murrayi,Christmas Island Pipistrelle,-,Extinct,-,-,-,-,-,-,-,-,-,-,Yes,-,-,-,-,-,-,64383,-,Animalia,Mammalia,http://www.environment.gov.au/cgi-bin/sprat/public/publicspecies.pl?taxon_id=64383,2026-Aug-28,-,Vespertilionidae,Pipistrellus,murrayi,-,-,"Andrews,1900",-
Pittosporum bracteolatum,Oleander,-,Vulnerable,-,-,-,-,-,-,-,-,-,-,-,-,-,Yes,-,-,-,47181,-,Plantae,Magnoliopsida,http://www.environment.gov.au/cgi-bin/sprat/public/publicspecies.pl?taxon_id=47181,2026-Aug-28,https://id.biodiversity.org.au/name/apni/99408,Pittosporaceae,Pittosporum,bracteolatum,-,-,Endl.,-
Pittosporum kororoense,Big Banana Pittosporum,-,Critically Endangered,-,Yes,-,-,-,-,-,-,-,-,-,-,-,-,-,-,-,93324,-,Plantae,Magnoliopsida,http://www.environment.gov.au/cgi-bin/sprat/public/publicspecies.pl?taxon_id=93324,2026-Aug-28,https://id.biodiversity.org.au/name/apni/51734387,Pittosporaceae,Pittosporum,kororoense,-,-,Benwell,-
Pityrodia augustensis,Mt Augustus Foxglove,-,Vulnerable,-,-,-,-,-,-,-,Yes,-,-,-,-,-,-,-,-,-,4962,-,Plantae,Magnoliopsida,http://www.environment.gov.au/cgi-bin/sprat/public/publicspecies.pl?taxon_id=4962,2026-Aug-28,https://id.biodiversity.org.au/name/apni/100576,Lamiaceae,Pityrodia,augustensis,-,-,Munir,-
Pityrodia scabra subsp. scabra,Wyalkatchem Foxglove,-,Endangered,-,-,-,-,-,-,-,Yes,-,-,-,-,-,-,-,-,-,86454,-,Plantae,Magnoliopsida,http://www.environment.gov.au/cgi-bin/sprat/public/publicspecies.pl?taxon_id=86454,2026-Aug-28,https://id.biodiversity.org.au/name/apni/242107,Lamiaceae,Pityrodia,scabra,subsp.,scabra,A.S.George,-
Pityrodia sp. Marble Bar (G.Woodman & D.Coultas GWDC Opp 4),-,Quoya zonalis,Endangered,-,-,-,-,-,-,-,Yes,-,-,-,-,-,-,-,-,-,88310,91588,Plantae,Magnoliopsida,http://www.environment.gov.au/cgi-bin/sprat/public/publicspecies.pl?taxon_id=88310,2026-Aug-28,https://id.biodiversity.org.au/name/apni/246710,Lamiaceae,Pityrodia,sp. Marble Bar (G.Woodman & D.Coultas GWDC Opp 4),-,-,-,WA Herbarium
Placostylus bivaricosus,"Lord Howe Flax Snail, Lord Howe Placostylus",-,Endangered,-,Yes,-,-,-,-,-,-,-,-,-,-,-,-,-,-,-,66769,-,Animalia,Gastropoda,http://www.environment.gov.au/cgi-bin/sprat/public/publicspecies.pl?taxon_id=66769,2026-Aug-28,-,Bulimulidae,Placostylus,bivaricosus,-,-,"(Gaskoin, 1855)",-
Planchonella costata,Bastard Ironwood,-,Endangered,-,-,-,-,-,-,-,-,-,-,-,-,-,Yes,-,-,-,30944,-,Plantae,Magnoliopsida,http://www.environment.gov.au/cgi-bin/sprat/public/publicspecies.pl?taxon_id=30944,2026-Aug-28,https://id.biodiversity.org.au/name/apni/63502,Sapotaceae,Planchonella,costata,-,-,(Endl.) Pierre,-
Planchonella eerwah,"Shiny-leaved Condoo, Black Plum, Wild Apple",-,Endangered,-,-,-,Yes,-,-,-,-,-,-,-,-,-,-,-,-,-,17340,-,Plantae,Magnoliopsida,http://www.environment.gov.au/cgi-bin/sprat/public/publicspecies.pl?taxon_id=17340,2026-Aug-28,https://id.biodiversity.org.au/name/apni/77182,Sapotaceae,Planchonella,eerwah,-,-,(Bailey) P.Royen,-
Platycercus caledonicus brownii,Green Rosella (King Island),-,Vulnerable,-,-,-,-,-,Yes,-,-,-,-,-,-,-,-,-,-,-,67041,-,Animalia,Aves,http://www.environment.gov.au/cgi-bin/sprat/public/publicspecies.pl?taxon_id=67041,2026-Aug-28,-,Psittacidae,Platycercus,caledonicus,-,brownii,-,"(Kuhl, 1820)"
Platycercus elegans melanopterus,Kangaroo Island Crimson Rosella,-,Vulnerable,-,-,-,-,Yes,-,-,-,-,-,-,-,-,-,-,-,-,91209,-,Animalia,Aves,http://www.environment.gov.au/cgi-bin/sprat/public/publicspecies.pl?taxon_id=91209,2026-Aug-28,-,Psittacidae,Platycercus,elegans,-,melanopterus,-,"North, 1906"
Plectranthus gratus,-,Coleus gratus,Vulnerable,-,-,-,Yes,-,-,-,-,-,-,-,-,-,-,-,-,-,14130,91401,Plantae,Magnoliopsida,http://www.environment.gov.au/cgi-bin/sprat/public/publicspecies.pl?taxon_id=14130,2026-Aug-28,https://id.biodiversity.org.au/name/apni/82609,Lamiaceae,Plectranthus,gratus,-,-,S.T.Blake,-
Plectranthus habrophyllus,-,Coleus habrophyllus,Endangered,-,-,-,Yes,-,-,-,-,-,-,-,-,-,-,-,-,-,64589,91378,Plantae,Magnoliopsida,http://www.environment.gov.au/cgi-bin/sprat/public/publicspecies.pl?taxon_id=64589,2026-Aug-28,https://id.biodiversity.org.au/name/apni/154669,Lamiaceae,Plectranthus,habrophyllus,-,-,P.I.Forster,-
Plectranthus leiperi,-,Coleus leiperi,Vulnerable,-,-,-,Yes,-,-,-,-,-,-,-,-,-,-,-,-,-,64590,91402,Plantae,Magnoliopsida,http://www.environment.gov.au/cgi-bin/sprat/public/publicspecies.pl?taxon_id=64590,2026-Aug-28,https://id.biodiversity.org.au/name/apni/154612,Lamiaceae,Plectranthus,leiperi,-,-,P.I.Forster,-
Plectranthus nitidus,"Nightcap Plectranthus, Silver Plectranthus",Coleus nitidus,Endangered,-,Yes,-,Yes,-,-,-,-,-,-,-,-,-,-,-,-,-,55742,91380,Plantae,Magnoliopsida,http://www.environment.gov.au/cgi-bin/sprat/public/publicspecies.pl?taxon_id=55742,2026-Aug-28,https://id.biodiversity.org.au/name/apni/118187,Lamiaceae,Plectranthus,nitidus,-,-,P.I.Forst.,-
Plectranthus omissus,-,Coleus omissus,Endangered,-,-,-,Yes,-,-,-,-,-,-,-,-,-,-,-,-,-,55729,91381,Plantae,Magnoliopsida,http://www.environment.gov.au/cgi-bin/sprat/public/publicspecies.pl?taxon_id=55729,2026-Aug-28,https://id.biodiversity.org.au/name/apni/118174,Lamiaceae,Plectranthus,omissus,-,-,P.I.Forst.,-
Plectranthus torrenticola,-,Coleus torrenticola,Endangered,-,-,-,Yes,-,-,-,-,-,-,-,-,-,-,-,-,-,55728,91382,Plantae,Magnoliopsida,http://www.environment.gov.au/cgi-bin/sprat/public/publicspecies.pl?taxon_id=55728,2026-Aug-28,https://id.biodiversity.org.au/name/apni/118173,Lamiaceae,Plectranthus,torrenticola,-,-,P.I.Forster,-
Plesioneuron tuberculatum,-,-,Endangered,-,-,-,Yes,-,-,-,-,-,-,-,-,-,-,-,-,-,24604,-,Plantae,Polypodiatae,http://www.environment.gov.au/cgi-bin/sprat/public/publicspecies.pl?taxon_id=24604,2026-Aug-28,https://id.biodiversity.org.au/name/apni/84350,Thelypteridaceae,Plesioneuron,tuberculatum,-,-,(Cesati) Holttum,-
Pleuropappus phyllocalymmeus,Silver Candles,Angianthus phyllocalymmeus,Vulnerable,-,-,-,-,Yes,-,-,-,-,-,-,-,-,-,-,-,-,21123,43575,Plantae,Magnoliopsida,http://www.environment.gov.au/cgi-bin/sprat/public/publicspecies.pl?taxon_id=21123,2026-Aug-28,https://id.biodiversity.org.au/name/apni/85510,Asteraceae,Pleuropappus,phyllocalymmeus,-,-,F.Muell.,-
Plinthanthesis rodwayi,Budawangs Wallaby-grass,-,Critically Endangered,-,Yes,-,-,-,-,-,-,-,-,-,-,-,-,-,-,-,19832,-,Plantae,Liliopsida,http://www.environment.gov.au/cgi-bin/sprat/public/publicspecies.pl?taxon_id=19832,2026-Aug-28,https://id.biodiversity.org.au/name/apni/85606,Poaceae,Plinthanthesis,rodwayi,-,-,(C.E.Hubb.) S.T.Blake,-
Pluvialis squatarola,Grey Plover,-,Vulnerable,-,Yes,Yes,Yes,Yes,Yes,Yes,Yes,-,-,-,-,-,-,-,-,-,865,-,Animalia,Aves,http://www.environment.gov.au/cgi-bin/sprat/public/publicspecies.pl?taxon_id=865,2026-Aug-28,-,Charadriidae,Pluvialis,squatarola,-,-,"(Linnaeus,1758)",-
Pneumatopteris truncata,fern,-,Critically Endangered,-,-,-,-,-,-,-,-,-,-,Yes,-,-,-,-,-,-,68812,-,Plantae,Polypodiatae,http://www.environment.gov.au/cgi-bin/sprat/public/publicspecies.pl?taxon_id=68812,2026-Aug-28,https://id.biodiversity.org.au/name/apni/161108,Thelypteridaceae,Pneumatopteris,truncata,-,-,(Poir.) Holttum,-
Poa sallacustris,Salt-lake Tussock-grass,-,Vulnerable,-,-,-,-,-,-,Yes,-,-,-,-,-,-,-,-,-,-,24424,-,Plantae,Liliopsida,http://www.environment.gov.au/cgi-bin/sprat/public/publicspecies.pl?taxon_id=24424,2026-Aug-28,https://id.biodiversity.org.au/name/apni/117776,Poaceae,Poa,sallacustris,-,-,N.G.Walsh,-
Poephila cincta cincta,Southern Black-throated Finch,-,Endangered,-,Yes,-,Yes,-,-,-,-,-,-,-,-,-,-,-,-,-,64447,-,Animalia,Aves,http://www.environment.gov.au/cgi-bin/sprat/public/publicspecies.pl?taxon_id=64447,2026-Aug-28,-,Passeridae,Poephila,cincta,-,cincta,"(Gould, 1837)",-
Polianthion minutiflorum,-,-,Vulnerable,-,-,-,Yes,-,-,-,-,-,-,-,-,-,-,-,-,-,82772,-,Plantae,Magnoliopsida,http://www.environment.gov.au/cgi-bin/sprat/public/publicspecies.pl?taxon_id=82772,2026-Aug-28,https://id.biodiversity.org.au/name/apni/195051,Rhamnaceae,Polianthion,minutiflorum,-,-,(E.M.Ross) K.R.Thiele,-
Polyphlebium endlicherianum,Middle Filmy Fern,-,Endangered,-,-,-,Yes,-,-,-,-,-,-,-,-,-,Yes,-,-,-,87494,-,Plantae,Polypodiatae,http://www.environment.gov.au/cgi-bin/sprat/public/publicspecies.pl?taxon_id=87494,2026-Aug-28,https://id.biodiversity.org.au/name/apni/241951,Hymenophyllaceae,Polyphlebium,endlicherianum,-,-,(C.Presl.) P.S.Green,-
Polyscias bellendenkerensis,-,-,Vulnerable,-,-,-,Yes,-,-,-,-,-,-,-,-,-,-,-,-,-,7237,-,Plantae,Magnoliopsida,http://www.environment.gov.au/cgi-bin/sprat/public/publicspecies.pl?taxon_id=7237,2026-Aug-28,https://id.biodiversity.org.au/name/apni/84821,Araliaceae,Polyscias,bellendenkerensis,-,-,(Bailey) Philipson,-
Polystichum moorei,Rock Shield Fern,-,Endangered,-,Yes,-,-,-,-,-,-,-,-,-,-,-,-,-,-,-,40755,-,Plantae,Polypodiatae,http://www.environment.gov.au/cgi-bin/sprat/public/publicspecies.pl?taxon_id=40755,2026-Aug-28,https://id.biodiversity.org.au/name/apni/207507,Dryopteridaceae,Polystichum,moorei,-,-,(Christ) W.Oliver,-
Polytelis alexandrae,"Princess Parrot, Alexandra's Parrot",-,Vulnerable,-,-,Yes,-,Yes,-,-,Yes,-,-,-,-,-,-,-,-,-,758,-,Animalia,Aves,http://www.environment.gov.au/cgi-bin/sprat/public/publicspecies.pl?taxon_id=758,2026-Aug-28,-,Psittacidae,Polytelis,alexandrae,-,-,"Gould,1863",-
Polytelis anthopeplus monarchoides,Regent Parrot (eastern),-,Vulnerable,-,Yes,-,-,Yes,-,Yes,-,-,-,-,-,-,-,-,-,-,59612,-,Animalia,Aves,http://www.environment.gov.au/cgi-bin/sprat/public/publicspecies.pl?taxon_id=59612,2026-Aug-28,-,Psittacidae,Polytelis,anthopeplus,-,monarchoides,-,"Schodde,1993"
Polytelis swainsonii,Superb Parrot,-,Vulnerable,Yes,Yes,-,-,-,-,Yes,-,-,-,-,-,-,-,-,-,-,738,-,Animalia,Aves,http://www.environment.gov.au/cgi-bin/sprat/public/publicspecies.pl?taxon_id=738,2026-Aug-28,-,Psittacidae,Polytelis,swainsonii,-,-,"(Desmarest,1826)",-
Pomaderris brunnea,"Rufous Pomaderris, Brown Pomaderris",-,Vulnerable,-,Yes,-,-,-,-,Yes,-,-,-,-,-,-,-,-,-,-,16845,-,Plantae,Magnoliopsida,http://www.environment.gov.au/cgi-bin/sprat/public/publicspecies.pl?taxon_id=16845,2026-Aug-28,https://id.biodiversity.org.au/name/apni/93513,Rhamnaceae,Pomaderris,brunnea,-,-,Wakef.,-
Pomaderris clivicola,-,-,Vulnerable,-,-,-,Yes,-,-,-,-,-,-,-,-,-,-,-,-,-,55151,-,Plantae,Magnoliopsida,http://www.environment.gov.au/cgi-bin/sprat/public/publicspecies.pl?taxon_id=55151,2026-Aug-28,https://id.biodiversity.org.au/name/apni/117517,Rhamnaceae,Pomaderris,clivicola,-,-,E.M.Ross,-
Pomaderris cocoparrana,-,-,Endangered,-,Yes,-,-,-,-,-,-,-,-,-,-,-,-,-,-,-,21898,-,Plantae,Magnoliopsida,http://www.environment.gov.au/cgi-bin/sprat/public/publicspecies.pl?taxon_id=21898,2026-Aug-28,https://id.biodiversity.org.au/name/apni/117248,Rhamnaceae,Pomaderris,cocoparrana,-,-,N.G.Walsh,-
Pomaderris cotoneaster,Cotoneaster Pomaderris,-,Endangered,-,Yes,-,-,-,-,Yes,-,-,-,-,-,-,-,-,-,-,2043,-,Plantae,Magnoliopsida,http://www.environment.gov.au/cgi-bin/sprat/public/publicspecies.pl?taxon_id=2043,2026-Aug-28,https://id.biodiversity.org.au/name/apni/93750,Rhamnaceae,Pomaderris,cotoneaster,-,-,Wakef.,-
Pomaderris delicata,-,-,Critically Endangered,-,Yes,-,-,-,-,-,-,-,-,-,-,-,-,-,-,-,67208,-,Plantae,Magnoliopsida,http://www.environment.gov.au/cgi-bin/sprat/public/publicspecies.pl?taxon_id=67208,2026-Aug-28,https://id.biodiversity.org.au/name/apni/154135,Rhamnaceae,Pomaderris,delicata,-,-,N.G.Walsh  F.Coates,-
Pomaderris gilmourii var. cana,Grey Deua Pomaderris,-,Critically Endangered,-,Yes,-,-,-,-,-,-,-,-,-,-,-,-,-,-,-,21870,-,Plantae,Magnoliopsida,http://www.environment.gov.au/cgi-bin/sprat/public/publicspecies.pl?taxon_id=21870,2026-Aug-28,https://id.biodiversity.org.au/name/apni/94111,Rhamnaceae,Pomaderris,gilmourii,var.,cana,-,N.G.Walsh
Pomaderris gilmourii var. gilmourii,-,-,Endangered,-,Yes,-,-,-,-,-,-,-,-,-,-,-,-,-,-,-,21869,-,Plantae,Magnoliopsida,http://www.environment.gov.au/cgi-bin/sprat/public/publicspecies.pl?taxon_id=21869,2026-Aug-28,https://id.biodiversity.org.au/name/apni/94114,Rhamnaceae,Pomaderris,gilmourii,var.,gilmourii,N.Walsh,-
Pomaderris halmaturina subsp. halmaturina,Kangaroo Island Pomaderris,-,Vulnerable,-,-,-,-,Yes,-,-,-,-,-,-,-,-,-,-,-,-,21964,-,Plantae,Magnoliopsida,http://www.environment.gov.au/cgi-bin/sprat/public/publicspecies.pl?taxon_id=21964,2026-Aug-28,https://id.biodiversity.org.au/name/apni/117269,Rhamnaceae,Pomaderris,halmaturina,subsp.,halmaturina,J.M.Black,-
Pomaderris pallida,Pale Pomaderris,-,Vulnerable,Yes,Yes,-,-,-,-,-,-,-,-,-,-,-,-,-,-,-,13684,-,Plantae,Magnoliopsida,http://www.environment.gov.au/cgi-bin/sprat/public/publicspecies.pl?taxon_id=13684,2026-Aug-28,https://id.biodiversity.org.au/name/apni/112326,Rhamnaceae,Pomaderris,pallida,-,-,Wakef.,-
Pomaderris parrisiae,Parris' Pomaderris,-,Vulnerable,-,Yes,-,-,-,-,-,-,-,-,-,-,-,-,-,-,-,22119,-,Plantae,Magnoliopsida,http://www.environment.gov.au/cgi-bin/sprat/public/publicspecies.pl?taxon_id=22119,2026-Aug-28,https://id.biodiversity.org.au/name/apni/117315,Rhamnaceae,Pomaderris,parrisiae,-,-,N.G.Walsh,-
Pomaderris pilifera subsp. talpicutica,Moleskin Dogwood,-,Vulnerable,-,-,-,-,-,Yes,-,-,-,-,-,-,-,-,-,-,-,84295,-,Plantae,Magnoliopsida,http://www.environment.gov.au/cgi-bin/sprat/public/publicspecies.pl?taxon_id=84295,2026-Aug-28,https://id.biodiversity.org.au/name/apni/206418,Rhamnaceae,Pomaderris,pilifera,subsp.,talpicutica,-,A.M.Gray  Wapstra
Pomaderris reperta,Denman Pomaderris,-,Critically Endangered,-,Yes,-,-,-,-,-,-,-,-,-,-,-,-,-,-,-,77103,-,Plantae,Magnoliopsida,http://www.environment.gov.au/cgi-bin/sprat/public/publicspecies.pl?taxon_id=77103,2026-Aug-28,https://id.biodiversity.org.au/name/apni/166880,Rhamnaceae,Pomaderris,reperta,-,-,N.G. Walsh  F. Coates,-
Pomaderris sericea,Bent Pomaderris,-,Critically Endangered,-,Yes,-,-,-,-,Yes,-,-,-,-,-,-,-,-,-,-,9597,-,Plantae,Magnoliopsida,http://www.environment.gov.au/cgi-bin/sprat/public/publicspecies.pl?taxon_id=9597,2026-Aug-28,https://id.biodiversity.org.au/name/apni/113051,Rhamnaceae,Pomaderris,sericea,-,-,Wakef.,-
Pomaderris subplicata,Concave Pomaderris,-,Vulnerable,-,-,-,-,-,-,Yes,-,-,-,-,-,-,-,-,-,-,24513,-,Plantae,Magnoliopsida,http://www.environment.gov.au/cgi-bin/sprat/public/publicspecies.pl?taxon_id=24513,2026-Aug-28,https://id.biodiversity.org.au/name/apni/117808,Rhamnaceae,Pomaderris,subplicata,-,-,N.G.Walsh,-
Pomaderris vacciniifolia,Round-leaf Pomaderris,-,Critically Endangered,-,-,-,-,-,-,Yes,-,-,-,-,-,-,-,-,-,-,4256,-,Plantae,Magnoliopsida,http://www.environment.gov.au/cgi-bin/sprat/public/publicspecies.pl?taxon_id=4256,2026-Aug-28,https://id.biodiversity.org.au/name/apni/113348,Rhamnaceae,Pomaderris,vacciniifolia,-,-,Reisseck,-
Pomaderris walshii,Carrington Falls Pomaderris,-,Critically Endangered,-,Yes,-,-,-,-,-,-,-,-,-,-,-,-,-,-,-,84704,-,Plantae,Magnoliopsida,http://www.environment.gov.au/cgi-bin/sprat/public/publicspecies.pl?taxon_id=84704,2026-Aug-28,https://id.biodiversity.org.au/name/apni/196559,Rhamnaceae,Pomaderris,walshii,-,-,Millott  K.L.McDougall,-
Pommerhelix duralensis,Dural Land Snail,-,Endangered,-,Yes,-,-,-,-,-,-,-,-,-,-,-,-,-,-,-,85268,-,Animalia,Gastropoda,http://www.environment.gov.au/cgi-bin/sprat/public/publicspecies.pl?taxon_id=85268,2026-Aug-28,-,Camaenidae,Pommerhelix,duralensis,-,-,"(Cox, 1868)",-
Poranthera petalifera,Mountain Poranthera,-,Vulnerable,-,-,-,-,-,Yes,-,-,-,-,-,-,-,-,-,-,-,85335,-,Plantae,Magnoliopsida,http://www.environment.gov.au/cgi-bin/sprat/public/publicspecies.pl?taxon_id=85335,2026-Aug-28,https://id.biodiversity.org.au/name/apni/198052,Euphorbiaceae,Poranthera,petalifera,-,-,(Orchard  J.B.Davies) Halford  R.J.F.Hend.,-
Porphyrio albus,White Gallinule,-,Extinct,-,Yes,-,-,-,-,-,-,-,-,-,-,-,-,-,-,-,66502,-,Animalia,Aves,http://www.environment.gov.au/cgi-bin/sprat/public/publicspecies.pl?taxon_id=66502,2026-Aug-28,-,Rallidae,Porphyrio,albus,-,-,"(Shaw, 1790)",-
Potorous gilbertii,"Gilbert's Potoroo, Ngilkat",-,Critically Endangered,-,-,-,-,-,-,-,Yes,-,-,-,-,-,-,-,-,-,66642,-,Animalia,Mammalia,http://www.environment.gov.au/cgi-bin/sprat/public/publicspecies.pl?taxon_id=66642,2026-Aug-28,-,Potoroidae,Potorous,gilbertii,-,-,-,-
Potorous longipes,Long-footed Potoroo,-,Endangered,-,Yes,-,-,-,-,Yes,-,-,-,-,-,-,-,-,-,-,217,-,Animalia,Mammalia,http://www.environment.gov.au/cgi-bin/sprat/public/publicspecies.pl?taxon_id=217,2026-Aug-28,-,Potoroidae,Potorous,longipes,-,-,"Seebeck and Johnston,1980",-
Potorous platyops,"Broad-faced Potoroo, Moda",-,Extinct,-,-,-,-,-,-,-,Yes,-,-,-,-,-,-,-,-,-,195,-,Animalia,Mammalia,http://www.environment.gov.au/cgi-bin/sprat/public/publicspecies.pl?taxon_id=195,2026-Aug-28,-,Potoroidae,Potorous,platyops,-,-,"(Gould, 1844)",-
Potorous tridactylus tridactylus,Long-nosed Potoroo (northern),-,Vulnerable,-,Yes,-,Yes,-,-,-,-,-,-,-,-,Yes,-,-,-,-,66645,-,Animalia,Mammalia,http://www.environment.gov.au/cgi-bin/sprat/public/publicspecies.pl?taxon_id=66645,2026-Aug-28,-,Potoroidae,Potorous,tridactylus,-,tridactylus,-,-
Potorous tridactylus trisulcatus,Long-nosed Potoroo (southern mainland),-,Vulnerable,-,Yes,-,-,Yes,-,Yes,-,-,-,-,-,-,-,-,-,-,86367,-,Animalia,Mammalia,http://www.environment.gov.au/cgi-bin/sprat/public/publicspecies.pl?taxon_id=86367,2026-Aug-28,-,Potoroidae,Potorous,tridactylus,-,trisulcatus,-,"(McKoy, 1865)"
Prasophyllum affine,Jervis Bay Leek Orchid,-,Endangered,-,Yes,-,-,-,-,-,-,-,-,-,-,-,-,-,-,-,2210,-,Plantae,Liliopsida,http://www.environment.gov.au/cgi-bin/sprat/public/publicspecies.pl?taxon_id=2210,2026-Aug-28,https://id.biodiversity.org.au/name/apni/86794,Orchidaceae,Prasophyllum,affine,-,-,Lindl.,-
Prasophyllum amoenum,Dainty Leek-orchid,-,Endangered,-,-,-,-,-,Yes,-,-,-,-,-,-,-,-,-,-,-,64946,-,Plantae,Liliopsida,http://www.environment.gov.au/cgi-bin/sprat/public/publicspecies.pl?taxon_id=64946,2026-Aug-28,https://id.biodiversity.org.au/name/apni/165412,Orchidaceae,Prasophyllum,amoenum,-,-,D.L.Jones,-
Prasophyllum apoxychilum,Tapered Leek-orchid,-,Endangered,-,-,-,-,-,Yes,-,-,-,-,-,-,-,-,-,-,-,64947,-,Plantae,Liliopsida,http://www.environment.gov.au/cgi-bin/sprat/public/publicspecies.pl?taxon_id=64947,2026-Aug-28,https://id.biodiversity.org.au/name/apni/164871,Orchidaceae,Prasophyllum,apoxychilum,-,-,D.L.Jones,-
Prasophyllum atratum,Three Hummock Leek-orchid,-,Critically Endangered,-,-,-,-,-,Yes,-,-,-,-,-,-,-,-,-,-,-,82677,-,Plantae,Liliopsida,http://www.environment.gov.au/cgi-bin/sprat/public/publicspecies.pl?taxon_id=82677,2026-Aug-28,https://id.biodiversity.org.au/name/apni/205328,Orchidaceae,Prasophyllum,atratum,-,-,D.L.Jones  D.T.Rouse,-
Prasophyllum bagoense,Bago Leek-orchid,-,Critically Endangered,-,Yes,-,-,-,-,-,-,-,-,-,-,-,-,-,-,-,84276,-,Plantae,Liliopsida,http://www.environment.gov.au/cgi-bin/sprat/public/publicspecies.pl?taxon_id=84276,2026-Aug-28,https://id.biodiversity.org.au/name/apni/165138,Orchidaceae,Prasophyllum,bagoense,-,-,D.L.Jones,-
Prasophyllum castaneum,Chestnut Leek-orchid,-,Critically Endangered,-,-,-,-,-,Yes,-,-,-,-,-,-,-,-,-,-,-,64948,-,Plantae,Liliopsida,http://www.environment.gov.au/cgi-bin/sprat/public/publicspecies.pl?taxon_id=64948,2026-Aug-28,https://id.biodiversity.org.au/name/apni/138784,Orchidaceae,Prasophyllum,castaneum,-,-,D.L.Jones,-
Prasophyllum colemaniae,Lilac Leek-orchid,Prasophyllum colemaniarum,Vulnerable,-,-,-,-,-,-,Yes,-,-,-,-,-,-,-,-,-,-,41647,92732,Plantae,Liliopsida,http://www.environment.gov.au/cgi-bin/sprat/public/publicspecies.pl?taxon_id=41647,2026-Aug-28,https://id.biodiversity.org.au/name/apni/247183,Orchidaceae,Prasophyllum,colemaniae,-,-,R.S.Rogers,-
Prasophyllum correctum,Gaping Leek-orchid,-,Endangered,-,-,-,-,-,-,Yes,-,-,-,-,-,-,-,-,-,-,64533,-,Plantae,Liliopsida,http://www.environment.gov.au/cgi-bin/sprat/public/publicspecies.pl?taxon_id=64533,2026-Aug-28,https://id.biodiversity.org.au/name/apni/138778,Orchidaceae,Prasophyllum,correctum,-,-,D.L.Jones,-
Prasophyllum crebriflorum,Crowded Leek-Orchid,-,Endangered,-,-,-,-,-,Yes,-,-,-,-,-,-,-,-,-,-,-,78897,-,Plantae,Liliopsida,http://www.environment.gov.au/cgi-bin/sprat/public/publicspecies.pl?taxon_id=78897,2026-Aug-28,https://id.biodiversity.org.au/name/apni/186255,Orchidaceae,Prasophyllum,crebriflorum,-,-,D.L.Jones,-
Prasophyllum diversiflorum,Gorae Leek-orchid,-,Endangered,-,-,-,-,-,-,Yes,-,-,-,-,-,-,-,-,-,-,13210,-,Plantae,Liliopsida,http://www.environment.gov.au/cgi-bin/sprat/public/publicspecies.pl?taxon_id=13210,2026-Aug-28,https://id.biodiversity.org.au/name/apni/87457,Orchidaceae,Prasophyllum,diversiflorum,-,-,Nicholls,-
Prasophyllum favonium,Western Leek-orchid,-,Critically Endangered,-,-,-,-,-,Yes,-,-,-,-,-,-,-,-,-,-,-,64949,-,Plantae,Liliopsida,http://www.environment.gov.au/cgi-bin/sprat/public/publicspecies.pl?taxon_id=64949,2026-Aug-28,https://id.biodiversity.org.au/name/apni/162836,Orchidaceae,Prasophyllum,favonium,-,-,D.L.Jones,-
Prasophyllum frenchii,"Maroon Leek-orchid, Slaty Leek-orchid, Stout Leek-orchid, French's Leek-orchid, Swamp Leek-orchid",-,Endangered,-,-,-,-,Yes,-,Yes,-,-,-,-,-,-,-,-,-,-,9704,-,Plantae,Liliopsida,http://www.environment.gov.au/cgi-bin/sprat/public/publicspecies.pl?taxon_id=9704,2026-Aug-28,https://id.biodiversity.org.au/name/apni/104603,Orchidaceae,Prasophyllum,frenchii,-,-,F.Muell.,-
Prasophyllum fuscum,"Tawny Leek-orchid, Slaty Leek-orchid",-,Vulnerable,-,Yes,-,-,-,-,-,-,-,-,-,-,-,-,-,-,-,19455,-,Plantae,Liliopsida,http://www.environment.gov.au/cgi-bin/sprat/public/publicspecies.pl?taxon_id=19455,2026-Aug-28,https://id.biodiversity.org.au/name/apni/104666,Orchidaceae,Prasophyllum,fuscum,-,-,R.Br.,-
Prasophyllum goldsackii,Goldsack's Leek-orchid,-,Endangered,-,-,-,-,Yes,-,-,-,-,-,-,-,-,-,-,-,-,2380,-,Plantae,Liliopsida,http://www.environment.gov.au/cgi-bin/sprat/public/publicspecies.pl?taxon_id=2380,2026-Aug-28,https://id.biodiversity.org.au/name/apni/104842,Orchidaceae,Prasophyllum,goldsackii,-,-,J.Weber  R.Bates,-
Prasophyllum incorrectum,Golfers Leek-orchid,-,Critically Endangered,-,-,-,-,-,Yes,-,-,-,-,-,-,-,-,-,-,-,78898,-,Plantae,Liliopsida,http://www.environment.gov.au/cgi-bin/sprat/public/publicspecies.pl?taxon_id=78898,2026-Aug-28,https://id.biodiversity.org.au/name/apni/186256,Orchidaceae,Prasophyllum,incorrectum,-,-,D.L.Jones,-
Prasophyllum innubum,Brandy Marys Leek-orchid,-,Critically Endangered,-,Yes,-,-,-,-,-,-,-,-,-,-,-,-,-,-,-,83603,-,Plantae,Liliopsida,http://www.environment.gov.au/cgi-bin/sprat/public/publicspecies.pl?taxon_id=83603,2026-Aug-28,https://id.biodiversity.org.au/name/apni/204873,Orchidaceae,Prasophyllum,innubum,-,-,D.L.Jones,-
Prasophyllum keltonii,Kelton's Leek-orchid,-,Critically Endangered,-,Yes,-,-,-,-,-,-,-,-,-,-,-,-,-,-,-,83604,-,Plantae,Liliopsida,http://www.environment.gov.au/cgi-bin/sprat/public/publicspecies.pl?taxon_id=83604,2026-Aug-28,https://id.biodiversity.org.au/name/apni/204872,Orchidaceae,Prasophyllum,keltonii,-,-,D.L.Jones,-
Prasophyllum laxum,Lax Leek Orchid,-,Critically Endangered,-,-,-,-,Yes,-,-,-,-,-,-,-,-,-,-,-,-,86264,-,Plantae,Liliopsida,http://www.environment.gov.au/cgi-bin/sprat/public/publicspecies.pl?taxon_id=86264,2026-Aug-28,https://id.biodiversity.org.au/name/apni/216020,Orchidaceae,Prasophyllum,laxum,-,-,R.J.Bates,-
Prasophyllum limnetes,Marsh Leek-orchid,-,Critically Endangered,-,-,-,-,-,Yes,-,-,-,-,-,-,-,-,-,-,-,82678,-,Plantae,Liliopsida,http://www.environment.gov.au/cgi-bin/sprat/public/publicspecies.pl?taxon_id=82678,2026-Aug-28,https://id.biodiversity.org.au/name/apni/205755,Orchidaceae,Prasophyllum,limnetes,-,-,D.L.Jones,-
Prasophyllum littorale,Coastal Leek Orchid,Prasophyllum litorale,Critically Endangered,-,-,-,-,Yes,-,Yes,-,-,-,-,-,-,-,-,-,-,92739,55234,Plantae,Liliopsida,http://www.environment.gov.au/cgi-bin/sprat/public/publicspecies.pl?taxon_id=92739,2026-Aug-28,https://id.biodiversity.org.au/name/apni/51783419,Orchidaceae,Prasophyllum,littorale,-,-,Anon.,-
Prasophyllum milfordense,Milford Leek-orchid,-,Critically Endangered,-,-,-,-,-,Yes,-,-,-,-,-,-,-,-,-,-,-,64950,-,Plantae,Liliopsida,http://www.environment.gov.au/cgi-bin/sprat/public/publicspecies.pl?taxon_id=64950,2026-Aug-28,https://id.biodiversity.org.au/name/apni/174684,Orchidaceae,Prasophyllum,milfordense,-,-,D.L.Jones,-
Prasophyllum morganii,"Mignonette Leek-orchid, Cobungra Leek-orchid, Dense Leek-orchid",-,Vulnerable,-,Yes,-,-,-,-,Yes,-,-,-,-,-,-,-,-,-,-,13804,-,Plantae,Liliopsida,http://www.environment.gov.au/cgi-bin/sprat/public/publicspecies.pl?taxon_id=13804,2026-Aug-28,https://id.biodiversity.org.au/name/apni/105365,Orchidaceae,Prasophyllum,morganii,-,-,Nicholls,-
Prasophyllum murfetii,Fleurieu Leek Orchid,-,Critically Endangered,-,-,-,-,Yes,-,-,-,-,-,-,-,-,-,-,-,-,81621,-,Plantae,Liliopsida,http://www.environment.gov.au/cgi-bin/sprat/public/publicspecies.pl?taxon_id=81621,2026-Aug-28,https://id.biodiversity.org.au/name/apni/168155,Orchidaceae,Prasophyllum,murfetii,-,-,D.L.Jones,-
Prasophyllum olidum,Pungent Leek-orchid,-,Critically Endangered,-,-,-,-,-,Yes,-,-,-,-,-,-,-,-,-,-,-,64951,-,Plantae,Liliopsida,http://www.environment.gov.au/cgi-bin/sprat/public/publicspecies.pl?taxon_id=64951,2026-Aug-28,https://id.biodiversity.org.au/name/apni/170181,Orchidaceae,Prasophyllum,olidum,-,-,D.L.Jones,-
Prasophyllum pallidum,Pale Leek-orchid,-,Vulnerable,-,-,-,-,Yes,-,Yes,-,-,-,-,-,-,-,-,-,-,20351,-,Plantae,Liliopsida,http://www.environment.gov.au/cgi-bin/sprat/public/publicspecies.pl?taxon_id=20351,2026-Aug-28,https://id.biodiversity.org.au/name/apni/105808,Orchidaceae,Prasophyllum,pallidum,-,-,Nicholls,-
Prasophyllum perangustum,Knocklofty Leek-orchid,-,Critically Endangered,-,-,-,-,-,Yes,-,-,-,-,-,-,-,-,-,-,-,64952,-,Plantae,Liliopsida,http://www.environment.gov.au/cgi-bin/sprat/public/publicspecies.pl?taxon_id=64952,2026-Aug-28,https://id.biodiversity.org.au/name/apni/172431,Orchidaceae,Prasophyllum,perangustum,-,-,D.L.Jones,-
Prasophyllum petilum,Tarengo Leek Orchid,-,Endangered,Yes,Yes,-,-,-,-,-,-,-,-,-,-,-,-,-,-,-,55144,-,Plantae,Liliopsida,http://www.environment.gov.au/cgi-bin/sprat/public/publicspecies.pl?taxon_id=55144,2026-Aug-28,https://id.biodiversity.org.au/name/apni/117510,Orchidaceae,Prasophyllum,petilum,-,-,D.L.Jones  R.J.Bates,-
Prasophyllum pruinosum,Plum Leek-orchid,-,Endangered,-,-,-,-,Yes,-,-,-,-,-,-,-,-,-,-,-,-,11821,-,Plantae,Liliopsida,http://www.environment.gov.au/cgi-bin/sprat/public/publicspecies.pl?taxon_id=11821,2026-Aug-28,https://id.biodiversity.org.au/name/apni/106077,Orchidaceae,Prasophyllum,pruinosum,-,-,R.S.Rogers,-
Prasophyllum pulchellum,Pretty Leek-orchid,-,Critically Endangered,-,-,-,-,-,Yes,-,-,-,-,-,-,-,-,-,-,-,64953,-,Plantae,Liliopsida,http://www.environment.gov.au/cgi-bin/sprat/public/publicspecies.pl?taxon_id=64953,2026-Aug-28,https://id.biodiversity.org.au/name/apni/162831,Orchidaceae,Prasophyllum,pulchellum,-,-,D.L.Jones,-
Prasophyllum robustum,Robust Leek-orchid,-,Critically Endangered,-,-,-,-,-,Yes,-,-,-,-,-,-,-,-,-,-,-,12499,-,Plantae,Liliopsida,http://www.environment.gov.au/cgi-bin/sprat/public/publicspecies.pl?taxon_id=12499,2026-Aug-28,https://id.biodiversity.org.au/name/apni/106206,Orchidaceae,Prasophyllum,robustum,-,-,(Nicholls) M.A.Clem.  D.L.Jones,-
Prasophyllum secutum,Northern Leek-orchid,-,Endangered,-,-,-,-,-,Yes,-,-,-,-,-,-,-,-,-,-,-,64954,-,Plantae,Liliopsida,http://www.environment.gov.au/cgi-bin/sprat/public/publicspecies.pl?taxon_id=64954,2026-Aug-28,https://id.biodiversity.org.au/name/apni/139128,Orchidaceae,Prasophyllum,secutum,-,-,D.L.Jones,-
Prasophyllum sp. Wybong (C.Phelps ORG 5269),a leek-orchid,-,Critically Endangered,-,Yes,-,-,-,-,-,-,-,-,-,-,-,-,-,-,-,81964,-,Plantae,Liliopsida,http://www.environment.gov.au/cgi-bin/sprat/public/publicspecies.pl?taxon_id=81964,2026-Aug-28,https://id.biodiversity.org.au/name/apni/206061,Orchidaceae,Prasophyllum,sp. Wybong (C.Phelps ORG 5269),-,-,Australian National Herbarium,-
Prasophyllum spicatum,Dense Leek-orchid,-,Vulnerable,-,-,-,-,Yes,-,Yes,-,-,-,-,-,-,-,-,-,-,55146,-,Plantae,Liliopsida,http://www.environment.gov.au/cgi-bin/sprat/public/publicspecies.pl?taxon_id=55146,2026-Aug-28,https://id.biodiversity.org.au/name/apni/117512,Orchidaceae,Prasophyllum,spicatum,-,-,R.J.Bates  D.L.Jones,-
Prasophyllum stellatum,Ben Lomond Leek-orchid,-,Critically Endangered,-,-,-,-,-,Yes,-,-,-,-,-,-,-,-,-,-,-,64955,-,Plantae,Liliopsida,http://www.environment.gov.au/cgi-bin/sprat/public/publicspecies.pl?taxon_id=64955,2026-Aug-28,https://id.biodiversity.org.au/name/apni/138370,Orchidaceae,Prasophyllum,stellatum,-,-,D.L.Jones,-
Prasophyllum suaveolens,Fragrant Leek-orchid,-,Endangered,-,-,-,-,-,-,Yes,-,-,-,-,-,-,-,-,-,-,64956,-,Plantae,Liliopsida,http://www.environment.gov.au/cgi-bin/sprat/public/publicspecies.pl?taxon_id=64956,2026-Aug-28,https://id.biodiversity.org.au/name/apni/138767,Orchidaceae,Prasophyllum,suaveolens,-,-,D.L.Jones  R.J.Bates,-
Prasophyllum subbisectum,Pomonal Leek-orchid,-,Endangered,-,-,-,-,-,-,Yes,-,-,-,-,-,-,-,-,-,-,20411,-,Plantae,Liliopsida,http://www.environment.gov.au/cgi-bin/sprat/public/publicspecies.pl?taxon_id=20411,2026-Aug-28,https://id.biodiversity.org.au/name/apni/106548,Orchidaceae,Prasophyllum,subbisectum,-,-,Nicholls,-
Prasophyllum taphanyx,Graveside Leek-orchid,-,Critically Endangered,-,-,-,-,-,Yes,-,-,-,-,-,-,-,-,-,-,-,81615,-,Plantae,Liliopsida,http://www.environment.gov.au/cgi-bin/sprat/public/publicspecies.pl?taxon_id=81615,2026-Aug-28,https://id.biodiversity.org.au/name/apni/189000,Orchidaceae,Prasophyllum,taphanyx,-,-,D.L.Jones,-
Prasophyllum tunbridgense,Tunbridge Leek-orchid,-,Endangered,-,-,-,-,-,Yes,-,-,-,-,-,-,-,-,-,-,-,64957,-,Plantae,Liliopsida,http://www.environment.gov.au/cgi-bin/sprat/public/publicspecies.pl?taxon_id=64957,2026-Aug-28,https://id.biodiversity.org.au/name/apni/172472,Orchidaceae,Prasophyllum,tunbridgense,-,-,D.L.Jones,-
Prasophyllum uvidulum,Shelley Leek Orchid,-,Critically Endangered,-,-,-,-,-,-,Yes,-,-,-,-,-,-,-,-,-,-,84610,-,Plantae,Liliopsida,http://www.environment.gov.au/cgi-bin/sprat/public/publicspecies.pl?taxon_id=84610,2026-Aug-28,https://id.biodiversity.org.au/name/apni/223990,Orchidaceae,Prasophyllum,uvidulum,-,-,D.L.Jones  D.T.Rouse,-
Prasophyllum validum,"Sturdy Leek-orchid, Mount Remarkable Leek-orchid",-,Vulnerable,-,-,-,-,Yes,-,Yes,-,-,-,-,-,-,-,-,-,-,10268,-,Plantae,Liliopsida,http://www.environment.gov.au/cgi-bin/sprat/public/publicspecies.pl?taxon_id=10268,2026-Aug-28,https://id.biodiversity.org.au/name/apni/106810,Orchidaceae,Prasophyllum,validum,-,-,R.S.Rogers,-
Prasophyllum wallum,Wallum Leek-orchid,-,Vulnerable,-,-,-,Yes,-,-,-,-,-,-,-,-,-,-,-,-,-,55148,-,Plantae,Liliopsida,http://www.environment.gov.au/cgi-bin/sprat/public/publicspecies.pl?taxon_id=55148,2026-Aug-28,https://id.biodiversity.org.au/name/apni/117514,Orchidaceae,Prasophyllum,wallum,-,-,R.Bates  D.L.Jones,-
Pristis clavata,"Dwarf Sawfish, Queensland Sawfish",-,Vulnerable,-,-,Yes,Yes,-,-,-,Yes,-,-,-,-,-,-,-,-,Yes,68447,-,Animalia,Chondrichthyes,http://www.environment.gov.au/cgi-bin/sprat/public/publicspecies.pl?taxon_id=68447,2026-Aug-28,-,Pristidae,Pristis,clavata,-,-,"Garman, 1906",-
Pristis pristis,"Largetooth Sawfish, Freshwater Sawfish, River Sawfish, Leichhardt's Sawfish, Northern Sawfish",-,Endangered,-,-,Yes,Yes,-,-,-,Yes,-,-,-,-,-,-,-,-,Yes,60756,-,Animalia,Chondrichthyes,http://www.environment.gov.au/cgi-bin/sprat/public/publicspecies.pl?taxon_id=60756,2026-Aug-28,-,Pristidae,Pristis,pristis,-,-,"(Linnaeus, 1758)",-
Pristis zijsron,"Green Sawfish, Dindagubba, Narrowsnout Sawfish",-,Vulnerable,-,Yes,Yes,Yes,-,-,-,Yes,-,-,-,-,-,-,-,-,Yes,68442,-,Animalia,Chondrichthyes,http://www.environment.gov.au/cgi-bin/sprat/public/publicspecies.pl?taxon_id=68442,2026-Aug-28,-,Pristidae,Pristis,zijsron,-,-,"Bleeker, 1851",-
Probosciger aterrimus macgillivrayi,Southern Palm Cockatoo,-,Endangered,-,-,-,Yes,-,-,-,-,-,-,-,-,-,-,-,-,-,67033,-,Animalia,Aves,http://www.environment.gov.au/cgi-bin/sprat/public/publicspecies.pl?taxon_id=67033,2026-Aug-28,-,Cacatuidae,Probosciger,aterrimus,-,macgillivrayi,-,"(Mathews, 1912)"
Promethis sterrha,a beetle,-,Critically Endangered,-,Yes,-,-,-,-,-,-,-,-,-,-,-,-,-,-,-,92260,-,Animalia,Insecta,http://www.environment.gov.au/cgi-bin/sprat/public/publicspecies.pl?taxon_id=92260,2026-Aug-28,-,Tenebrionidae,Promethis,sterrha,-,-,"(Olliff, 1889)",-
Prostanthera albohirta,-,-,Critically Endangered,-,-,-,Yes,-,-,-,-,-,-,-,-,-,-,-,-,-,82052,-,Plantae,Magnoliopsida,http://www.environment.gov.au/cgi-bin/sprat/public/publicspecies.pl?taxon_id=82052,2026-Aug-28,https://id.biodiversity.org.au/name/apni/109174,Lamiaceae,Prostanthera,albohirta,-,-,C.T.White,-
Prostanthera askania,"Tranquillity Mintbush, Tranquility Mintbush",-,Endangered,-,Yes,-,-,-,-,-,-,-,-,-,-,-,-,-,-,-,64958,-,Plantae,Magnoliopsida,http://www.environment.gov.au/cgi-bin/sprat/public/publicspecies.pl?taxon_id=64958,2026-Aug-28,https://id.biodiversity.org.au/name/apni/154799,Lamiaceae,Prostanthera,askania,-,-,B.J.Conn,-
Prostanthera calycina,"West Coast Mintbush, Limestone Mintbush, Red Mintbush",-,Vulnerable,-,-,-,-,Yes,-,-,-,-,-,-,-,-,-,-,-,-,9470,-,Plantae,Magnoliopsida,http://www.environment.gov.au/cgi-bin/sprat/public/publicspecies.pl?taxon_id=9470,2026-Aug-28,https://id.biodiversity.org.au/name/apni/109348,Lamiaceae,Prostanthera,calycina,-,-,Benth.,-
Prostanthera cineolifera,-,-,Vulnerable,-,Yes,-,-,-,-,-,-,-,-,-,-,-,-,-,-,-,11233,-,Plantae,Magnoliopsida,http://www.environment.gov.au/cgi-bin/sprat/public/publicspecies.pl?taxon_id=11233,2026-Aug-28,https://id.biodiversity.org.au/name/apni/109437,Lamiaceae,Prostanthera,cineolifera,-,-,R.Baker  H.G.Smith,-
Prostanthera clotteniana,-,-,Critically Endangered,-,-,-,Yes,-,-,-,-,-,-,-,-,-,-,-,-,-,76165,-,Plantae,Magnoliopsida,http://www.environment.gov.au/cgi-bin/sprat/public/publicspecies.pl?taxon_id=76165,2026-Aug-28,https://id.biodiversity.org.au/name/apni/178589,Lamiaceae,Prostanthera,clotteniana,-,-,(F.M.Bailey) A.R.Bean,-
Prostanthera cryptandroides subsp. cryptandroides,Wollemi Mint-bush,-,Vulnerable,-,Yes,-,-,-,-,-,-,-,-,-,-,-,-,-,-,-,68496,-,Plantae,Magnoliopsida,http://www.environment.gov.au/cgi-bin/sprat/public/publicspecies.pl?taxon_id=68496,2026-Aug-28,https://id.biodiversity.org.au/name/apni/164620,Lamiaceae,Prostanthera,cryptandroides,subsp.,cryptandroides,Benth.,-
Prostanthera densa,Villous Mintbush,-,Vulnerable,-,Yes,-,-,-,-,-,-,-,-,-,-,-,-,-,-,-,12233,-,Plantae,Magnoliopsida,http://www.environment.gov.au/cgi-bin/sprat/public/publicspecies.pl?taxon_id=12233,2026-Aug-28,https://id.biodiversity.org.au/name/apni/109667,Lamiaceae,Prostanthera,densa,-,-,A.A.Ham.,-
Prostanthera discolor,-,-,Vulnerable,-,Yes,-,-,-,-,-,-,-,-,-,-,-,-,-,-,-,17756,-,Plantae,Magnoliopsida,http://www.environment.gov.au/cgi-bin/sprat/public/publicspecies.pl?taxon_id=17756,2026-Aug-28,https://id.biodiversity.org.au/name/apni/109725,Lamiaceae,Prostanthera,discolor,-,-,R.Baker,-
Prostanthera eurybioides,Monarto Mintbush,-,Endangered,-,-,-,-,Yes,-,-,-,-,-,-,-,-,-,-,-,-,2603,-,Plantae,Magnoliopsida,http://www.environment.gov.au/cgi-bin/sprat/public/publicspecies.pl?taxon_id=2603,2026-Aug-28,https://id.biodiversity.org.au/name/apni/109813,Lamiaceae,Prostanthera,eurybioides,-,-,F.Muell.,-
Prostanthera galbraithiae,Wellington Mintbush,-,Vulnerable,-,-,-,-,-,-,Yes,-,-,-,-,-,-,-,-,-,-,64959,-,Plantae,Magnoliopsida,http://www.environment.gov.au/cgi-bin/sprat/public/publicspecies.pl?taxon_id=64959,2026-Aug-28,https://id.biodiversity.org.au/name/apni/169794,Lamiaceae,Prostanthera,galbraithiae,-,-,Conn,-
Prostanthera gilesii,-,-,Critically Endangered,-,Yes,-,-,-,-,-,-,-,-,-,-,-,-,-,-,-,88743,-,Plantae,Magnoliopsida,http://www.environment.gov.au/cgi-bin/sprat/public/publicspecies.pl?taxon_id=88743,2026-Aug-28,https://id.biodiversity.org.au/name/apni/5152951,Lamiaceae,Prostanthera,gilesii,-,-,Althofer ex B.J.Conn  T.C.Wilson,-
Prostanthera junonis,Somersby Mintbush,-,Endangered,-,Yes,-,-,-,-,-,-,-,-,-,-,-,-,-,-,-,64960,-,Plantae,Magnoliopsida,http://www.environment.gov.au/cgi-bin/sprat/public/publicspecies.pl?taxon_id=64960,2026-Aug-28,https://id.biodiversity.org.au/name/apni/154795,Lamiaceae,Prostanthera,junonis,-,-,B.J.Conn,-
Prostanthera marifolia,Seaforth Mintbush,-,Critically Endangered,-,Yes,-,-,-,-,-,-,-,-,-,-,-,-,-,-,-,7555,-,Plantae,Magnoliopsida,http://www.environment.gov.au/cgi-bin/sprat/public/publicspecies.pl?taxon_id=7555,2026-Aug-28,https://id.biodiversity.org.au/name/apni/110359,Lamiaceae,Prostanthera,marifolia,-,-,R.Br.,-
Prostanthera nudula,Mount Illbilie Mintbush,-,Vulnerable,-,-,-,-,Yes,-,-,-,-,-,-,-,-,-,-,-,-,7091,-,Plantae,Magnoliopsida,http://www.environment.gov.au/cgi-bin/sprat/public/publicspecies.pl?taxon_id=7091,2026-Aug-28,https://id.biodiversity.org.au/name/apni/110576,Lamiaceae,Prostanthera,nudula,-,-,J.M.Black ex E.L.Robertson,-
Prostanthera palustris,Swamp Mint-bush,-,Critically Endangered,-,Yes,-,-,-,-,-,-,-,-,-,-,-,-,-,-,-,66703,-,Plantae,Magnoliopsida,http://www.environment.gov.au/cgi-bin/sprat/public/publicspecies.pl?taxon_id=66703,2026-Aug-28,https://id.biodiversity.org.au/name/apni/154796,Lamiaceae,Prostanthera,palustris,-,-,B.J.Conn,-
Prostanthera schultzii,-,-,Vulnerable,-,-,Yes,-,-,-,-,-,-,-,-,-,-,-,-,-,-,52651,-,Plantae,Magnoliopsida,http://www.environment.gov.au/cgi-bin/sprat/public/publicspecies.pl?taxon_id=52651,2026-Aug-28,https://id.biodiversity.org.au/name/apni/111141,Lamiaceae,Prostanthera,schultzii,-,-,F.Muell. ex Tate,-
Prostanthera sp. Dunmore (D.M.Gordon 8A),-,-,Vulnerable,-,-,-,Yes,-,-,-,-,-,-,-,-,-,-,-,-,-,84115,-,Plantae,Magnoliopsida,http://www.environment.gov.au/cgi-bin/sprat/public/publicspecies.pl?taxon_id=84115,2026-Aug-28,https://id.biodiversity.org.au/name/apni/194515,Lamiaceae,Prostanthera,sp. Dunmore (D.M.Gordon 8A),-,-,Qld Herbarium,-
Prostanthera sp. Rowleys Creek (L.M.Copeland 4288),-,-,Critically Endangered,-,Yes,-,-,-,-,-,-,-,-,-,-,-,-,-,-,-,91765,-,Plantae,Magnoliopsida,http://www.environment.gov.au/cgi-bin/sprat/public/publicspecies.pl?taxon_id=91765,2026-Aug-28,https://id.biodiversity.org.au/name/apni/233597,Lamiaceae,Prostanthera,sp. Rowleys Creek (L.M.Copeland 4288),-,-,L.M.Copel.,-
Prostanthera spathulata,-,-,Vulnerable,-,-,-,Yes,-,-,-,-,-,-,-,-,-,-,-,-,-,88266,-,Plantae,Magnoliopsida,http://www.environment.gov.au/cgi-bin/sprat/public/publicspecies.pl?taxon_id=88266,2026-Aug-28,https://id.biodiversity.org.au/name/apni/4543997,Lamiaceae,Prostanthera,spathulata,-,-,T.C.Wilson  B.J.Conn,-
Prostanthera staurophylla,a mint-bush,-,Critically Endangered,-,Yes,-,-,-,-,-,-,-,-,-,-,-,-,-,-,-,20898,-,Plantae,Magnoliopsida,http://www.environment.gov.au/cgi-bin/sprat/public/publicspecies.pl?taxon_id=20898,2026-Aug-28,https://id.biodiversity.org.au/name/apni/111314,Lamiaceae,Prostanthera,staurophylla,-,-,F.Muell.,-
Prostanthera stricta,Mount Vincent Mintbush,-,Vulnerable,-,Yes,-,-,-,-,-,-,-,-,-,-,-,-,-,-,-,17616,-,Plantae,Magnoliopsida,http://www.environment.gov.au/cgi-bin/sprat/public/publicspecies.pl?taxon_id=17616,2026-Aug-28,https://id.biodiversity.org.au/name/apni/111383,Lamiaceae,Prostanthera,stricta,-,-,R.Baker,-
Prostanthera tallowa,-,-,Endangered,-,Yes,-,-,-,-,-,-,-,-,-,-,-,-,-,-,-,91176,-,Plantae,Magnoliopsida,http://www.environment.gov.au/cgi-bin/sprat/public/publicspecies.pl?taxon_id=91176,2026-Aug-28,https://id.biodiversity.org.au/name/apni/240543,Lamiaceae,Prostanthera,tallowa,-,-,B.J.Conn  T.C.Wilson,-
Prototroctes maraena,Australian Grayling,-,Vulnerable,-,Yes,-,-,Yes,Yes,Yes,-,-,-,-,-,Yes,-,-,-,Yes,26179,-,Animalia,Actinopterygii,http://www.environment.gov.au/cgi-bin/sprat/public/publicspecies.pl?taxon_id=26179,2026-Aug-28,-,Retropinnidae,Prototroctes,maraena,-,-,"Gunther,  1864",-
Psephotus chrysopterygius,"Golden-shouldered Parrot, Alwal, Thaku, Arrmorral, Minpin",Psephotellus chrysopterygius,Endangered,-,-,-,Yes,-,-,-,-,-,-,-,-,-,-,-,-,-,720,87733,Animalia,Aves,http://www.environment.gov.au/cgi-bin/sprat/public/publicspecies.pl?taxon_id=720,2026-Aug-28,-,Psittacidae,Psephotus,chrysopterygius,-,-,"Gould, 1858",-
Psephotus pulcherrimus,Paradise Parrot,Psephotellus pulcherrimus,Extinct,-,Yes,-,Yes,-,-,-,-,-,-,-,-,-,-,-,-,-,723,87734,Animalia,Aves,http://www.environment.gov.au/cgi-bin/sprat/public/publicspecies.pl?taxon_id=723,2026-Aug-28,-,Psittacidae,Psephotus,pulcherrimus,-,-,"(Gould, 1845)",-
Pseudemoia cryodroma,"Alpine Bog Skink, Alpine Bog-skink",-,Endangered,-,Yes,-,-,-,-,Yes,-,-,-,-,-,-,-,-,-,-,84408,-,Animalia,Reptilia,http://www.environment.gov.au/cgi-bin/sprat/public/publicspecies.pl?taxon_id=84408,2026-Aug-28,-,Scincidae,Pseudemoia,cryodroma,-,-,"Hutchinson  Donnellan, 1992",-
Pseudemoia rawlinsoni,"Glossy Grass Skink, Swampland Cool-skink, Rawlinson's Window-eyed Skink",-,Vulnerable,Yes,Yes,-,-,Yes,Yes,Yes,-,-,-,-,-,-,-,-,-,-,59160,-,Animalia,Reptilia,http://www.environment.gov.au/cgi-bin/sprat/public/publicspecies.pl?taxon_id=59160,2026-Aug-28,-,Scincidae,Pseudemoia,rawlinsoni,-,-,"(Hutchinson and Donnellan,1988)",-
Pseudemydura umbrina,Western Swamp Tortoise,-,Critically Endangered,-,-,-,-,-,-,-,Yes,-,-,-,-,-,-,-,-,-,1760,-,Animalia,Reptilia,http://www.environment.gov.au/cgi-bin/sprat/public/publicspecies.pl?taxon_id=1760,2026-Aug-28,-,Chelidae,Pseudemydura,umbrina,-,-,"Siebenrock,1901",-
Pseudocephalozia paludicola,Alpine Leafy Liverwort,-,Vulnerable,-,-,-,-,-,Yes,Yes,-,-,-,-,-,-,-,-,-,-,66441,-,Plantae,Bryopsida,http://www.environment.gov.au/cgi-bin/sprat/public/publicspecies.pl?taxon_id=66441,2026-Aug-28,https://id.biodiversity.org.au/name/apni/177651,Lepidoziaceae,Pseudocephalozia,paludicola,-,-,R.M.Schuster,-
Pseudocharopa ledgbirdi,Mount Lidgbird Charopid Land Snail,-,Critically Endangered,-,Yes,-,-,-,-,-,-,-,-,-,-,-,-,-,-,-,85279,-,Animalia,Gastropoda,http://www.environment.gov.au/cgi-bin/sprat/public/publicspecies.pl?taxon_id=85279,2026-Aug-28,-,Charopidae,Pseudocharopa,ledgbirdi,-,-,"(Brazier, 1889)",-
Pseudocharopa whiteleggei,Whitelegge's Land Snail,-,Critically Endangered,-,Yes,-,-,-,-,-,-,-,-,-,-,-,-,-,-,-,81249,-,Animalia,Gastropoda,http://www.environment.gov.au/cgi-bin/sprat/public/publicspecies.pl?taxon_id=81249,2026-Aug-28,-,Charopidae,Pseudocharopa,whiteleggei,-,-,"Brazier, 1889",-
Pseudocheirus occidentalis,"Western Ringtail Possum, Ngwayir, Womp, Woder, Ngoor, Ngoolangit",-,Critically Endangered,-,-,-,-,-,-,-,Yes,-,-,-,-,-,-,-,-,-,25911,-,Animalia,Mammalia,http://www.environment.gov.au/cgi-bin/sprat/public/publicspecies.pl?taxon_id=25911,2026-Aug-28,-,Pseudocheiridae,Pseudocheirus,occidentalis,-,-,"Thomas, 1888",-
Pseudococcus markharveyi,Banksia montana mealybug,-,Critically Endangered,-,-,-,-,-,-,-,Yes,-,-,-,-,-,-,-,-,-,86868,-,Animalia,Insecta,http://www.environment.gov.au/cgi-bin/sprat/public/publicspecies.pl?taxon_id=86868,2026-Aug-28,-,Pseudococcidae,Pseudococcus,markharveyi,-,-,"Gullan, 2013",-
Pseudomugil mellis,"Honey Blue Eye, Honey Blue-eye",-,Endangered,-,-,-,Yes,-,-,-,-,-,-,-,-,-,-,-,-,-,26180,-,Animalia,Actinopterygii,http://www.environment.gov.au/cgi-bin/sprat/public/publicspecies.pl?taxon_id=26180,2026-Aug-28,-,Pseudomugilidae,Pseudomugil,mellis,-,-,"Allen  Ivantsoff,  1982",-
Pseudomys auritus,Long-eared Mouse,-,Extinct,-,-,-,-,Yes,-,Yes,-,-,-,-,-,-,-,-,-,-,85424,-,Animalia,Mammalia,http://www.environment.gov.au/cgi-bin/sprat/public/publicspecies.pl?taxon_id=85424,2026-Aug-28,-,Muridae,Pseudomys,auritus,-,-,"Thomas, 1910",-
Pseudomys australis,"Plains Rat, Palyoora, Plains Mouse",-,Vulnerable,-,Yes,Yes,Yes,Yes,-,-,Yes,-,-,-,-,-,-,-,-,-,108,-,Animalia,Mammalia,http://www.environment.gov.au/cgi-bin/sprat/public/publicspecies.pl?taxon_id=108,2026-Aug-28,-,Muridae,Pseudomys,australis,-,-,"Gray,1832",-
Pseudomys fieldi,"Shark Bay Mouse, Djoongari, Alice Springs Mouse",-,Vulnerable,-,-,Yes,-,Yes,-,-,Yes,-,-,-,-,-,-,-,-,-,113,-,Animalia,Mammalia,http://www.environment.gov.au/cgi-bin/sprat/public/publicspecies.pl?taxon_id=113,2026-Aug-28,-,Muridae,Pseudomys,fieldi,-,-,"(Waite, 1896)",-
Pseudomys fumeus,"Smoky Mouse, Konoom",-,Endangered,Yes,Yes,-,-,Yes,-,Yes,-,-,-,-,-,-,-,-,-,-,88,-,Animalia,Mammalia,http://www.environment.gov.au/cgi-bin/sprat/public/publicspecies.pl?taxon_id=88,2026-Aug-28,-,Muridae,Pseudomys,fumeus,-,-,"Brazenor,1934",-
Pseudomys glaucus,Blue-grey Mouse,-,Extinct,-,Yes,-,Yes,-,-,-,-,-,-,-,-,-,-,-,-,-,86804,-,Animalia,Mammalia,http://www.environment.gov.au/cgi-bin/sprat/public/publicspecies.pl?taxon_id=86804,2026-Aug-28,-,Muridae,Pseudomys,glaucus,-,-,"Thomas, 1910",-
Pseudomys gouldii,"Gould's Mouse, Koontin",-,Extinct,-,Yes,-,Yes,Yes,-,Yes,Yes,-,-,-,-,-,-,-,-,-,89,-,Animalia,Mammalia,http://www.environment.gov.au/cgi-bin/sprat/public/publicspecies.pl?taxon_id=89,2026-Aug-28,-,Muridae,Pseudomys,gouldii,-,-,"(Waterhouse, 1839)",-
Pseudomys novaehollandiae,"Pookila, New Holland Mouse",-,Vulnerable,Yes,Yes,-,Yes,-,Yes,Yes,-,-,-,-,-,Yes,-,-,-,-,96,-,Animalia,Mammalia,http://www.environment.gov.au/cgi-bin/sprat/public/publicspecies.pl?taxon_id=96,2026-Aug-28,-,Muridae,Pseudomys,novaehollandiae,-,-,"(Waterhouse, 1843)",-
Pseudomys oralis,"Hastings River Mouse, Koontoo",-,Endangered,-,Yes,-,Yes,-,-,-,-,-,-,-,-,-,-,-,-,-,98,-,Animalia,Mammalia,http://www.environment.gov.au/cgi-bin/sprat/public/publicspecies.pl?taxon_id=98,2026-Aug-28,-,Muridae,Pseudomys,oralis,-,-,"Thomas,1921",-
Pseudomys pilligaensis,"Pilliga Mouse, Poolkoo",-,Vulnerable,-,Yes,-,-,-,-,-,-,-,-,-,-,-,-,-,-,-,99,-,Animalia,Mammalia,http://www.environment.gov.au/cgi-bin/sprat/public/publicspecies.pl?taxon_id=99,2026-Aug-28,-,Muridae,Pseudomys,pilligaensis,-,-,"Fox and Briscoe,1980",-
Pseudomys shortridgei,"Heath Mouse, Dayang, Heath Rat",-,Endangered,-,-,-,-,Yes,-,Yes,Yes,-,-,-,-,-,-,-,-,-,77,-,Animalia,Mammalia,http://www.environment.gov.au/cgi-bin/sprat/public/publicspecies.pl?taxon_id=77,2026-Aug-28,-,Muridae,Pseudomys,shortridgei,-,-,"(Thomas, 1907)",-
Pseudophryne corroboree,Southern Corroboree Frog,-,Critically Endangered,-,Yes,-,-,-,-,-,-,-,-,-,-,-,-,-,-,-,1915,-,Animalia,Amphibia,http://www.environment.gov.au/cgi-bin/sprat/public/publicspecies.pl?taxon_id=1915,2026-Aug-28,-,Myobatrachidae,Pseudophryne,corroboree,-,-,"Moore,1953",-
Pseudophryne covacevichae,Magnificent Brood Frog,-,Vulnerable,-,-,-,Yes,-,-,-,-,-,-,-,-,-,-,-,-,-,64385,-,Animalia,Amphibia,http://www.environment.gov.au/cgi-bin/sprat/public/publicspecies.pl?taxon_id=64385,2026-Aug-28,-,Myobatrachidae,Pseudophryne,covacevichae,-,-,"Ingram and Corben, 1994",-
Pseudophryne pengilleyi,Northern Corroboree Frog,-,Critically Endangered,Yes,Yes,-,-,-,-,-,-,-,-,-,-,-,-,-,-,-,66670,-,Animalia,Amphibia,http://www.environment.gov.au/cgi-bin/sprat/public/publicspecies.pl?taxon_id=66670,2026-Aug-28,-,Myobatrachidae,Pseudophryne,pengilleyi,-,-,"Wells  Wellington, 1985",-
Psophodes leucogaster leucogaster,Mallee Whipbird,-,Endangered,-,-,-,-,Yes,-,Yes,-,-,-,-,-,-,-,-,-,-,81025,-,Animalia,Aves,http://www.environment.gov.au/cgi-bin/sprat/public/publicspecies.pl?taxon_id=81025,2026-Aug-28,-,Psophodidae,Psophodes,leucogaster,-,leucogaster,"Howe  Ross, 1933",-
Psophodes nigrogularis lashmari,Western Whipbird (Kangaroo Island),Psophodes leucogaster lashmari,Endangered,-,-,-,-,Yes,-,-,-,-,-,-,-,-,-,-,-,-,67098,81024,Animalia,Aves,http://www.environment.gov.au/cgi-bin/sprat/public/publicspecies.pl?taxon_id=67098,2026-Aug-28,-,Psophodidae,Psophodes,nigrogularis,-,lashmari,-,"Schodde  Mason, 1991"
Psophodes nigrogularis nigrogularis,Western Heath Whipbird,-,Endangered,-,-,-,-,-,-,-,Yes,-,-,-,-,-,-,-,-,-,64449,-,Animalia,Aves,http://www.environment.gov.au/cgi-bin/sprat/public/publicspecies.pl?taxon_id=64449,2026-Aug-28,-,Psophodidae,Psophodes,nigrogularis,-,nigrogularis,"Gould, 1844",-
Pteris kingiana,King's Brakefern,-,Endangered,-,-,-,-,-,-,-,-,-,-,-,-,-,Yes,-,-,-,35183,-,Plantae,Polypodiatae,http://www.environment.gov.au/cgi-bin/sprat/public/publicspecies.pl?taxon_id=35183,2026-Aug-28,https://id.biodiversity.org.au/name/apni/72816,Pteridaceae,Pteris,kingiana,-,-,Endl.,-
Pteris zahlbruckneriana,Netted Brakefern,-,Endangered,-,-,-,-,-,-,-,-,-,-,-,-,-,Yes,-,-,-,65893,-,Plantae,Polypodiatae,http://www.environment.gov.au/cgi-bin/sprat/public/publicspecies.pl?taxon_id=65893,2026-Aug-28,https://id.biodiversity.org.au/name/apni/72974,Pteridaceae,Pteris,zahlbruckneriana,-,-,Endl.,-
Pterodroma heraldica,Herald Petrel,-,Critically Endangered,-,Yes,-,Yes,-,-,-,-,-,-,-,Yes,-,Yes,-,-,Yes,66973,-,Animalia,Aves,http://www.environment.gov.au/cgi-bin/sprat/public/publicspecies.pl?taxon_id=66973,2026-Aug-28,-,Procellariidae,Pterodroma,heraldica,-,-,"(Salvin, 1888)",-
Pterodroma leucoptera leucoptera,"Gould's Petrel, Australian Gould's Petrel",-,Endangered,-,Yes,-,Yes,Yes,Yes,Yes,-,-,-,-,Yes,Yes,Yes,-,-,Yes,26033,-,Animalia,Aves,http://www.environment.gov.au/cgi-bin/sprat/public/publicspecies.pl?taxon_id=26033,2026-Aug-28,-,Procellariidae,Pterodroma,leucoptera,-,leucoptera,-,"(Gould, 1844)"
Pterodroma mollis,Soft-plumaged Petrel,-,Vulnerable,-,-,-,-,Yes,Yes,Yes,Yes,-,-,-,-,-,-,Yes,-,Yes,1036,-,Animalia,Aves,http://www.environment.gov.au/cgi-bin/sprat/public/publicspecies.pl?taxon_id=1036,2026-Aug-28,-,Procellariidae,Pterodroma,mollis,-,-,"(Gould,1844)",-
Pterodroma neglecta neglecta,Kermadec Petrel (western),-,Vulnerable,-,Yes,-,Yes,-,-,-,-,-,-,-,Yes,Yes,Yes,-,-,Yes,64450,-,Animalia,Aves,http://www.environment.gov.au/cgi-bin/sprat/public/publicspecies.pl?taxon_id=64450,2026-Aug-28,-,Procellariidae,Pterodroma,neglecta,-,neglecta,"(Schlegel, 1863)",-
Pteropus brunneus,"Percy Island Flying-fox, Dusky Fruit Bat",-,Extinct,-,-,-,Yes,-,-,-,-,-,-,-,-,-,-,-,-,-,184,-,Animalia,Mammalia,http://www.environment.gov.au/cgi-bin/sprat/public/publicspecies.pl?taxon_id=184,2026-Aug-28,-,Pteropodidae,Pteropus,brunneus,-,-,"Dobson, 1878",-
Pteropus conspicillatus,Spectacled Flying-fox,-,Endangered,-,-,-,Yes,-,-,-,-,-,-,-,-,-,-,-,-,-,185,-,Animalia,Mammalia,http://www.environment.gov.au/cgi-bin/sprat/public/publicspecies.pl?taxon_id=185,2026-Aug-28,-,Pteropodidae,Pteropus,conspicillatus,-,-,"Gould, 1850",-
Pteropus natalis,"Christmas Island Flying-fox, Christmas Island Fruit-bat",-,Critically Endangered,-,-,-,-,-,-,-,-,-,-,Yes,-,-,-,-,-,-,87611,-,Animalia,Mammalia,http://www.environment.gov.au/cgi-bin/sprat/public/publicspecies.pl?taxon_id=87611,2026-Aug-28,-,Pteropodidae,Pteropus,natalis,-,-,"Thomas, 1887",-
Pteropus poliocephalus,Grey-headed Flying-fox,-,Vulnerable,Yes,Yes,-,Yes,Yes,-,Yes,-,-,-,-,-,Yes,-,-,-,-,186,-,Animalia,Mammalia,http://www.environment.gov.au/cgi-bin/sprat/public/publicspecies.pl?taxon_id=186,2026-Aug-28,-,Pteropodidae,Pteropus,poliocephalus,-,-,"Temminck, 1825",-
Pterostylis arenicola,Sandhill Greenhood Orchid,-,Vulnerable,-,-,-,-,Yes,-,-,-,-,-,-,-,-,-,-,-,-,17919,-,Plantae,Liliopsida,http://www.environment.gov.au/cgi-bin/sprat/public/publicspecies.pl?taxon_id=17919,2026-Aug-28,https://id.biodiversity.org.au/name/apni/74152,Orchidaceae,Pterostylis,arenicola,-,-,M.Clements  J.Stewart,-
Pterostylis basaltica,Basalt Greenhood,-,Endangered,-,-,-,-,-,-,Yes,-,-,-,-,-,-,-,-,-,-,56506,-,Plantae,Liliopsida,http://www.environment.gov.au/cgi-bin/sprat/public/publicspecies.pl?taxon_id=56506,2026-Aug-28,https://id.biodiversity.org.au/name/apni/119039,Orchidaceae,Pterostylis,basaltica,-,-,D.L.Jones  M.A.Clem.,-
Pterostylis bicornis,-,-,Vulnerable,-,Yes,-,Yes,-,-,-,-,-,-,-,-,-,-,-,-,-,9074,-,Plantae,Liliopsida,http://www.environment.gov.au/cgi-bin/sprat/public/publicspecies.pl?taxon_id=9074,2026-Aug-28,https://id.biodiversity.org.au/name/apni/74183,Orchidaceae,Pterostylis,bicornis,-,-,D.Jones  M.Clements,-
Pterostylis bryophila,Hindmarsh Valley Greenhood,-,Critically Endangered,-,-,-,-,Yes,-,-,-,-,-,-,-,-,-,-,-,-,75722,-,Plantae,Liliopsida,http://www.environment.gov.au/cgi-bin/sprat/public/publicspecies.pl?taxon_id=75722,2026-Aug-28,https://id.biodiversity.org.au/name/apni/178866,Orchidaceae,Pterostylis,bryophila,-,-,D.L.Jones,-
Pterostylis cheraphila,Floodplain Rustyhood,-,Vulnerable,-,-,-,-,-,-,Yes,-,-,-,-,-,-,-,-,-,-,56508,-,Plantae,Liliopsida,http://www.environment.gov.au/cgi-bin/sprat/public/publicspecies.pl?taxon_id=56508,2026-Aug-28,https://id.biodiversity.org.au/name/apni/119041,Orchidaceae,Pterostylis,cheraphila,-,-,D.L.Jones  M.A.Clem.,-
Pterostylis chlorogramma,Green-striped Greenhood,-,Vulnerable,-,-,-,-,Yes,-,Yes,-,-,-,-,-,-,-,-,-,-,56510,-,Plantae,Liliopsida,http://www.environment.gov.au/cgi-bin/sprat/public/publicspecies.pl?taxon_id=56510,2026-Aug-28,https://id.biodiversity.org.au/name/apni/119043,Orchidaceae,Pterostylis,chlorogramma,-,-,D.L.Jones  M.A.Clem.,-
Pterostylis commutata,Midland Greenhood,-,Critically Endangered,-,-,-,-,-,Yes,-,-,-,-,-,-,-,-,-,-,-,64535,-,Plantae,Liliopsida,http://www.environment.gov.au/cgi-bin/sprat/public/publicspecies.pl?taxon_id=64535,2026-Aug-28,https://id.biodiversity.org.au/name/apni/154672,Orchidaceae,Pterostylis,commutata,-,-,D.L.Jones,-
Pterostylis cucullata,Leafy Greenhood,-,Vulnerable,-,-,-,-,Yes,Yes,Yes,-,-,-,-,-,-,-,-,-,-,15459,-,Plantae,Liliopsida,http://www.environment.gov.au/cgi-bin/sprat/public/publicspecies.pl?taxon_id=15459,2026-Aug-28,https://id.biodiversity.org.au/name/apni/74401,Orchidaceae,Pterostylis,cucullata,-,-,R.Br.,-
Pterostylis despectans,Lowly Greenhood,-,Endangered,-,Yes,-,-,Yes,-,Yes,-,-,-,-,-,-,-,-,-,-,6272,-,Plantae,Liliopsida,http://www.environment.gov.au/cgi-bin/sprat/public/publicspecies.pl?taxon_id=6272,2026-Aug-28,https://id.biodiversity.org.au/name/apni/74529,Orchidaceae,Pterostylis,despectans,-,-,(Nicholls) M.Clements  D.Jones,-
Pterostylis gibbosa,"Illawarra Greenhood, Rufa Greenhood, Pouched Greenhood",-,Endangered,-,Yes,-,-,-,-,-,-,-,-,-,-,-,-,-,-,-,4562,-,Plantae,Liliopsida,http://www.environment.gov.au/cgi-bin/sprat/public/publicspecies.pl?taxon_id=4562,2026-Aug-28,https://id.biodiversity.org.au/name/apni/74689,Orchidaceae,Pterostylis,gibbosa,-,-,R.Br.,-
Pterostylis lepida,Halbury Greenhood,-,Endangered,-,-,-,-,Yes,-,-,-,-,-,-,-,-,-,-,-,-,86227,-,Plantae,Liliopsida,http://www.environment.gov.au/cgi-bin/sprat/public/publicspecies.pl?taxon_id=86227,2026-Aug-28,https://id.biodiversity.org.au/name/apni/226098,Orchidaceae,Pterostylis,lepida,-,-,(D.L.Jones) G.N.Backh.,-
Pterostylis metcalfei,Metcalfe's Greenhood,-,Endangered,-,Yes,-,-,-,-,-,-,-,-,-,-,-,-,-,-,-,65908,-,Plantae,Liliopsida,http://www.environment.gov.au/cgi-bin/sprat/public/publicspecies.pl?taxon_id=65908,2026-Aug-28,https://id.biodiversity.org.au/name/apni/137817,Orchidaceae,Pterostylis,metcalfei,-,-,D.L. Jones,-
Pterostylis mirabilis,Nodding Rufoushood,-,Vulnerable,-,-,-,-,Yes,-,-,-,-,-,-,-,-,-,-,-,-,86228,-,Plantae,Liliopsida,http://www.environment.gov.au/cgi-bin/sprat/public/publicspecies.pl?taxon_id=86228,2026-Aug-28,https://id.biodiversity.org.au/name/apni/216108,Orchidaceae,Pterostylis,mirabilis,-,-,(D.L.Jones) R.J.Bates,-
Pterostylis oreophila,"Blue-tongued Orchid, Kiandra Greenhood",-,Critically Endangered,Yes,Yes,-,-,-,-,Yes,-,-,-,-,-,-,-,-,-,-,22903,-,Plantae,Liliopsida,http://www.environment.gov.au/cgi-bin/sprat/public/publicspecies.pl?taxon_id=22903,2026-Aug-28,https://id.biodiversity.org.au/name/apni/75185,Orchidaceae,Pterostylis,oreophila,-,-,Clemesha,-
Pterostylis pratensis,Liawenee Greenhood,-,Vulnerable,-,-,-,-,-,Yes,-,-,-,-,-,-,-,-,-,-,-,66896,-,Plantae,Liliopsida,http://www.environment.gov.au/cgi-bin/sprat/public/publicspecies.pl?taxon_id=66896,2026-Aug-28,https://id.biodiversity.org.au/name/apni/172359,Orchidaceae,Pterostylis,pratensis,-,-,D.L. Jones,-
Pterostylis psammophila,Two-bristle Greenhood,-,Critically Endangered,-,-,-,-,Yes,-,-,-,-,-,-,-,-,-,-,-,-,86649,-,Plantae,Liliopsida,http://www.environment.gov.au/cgi-bin/sprat/public/publicspecies.pl?taxon_id=86649,2026-Aug-28,https://id.biodiversity.org.au/name/apni/216109,Orchidaceae,Pterostylis,psammophila,-,-,(D.L.Jones) R.J.Bates,-
Pterostylis pulchella,Pretty Greenhood,-,Vulnerable,-,Yes,-,-,-,-,-,-,-,-,-,-,-,-,-,-,-,6448,-,Plantae,Liliopsida,http://www.environment.gov.au/cgi-bin/sprat/public/publicspecies.pl?taxon_id=6448,2026-Aug-28,https://id.biodiversity.org.au/name/apni/75341,Orchidaceae,Pterostylis,pulchella,-,-,Messmer,-
Pterostylis rubenachii,Arthur River Greenhood,-,Endangered,-,-,-,-,-,Yes,-,-,-,-,-,-,-,-,-,-,-,64536,-,Plantae,Liliopsida,http://www.environment.gov.au/cgi-bin/sprat/public/publicspecies.pl?taxon_id=64536,2026-Aug-28,https://id.biodiversity.org.au/name/apni/154649,Orchidaceae,Pterostylis,rubenachii,-,-,D.L.Jones,-
Pterostylis saxicola,Sydney Plains Greenhood,-,Endangered,-,Yes,-,-,-,-,-,-,-,-,-,-,-,-,-,-,-,64537,-,Plantae,Liliopsida,http://www.environment.gov.au/cgi-bin/sprat/public/publicspecies.pl?taxon_id=64537,2026-Aug-28,https://id.biodiversity.org.au/name/apni/154616,Orchidaceae,Pterostylis,saxicola,-,-,D.L.Jones  M.A.Clements,-
Pterostylis sinuata,"Northampton Midget Greenhood, Western Swan Greenhood",-,Endangered,-,-,-,-,-,-,-,Yes,-,-,-,-,-,-,-,-,-,84991,-,Plantae,Liliopsida,http://www.environment.gov.au/cgi-bin/sprat/public/publicspecies.pl?taxon_id=84991,2026-Aug-28,https://id.biodiversity.org.au/name/apni/227716,Orchidaceae,Pterostylis,sinuata,-,-,(D.L.Jones) Janes  Duretto,-
Pterostylis sp. Botany Bay (A.Bishop J221/1-13),"Botany Bay Bearded Greenhood, Botany Bay Bearded Orchid",-,Endangered,-,Yes,-,-,-,-,-,-,-,-,-,-,-,-,-,-,-,64965,-,Plantae,Liliopsida,http://www.environment.gov.au/cgi-bin/sprat/public/publicspecies.pl?taxon_id=64965,2026-Aug-28,https://id.biodiversity.org.au/name/apni/154673,Orchidaceae,Pterostylis,sp. Botany Bay (A.Bishop J221/1-13),-,-,NSW Herbarium,-
Pterostylis sp. Hale (R.Bates 21725),Hale Dwarf Greenhood,-,Endangered,-,-,-,-,Yes,-,-,-,-,-,-,-,-,-,-,-,-,64539,-,Plantae,Liliopsida,http://www.environment.gov.au/cgi-bin/sprat/public/publicspecies.pl?taxon_id=64539,2026-Aug-28,https://id.biodiversity.org.au/name/apni/154619,Orchidaceae,Pterostylis,sp. Hale (R.Bates 21725),-,-,SA Herbarium,-
Pterostylis tenuissima,"Swamp Greenhood, Dainty Swamp Orchid",-,Vulnerable,-,-,-,-,Yes,-,Yes,-,-,-,-,-,-,-,-,-,-,13139,-,Plantae,Liliopsida,http://www.environment.gov.au/cgi-bin/sprat/public/publicspecies.pl?taxon_id=13139,2026-Aug-28,https://id.biodiversity.org.au/name/apni/75884,Orchidaceae,Pterostylis,tenuissima,-,-,Nicholls,-
Pterostylis valida,Robust Greenhood,-,Critically Endangered,-,-,-,-,-,-,Yes,-,-,-,-,-,-,-,-,-,-,64598,-,Plantae,Liliopsida,http://www.environment.gov.au/cgi-bin/sprat/public/publicspecies.pl?taxon_id=64598,2026-Aug-28,https://id.biodiversity.org.au/name/apni/123621,Orchidaceae,Pterostylis,valida,-,-,(Nicholls) D.L.Jones,-
Pterostylis vernalis,Halbury Rustyhood,-,Critically Endangered,-,Yes,-,-,-,-,-,-,-,-,-,-,-,-,-,-,-,84711,-,Plantae,Liliopsida,http://www.environment.gov.au/cgi-bin/sprat/public/publicspecies.pl?taxon_id=84711,2026-Aug-28,https://id.biodiversity.org.au/name/apni/226107,Orchidaceae,Pterostylis,vernalis,-,-,(D.L.Jones) G.N.Backh.,-
Pterostylis wapstrarum,Fleshy Greenhood,-,Critically Endangered,-,-,-,-,-,Yes,-,-,-,-,-,-,-,-,-,-,-,66694,-,Plantae,Liliopsida,http://www.environment.gov.au/cgi-bin/sprat/public/publicspecies.pl?taxon_id=66694,2026-Aug-28,https://id.biodiversity.org.au/name/apni/172362,Orchidaceae,Pterostylis,wapstrarum,-,-,D.L.Jones,-
Pterostylis X aenigma,Enigmatic Greenhood,-,Endangered,-,-,-,-,-,-,Yes,-,-,-,-,-,-,-,-,-,-,82697,-,Plantae,Liliopsida,http://www.environment.gov.au/cgi-bin/sprat/public/publicspecies.pl?taxon_id=82697,2026-Aug-28,https://id.biodiversity.org.au/name/apni/119038,Orchidaceae,Pterostylis,X aenigma,-,-,D.L.Jones  M.A.Clem.,-
Pterostylis xerophila,Desert Greenhood,-,Vulnerable,-,-,-,-,Yes,-,Yes,-,-,-,-,-,-,-,-,-,-,7997,-,Plantae,Liliopsida,http://www.environment.gov.au/cgi-bin/sprat/public/publicspecies.pl?taxon_id=7997,2026-Aug-28,https://id.biodiversity.org.au/name/apni/76100,Orchidaceae,Pterostylis,xerophila,-,-,M.A.Clem.,-
Pterostylis ziegeleri,"Grassland Greenhood, Cape Portland Greenhood",-,Vulnerable,-,-,-,-,-,Yes,-,-,-,-,-,-,-,-,-,-,-,64971,-,Plantae,Liliopsida,http://www.environment.gov.au/cgi-bin/sprat/public/publicspecies.pl?taxon_id=64971,2026-Aug-28,https://id.biodiversity.org.au/name/apni/172364,Orchidaceae,Pterostylis,ziegeleri,-,-,D.L.Jones,-
Ptilotus beckerianus,Ironstone Mulla Mulla,-,Vulnerable,-,-,-,-,Yes,-,-,-,-,-,-,-,-,-,-,-,-,3787,-,Plantae,Magnoliopsida,http://www.environment.gov.au/cgi-bin/sprat/public/publicspecies.pl?taxon_id=3787,2026-Aug-28,https://id.biodiversity.org.au/name/apni/77009,Amaranthaceae,Ptilotus,beckerianus,-,-,(F.Muell.) F.Muell. ex J.M.Black,-
Ptilotus brachyanthus,-,-,Endangered,-,-,-,Yes,-,-,-,-,-,-,-,-,-,-,-,-,-,8462,-,Plantae,Magnoliopsida,http://www.environment.gov.au/cgi-bin/sprat/public/publicspecies.pl?taxon_id=8462,2026-Aug-28,https://id.biodiversity.org.au/name/apni/77043,Amaranthaceae,Ptilotus,brachyanthus,-,-,(Benth.) F.Muell.,-
Ptilotus pyramidatus,Pyramid Mulla-mulla,-,Critically Endangered,-,-,-,-,-,-,-,Yes,-,-,-,-,-,-,-,-,-,18216,-,Plantae,Magnoliopsida,http://www.environment.gov.au/cgi-bin/sprat/public/publicspecies.pl?taxon_id=18216,2026-Aug-28,https://id.biodiversity.org.au/name/apni/79670,Amaranthaceae,Ptilotus,pyramidatus,-,-,(Moq.) F.Muell.,-
Ptilotus uncinellus,-,-,Endangered,-,-,-,Yes,-,-,-,-,-,-,-,-,-,-,-,-,-,91385,-,Plantae,Magnoliopsida,http://www.environment.gov.au/cgi-bin/sprat/public/publicspecies.pl?taxon_id=91385,2026-Aug-28,https://id.biodiversity.org.au/name/apni/51348224,Amaranthaceae,Ptilotus,uncinellus,-,-,(A.R.Bean) T. Hammer,-
Ptychosema pusillum,Dwarf Pea,-,Vulnerable,-,-,-,-,-,-,-,Yes,-,-,-,-,-,-,-,-,-,11268,-,Plantae,Magnoliopsida,http://www.environment.gov.au/cgi-bin/sprat/public/publicspecies.pl?taxon_id=11268,2026-Aug-28,https://id.biodiversity.org.au/name/apni/57260,Fabaceae,Ptychosema,pusillum,-,-,Lindley,-
Pultenaea aculeata,-,-,Endangered,-,Yes,-,-,-,-,-,-,-,-,-,-,-,-,-,-,-,92565,-,Plantae,Magnoliopsida,http://www.environment.gov.au/cgi-bin/sprat/public/publicspecies.pl?taxon_id=92565,2026-Aug-28,https://id.biodiversity.org.au/name/apni/51693100,Fabaceae,Pultenaea,aculeata,-,-,"M.A.M.Renner,  P.H.Weston  S.Clarke",-
Pultenaea aristata,-,-,Vulnerable,-,Yes,-,-,-,-,-,-,-,-,-,-,-,-,-,-,-,18062,-,Plantae,Magnoliopsida,http://www.environment.gov.au/cgi-bin/sprat/public/publicspecies.pl?taxon_id=18062,2026-Aug-28,https://id.biodiversity.org.au/name/apni/57764,Fabaceae,Pultenaea,aristata,-,-,Sieber ex DC.,-
Pultenaea baeuerlenii,Budawangs Bush-pea,-,Endangered,-,Yes,-,-,-,-,-,-,-,-,-,-,-,-,-,-,-,13130,-,Plantae,Magnoliopsida,http://www.environment.gov.au/cgi-bin/sprat/public/publicspecies.pl?taxon_id=13130,2026-Aug-28,https://id.biodiversity.org.au/name/apni/57897,Fabaceae,Pultenaea,baeuerlenii,-,-,F.Muell.,-
Pultenaea elusa,Elusive Bush-pea,-,Endangered,-,Yes,-,-,-,-,-,-,-,-,-,-,-,-,-,-,-,78990,-,Plantae,Magnoliopsida,http://www.environment.gov.au/cgi-bin/sprat/public/publicspecies.pl?taxon_id=78990,2026-Aug-28,https://id.biodiversity.org.au/name/apni/189162,Fabaceae,Pultenaea,elusa,-,-,(J.D.Briggs  Crisp) de Kok,-
Pultenaea glabra,"Smooth Bush-pea, Swamp Bush-pea",-,Vulnerable,-,Yes,-,-,-,-,-,-,-,-,-,-,-,-,-,-,-,11887,-,Plantae,Magnoliopsida,http://www.environment.gov.au/cgi-bin/sprat/public/publicspecies.pl?taxon_id=11887,2026-Aug-28,https://id.biodiversity.org.au/name/apni/59497,Fabaceae,Pultenaea,glabra,-,-,Benth.,-
Pultenaea insularis,Beyeria Bush-pea,-,Critically Endangered,-,-,-,-,Yes,-,-,-,-,-,-,-,-,-,-,-,-,89904,-,Plantae,Magnoliopsida,http://www.environment.gov.au/cgi-bin/sprat/public/publicspecies.pl?taxon_id=89904,2026-Aug-28,https://id.biodiversity.org.au/name/apni/158313,Fabaceae,Pultenaea,insularis,-,-,J.Z.Weber,-
Pultenaea maidenii,Maiden's Bush-pea,-,Extinct,-,-,-,-,-,-,Yes,-,-,-,-,-,-,-,-,-,-,2869,-,Plantae,Magnoliopsida,http://www.environment.gov.au/cgi-bin/sprat/public/publicspecies.pl?taxon_id=2869,2026-Aug-28,https://id.biodiversity.org.au/name/apni/60568,Fabaceae,Pultenaea,maidenii,-,-,Reader,-
Pultenaea parrisiae,-,-,Vulnerable,-,Yes,-,-,-,-,Yes,-,-,-,-,-,-,-,-,-,-,56699,-,Plantae,Magnoliopsida,http://www.environment.gov.au/cgi-bin/sprat/public/publicspecies.pl?taxon_id=56699,2026-Aug-28,https://id.biodiversity.org.au/name/apni/153479,Fabaceae,Pultenaea,parrisiae,-,-,J.D.Briggs  Crisp,-
Pultenaea parviflora,-,-,Vulnerable,-,Yes,-,-,-,-,-,-,-,-,-,-,-,-,-,-,-,19380,-,Plantae,Magnoliopsida,http://www.environment.gov.au/cgi-bin/sprat/public/publicspecies.pl?taxon_id=19380,2026-Aug-28,https://id.biodiversity.org.au/name/apni/61169,Fabaceae,Pultenaea,parviflora,-,-,Sieber ex DC.,-
Pultenaea pauciflora,Narrogin Pea,-,Vulnerable,-,-,-,-,-,-,-,Yes,-,-,-,-,-,-,-,-,-,14013,-,Plantae,Magnoliopsida,http://www.environment.gov.au/cgi-bin/sprat/public/publicspecies.pl?taxon_id=14013,2026-Aug-28,https://id.biodiversity.org.au/name/apni/61216,Fabaceae,Pultenaea,pauciflora,-,-,M.Scott,-
Pultenaea setulosa,-,-,Vulnerable,-,-,-,Yes,-,-,-,-,-,-,-,-,-,-,-,-,-,2705,-,Plantae,Magnoliopsida,http://www.environment.gov.au/cgi-bin/sprat/public/publicspecies.pl?taxon_id=2705,2026-Aug-28,https://id.biodiversity.org.au/name/apni/62206,Fabaceae,Pultenaea,setulosa,-,-,Benth.,-
Pultenaea sp. Genowlan Point (NSW 417813),"Genowlan Point Pultenaea, Genowlan Pultenaea",Pultenaea praecipua subsp. praecipua,Critically Endangered,-,Yes,-,-,-,-,-,-,-,-,-,-,-,-,-,-,-,87188,92567,Plantae,Magnoliopsida,http://www.environment.gov.au/cgi-bin/sprat/public/publicspecies.pl?taxon_id=87188,2026-Aug-28,https://id.biodiversity.org.au/name/apni/194574,Fabaceae,Pultenaea,sp. Genowlan Point (NSW 417813),-,-,NSW Herbarium,-
Pultenaea trichophylla,Tufted Bush-pea,-,Endangered,-,-,-,-,Yes,-,-,-,-,-,-,-,-,-,-,-,-,12715,-,Plantae,Magnoliopsida,http://www.environment.gov.au/cgi-bin/sprat/public/publicspecies.pl?taxon_id=12715,2026-Aug-28,https://id.biodiversity.org.au/name/apni/62879,Fabaceae,Pultenaea,trichophylla,-,-,H.B.Will. ex J.Black,-
Pultenaea villifera var. glabrescens,"Yellow Bush-pea, Splendid Bush-pea",-,Vulnerable,-,-,-,-,Yes,-,-,-,-,-,-,-,-,-,-,-,-,10271,-,Plantae,Magnoliopsida,http://www.environment.gov.au/cgi-bin/sprat/public/publicspecies.pl?taxon_id=10271,2026-Aug-28,https://id.biodiversity.org.au/name/apni/63177,Fabaceae,Pultenaea,villifera,var.,glabrescens,-,J.M.Black
Pultenaea williamsoniana,Williamsons Bush-pea,-,Vulnerable,-,-,-,-,-,-,Yes,-,-,-,-,-,-,-,-,-,-,5061,-,Plantae,Magnoliopsida,http://www.environment.gov.au/cgi-bin/sprat/public/publicspecies.pl?taxon_id=5061,2026-Aug-28,https://id.biodiversity.org.au/name/apni/63524,Fabaceae,Pultenaea,williamsoniana,-,-,J.H.Willis,-
Pycnoptilus floccosus,Pilotbird,-,Vulnerable,Yes,Yes,-,-,-,-,Yes,-,-,-,-,-,Yes,-,-,-,-,525,-,Animalia,Aves,http://www.environment.gov.au/cgi-bin/sprat/public/publicspecies.pl?taxon_id=525,2026-Aug-28,-,Acanthizidae,Pycnoptilus,floccosus,-,-,"Gould, 1851",-
Quintalia stoddartii,Stoddart's Helicarionid Land Snail,Advena stoddartii,Critically Endangered,-,-,-,-,-,-,-,-,-,-,-,-,-,Yes,-,-,-,81253,93279,Animalia,Gastropoda,http://www.environment.gov.au/cgi-bin/sprat/public/publicspecies.pl?taxon_id=81253,2026-Aug-28,-,Microcystidae,Quintalia,stoddartii,-,-,"Gray, 1834",-
Ramphotyphlops exocoeti,"Christmas Island Blind Snake, Christmas Island Pink Blind Snake",-,Vulnerable,-,-,-,-,-,-,-,-,-,-,Yes,-,-,-,-,-,-,1262,-,Animalia,Reptilia,http://www.environment.gov.au/cgi-bin/sprat/public/publicspecies.pl?taxon_id=1262,2026-Aug-28,-,Typhlopidae,Ramphotyphlops,exocoeti,-,-,"(Boulenger, 1887)",-
Randia moorei,Spiny Gardenia,-,Endangered,-,Yes,-,Yes,-,-,-,-,-,-,-,-,-,-,-,-,-,10577,-,Plantae,Magnoliopsida,http://www.environment.gov.au/cgi-bin/sprat/public/publicspecies.pl?taxon_id=10577,2026-Aug-28,https://id.biodiversity.org.au/name/apni/93079,Rubiaceae,Randia,moorei,-,-,Benth.,-
Ranunculus anemoneus,Anemone Buttercup,-,Vulnerable,-,Yes,-,-,-,-,-,-,-,-,-,-,-,-,-,-,-,14889,-,Plantae,Magnoliopsida,http://www.environment.gov.au/cgi-bin/sprat/public/publicspecies.pl?taxon_id=14889,2026-Aug-28,https://id.biodiversity.org.au/name/apni/93660,Ranunculaceae,Ranunculus,anemoneus,-,-,F.Muell.,-
Ranunculus prasinus,"Midlands Buttercup, Tunbridge Buttercup",-,Endangered,-,-,-,-,-,Yes,-,-,-,-,-,-,-,-,-,-,-,4862,-,Plantae,Magnoliopsida,http://www.environment.gov.au/cgi-bin/sprat/public/publicspecies.pl?taxon_id=4862,2026-Aug-28,https://id.biodiversity.org.au/name/apni/113323,Ranunculaceae,Ranunculus,prasinus,-,-,Menadue,-
Rattus macleari,"Maclear's Rat, Christmas Island Rat",-,Extinct,-,-,-,-,-,-,-,-,-,-,Yes,-,-,-,-,-,-,25904,-,Animalia,Mammalia,http://www.environment.gov.au/cgi-bin/sprat/public/publicspecies.pl?taxon_id=25904,2026-Aug-28,-,Muridae,Rattus,macleari,-,-,"Thomas, 1887",-
Rattus nativitatis,"Bulldog Rat, Christmas Island Burrowing Rat",-,Extinct,-,-,-,-,-,-,-,-,-,-,Yes,-,-,-,-,-,-,25905,-,Animalia,Mammalia,http://www.environment.gov.au/cgi-bin/sprat/public/publicspecies.pl?taxon_id=25905,2026-Aug-28,-,Muridae,Rattus,nativitatis,-,-,"(Thomas, 1889)",-
Reedia spathacea,Reedia,-,Critically Endangered,-,-,-,-,-,-,-,Yes,-,-,-,-,-,-,-,-,-,2995,-,Plantae,Liliopsida,http://www.environment.gov.au/cgi-bin/sprat/public/publicspecies.pl?taxon_id=2995,2026-Aug-28,https://id.biodiversity.org.au/name/apni/95715,Cyperaceae,Reedia,spathacea,-,-,F.Muell.,-
Rexea solandri (eastern Australian population),Eastern Gemfish,-,Conservation Dependent,-,Yes,-,Yes,-,Yes,-,-,-,-,-,-,-,-,-,-,Yes,76339,-,Animalia,Actinopterygii,http://www.environment.gov.au/cgi-bin/sprat/public/publicspecies.pl?taxon_id=76339,2026-Aug-28,-,Gempylidae,Rexea,solandri (eastern Australian population),-,-,"Cuvier, 1832",-
Rhagodia acicularis,Wongan Rhagodia,-,Vulnerable,-,-,-,-,-,-,-,Yes,-,-,-,-,-,-,-,-,-,11145,-,Plantae,Magnoliopsida,http://www.environment.gov.au/cgi-bin/sprat/public/publicspecies.pl?taxon_id=11145,2026-Aug-28,https://id.biodiversity.org.au/name/apni/110131,Chenopodiaceae,Rhagodia,acicularis,-,-,Paul G.Wilson,-
Rhaphidospora bonneyana,-,-,Vulnerable,-,Yes,-,Yes,-,-,-,-,-,-,-,-,-,-,-,-,-,8029,-,Plantae,Magnoliopsida,http://www.environment.gov.au/cgi-bin/sprat/public/publicspecies.pl?taxon_id=8029,2026-Aug-28,https://id.biodiversity.org.au/name/apni/67708,Acanthaceae,Rhaphidospora,bonneyana,-,-,(F.Muell.) R.M.Barker,-
Rhaponticum australe,"Austral Cornflower, Native Thistle",Leuzea australis,Vulnerable,-,Yes,-,Yes,-,-,Yes,-,-,-,-,-,-,-,-,-,-,22647,9363,Plantae,Magnoliopsida,http://www.environment.gov.au/cgi-bin/sprat/public/publicspecies.pl?taxon_id=22647,2026-Aug-28,https://id.biodiversity.org.au/name/apni/203251,Asteraceae,Rhaponticum,australe,-,-,(Gaudich.) Sojak,-
Rheobatrachus silus,Southern Gastric-brooding Frog,-,Extinct,-,-,-,Yes,-,-,-,-,-,-,-,-,-,-,-,-,-,1909,-,Animalia,Amphibia,http://www.environment.gov.au/cgi-bin/sprat/public/publicspecies.pl?taxon_id=1909,2026-Aug-28,-,Myobatrachidae,Rheobatrachus,silus,-,-,"Liem,1973",-
Rheobatrachus vitellinus,"Northern Gastric-brooding Frog, Eungella Gastric-brooding Frog",-,Extinct,-,-,-,Yes,-,-,-,-,-,-,-,-,-,-,-,-,-,1910,-,Animalia,Amphibia,http://www.environment.gov.au/cgi-bin/sprat/public/publicspecies.pl?taxon_id=1910,2026-Aug-28,-,Myobatrachidae,Rheobatrachus,vitellinus,-,-,"Mahony, Tyler  Davies, 1984",-
Rheodytes leukops,"Fitzroy River Turtle, Fitzroy Tortoise, Fitzroy Turtle, White-eyed River Diver",-,Endangered,-,-,-,Yes,-,-,-,-,-,-,-,-,-,-,-,-,-,1761,-,Animalia,Reptilia,http://www.environment.gov.au/cgi-bin/sprat/public/publicspecies.pl?taxon_id=1761,2026-Aug-28,-,Chelidae,Rheodytes,leukops,-,-,"Legler and Cann, 1980",-
Rhincodon typus,Whale Shark,-,Vulnerable,-,Yes,Yes,Yes,Yes,Yes,Yes,Yes,Yes,Yes,Yes,Yes,Yes,-,-,-,Yes,66680,-,Animalia,Chondrichthyes,http://www.environment.gov.au/cgi-bin/sprat/public/publicspecies.pl?taxon_id=66680,2026-Aug-28,-,Rhincodontidae,Rhincodon,typus,-,-,-,-
Rhinerrhizopsis matutina,-,-,Vulnerable,-,-,-,Yes,-,-,-,-,-,-,-,-,-,-,-,-,-,82846,-,Plantae,Liliopsida,http://www.environment.gov.au/cgi-bin/sprat/public/publicspecies.pl?taxon_id=82846,2026-Aug-28,https://id.biodiversity.org.au/name/apni/200945,Orchidaceae,Rhinerrhizopsis,matutina,-,-,D.L.Jones  M.A.Clem.,-
Rhinolophus robertsi,"Large-eared Horseshoe Bat, Greater Large-eared Horseshoe Bat, Lesser Large-eared Horseshoe Bat",-,Vulnerable,-,-,-,Yes,-,-,-,-,-,-,-,-,-,-,-,-,-,87639,-,Animalia,Mammalia,http://www.environment.gov.au/cgi-bin/sprat/public/publicspecies.pl?taxon_id=87639,2026-Aug-28,-,Rhinolophidae,Rhinolophus,robertsi,-,-,"Tate, 1952",-
Rhinonicteris aurantia (Pilbara form),Pilbara Leaf-nosed Bat,-,Vulnerable,-,-,-,-,-,-,-,Yes,-,-,-,-,-,-,-,-,-,82790,-,Animalia,Mammalia,http://www.environment.gov.au/cgi-bin/sprat/public/publicspecies.pl?taxon_id=82790,2026-Aug-28,-,Rhinonycteridae,Rhinonicteris,aurantia (Pilbara form),-,-,"(J.E. Gray, 1845)",-
Rhipidura fuliginosa cervina,"Lord Howe Grey Fantail, Grey Fantail (Lord Howe Island)",-,Extinct,-,Yes,-,-,-,-,-,-,-,-,-,-,-,-,-,-,-,67106,-,Animalia,Aves,http://www.environment.gov.au/cgi-bin/sprat/public/publicspecies.pl?taxon_id=67106,2026-Aug-28,-,Muscicapidae,Rhipidura,fuliginosa,-,cervina,-,"Ramsay, 1879"
Rhizanthella gardneri,"Western Underground Orchid, Underground Orchid",-,Critically Endangered,-,-,-,-,-,-,-,Yes,-,-,-,-,-,-,-,-,-,20109,-,Plantae,Liliopsida,http://www.environment.gov.au/cgi-bin/sprat/public/publicspecies.pl?taxon_id=20109,2026-Aug-28,https://id.biodiversity.org.au/name/apni/68275,Orchidaceae,Rhizanthella,gardneri,-,-,R.S.Rogers,-
Rhizanthella johnstonii,South Coast Underground Orchid,-,Critically Endangered,-,-,-,-,-,-,-,Yes,-,-,-,-,-,-,-,-,-,89853,-,Plantae,Liliopsida,http://www.environment.gov.au/cgi-bin/sprat/public/publicspecies.pl?taxon_id=89853,2026-Aug-28,https://id.biodiversity.org.au/name/apni/50024025,Orchidaceae,Rhizanthella,johnstonii,-,-,K.W.Dixon  Christenh.,-
Rhizanthella slateri,Eastern Underground Orchid,-,Endangered,-,Yes,-,-,-,-,-,-,-,-,-,-,-,-,-,-,-,11768,-,Plantae,Liliopsida,http://www.environment.gov.au/cgi-bin/sprat/public/publicspecies.pl?taxon_id=11768,2026-Aug-28,https://id.biodiversity.org.au/name/apni/68289,Orchidaceae,Rhizanthella,slateri,-,-,(Rupp) M.Clements  Cribb,-
Rhodamnia angustifolia,Narrow-leaved Malletwood,-,Critically Endangered,-,-,-,Yes,-,-,-,-,-,-,-,-,-,-,-,-,-,84816,-,Plantae,Magnoliopsida,http://www.environment.gov.au/cgi-bin/sprat/public/publicspecies.pl?taxon_id=84816,2026-Aug-28,https://id.biodiversity.org.au/name/apni/166887,Myrtaceae,Rhodamnia,angustifolia,-,-,N.Snow  Guymer,-
Rhodamnia longisepala,-,-,Critically Endangered,-,-,-,Yes,-,-,-,-,-,-,-,-,-,-,-,-,-,84817,-,Plantae,Magnoliopsida,http://www.environment.gov.au/cgi-bin/sprat/public/publicspecies.pl?taxon_id=84817,2026-Aug-28,https://id.biodiversity.org.au/name/apni/180771,Myrtaceae,Rhodamnia,longisepala,-,-,N.Snow  A.J.Ford,-
Rhodamnia maideniana,Smooth Scrub Turpentine,-,Critically Endangered,-,Yes,-,Yes,-,-,-,-,-,-,-,-,-,-,-,-,-,20665,-,Plantae,Magnoliopsida,http://www.environment.gov.au/cgi-bin/sprat/public/publicspecies.pl?taxon_id=20665,2026-Aug-28,https://id.biodiversity.org.au/name/apni/68663,Myrtaceae,Rhodamnia,maideniana,-,-,C.T.White,-
Rhodamnia rubescens,"Scrub Turpentine, Brown Malletwood",-,Critically Endangered,-,Yes,-,Yes,-,-,-,-,-,-,-,-,Yes,-,-,-,-,15763,-,Plantae,Magnoliopsida,http://www.environment.gov.au/cgi-bin/sprat/public/publicspecies.pl?taxon_id=15763,2026-Aug-28,https://id.biodiversity.org.au/name/apni/68708,Myrtaceae,Rhodamnia,rubescens,-,-,(Benth.) Miq.,-
Rhodamnia sessiliflora,Iron Malletwood,-,Endangered,-,-,-,Yes,-,-,-,-,-,-,-,-,-,-,-,-,-,18516,-,Plantae,Magnoliopsida,http://www.environment.gov.au/cgi-bin/sprat/public/publicspecies.pl?taxon_id=18516,2026-Aug-28,https://id.biodiversity.org.au/name/apni/68728,Myrtaceae,Rhodamnia,sessiliflora,-,-,Benth.,-
Rhodamnia whiteana,White Malletwood,-,Endangered,-,-,-,Yes,-,-,-,-,-,-,-,-,-,-,-,-,-,14067,-,Plantae,Magnoliopsida,http://www.environment.gov.au/cgi-bin/sprat/public/publicspecies.pl?taxon_id=14067,2026-Aug-28,https://id.biodiversity.org.au/name/apni/68838,Myrtaceae,Rhodamnia,whiteana,-,-,Guymer  Jessup,-
Rhodomyrtus psidioides,Native Guava,-,Critically Endangered,-,Yes,-,Yes,-,-,-,-,-,-,-,-,-,-,-,-,-,19162,-,Plantae,Magnoliopsida,http://www.environment.gov.au/cgi-bin/sprat/public/publicspecies.pl?taxon_id=19162,2026-Aug-28,https://id.biodiversity.org.au/name/apni/69209,Myrtaceae,Rhodomyrtus,psidioides,-,-,(G.Don) Benth.,-
Ricinocarpos brevis,-,-,Endangered,-,-,-,-,-,-,-,Yes,-,-,-,-,-,-,-,-,-,82879,-,Plantae,Magnoliopsida,http://www.environment.gov.au/cgi-bin/sprat/public/publicspecies.pl?taxon_id=82879,2026-Aug-28,https://id.biodiversity.org.au/name/apni/207857,Euphorbiaceae,Ricinocarpos,brevis,-,-,R.J.F.Henderson  Mollemans,-
Ricinocarpos gloria-medii,Glory of the Centre,-,Vulnerable,-,-,Yes,-,-,-,-,-,-,-,-,-,-,-,-,-,-,6525,-,Plantae,Magnoliopsida,http://www.environment.gov.au/cgi-bin/sprat/public/publicspecies.pl?taxon_id=6525,2026-Aug-28,https://id.biodiversity.org.au/name/apni/113125,Euphorbiaceae,Ricinocarpos,gloria-medii,-,-,J.H.Willis,-
Ricinocarpos trichophorus,Barrens Wedding Bush,-,Endangered,-,-,-,-,-,-,-,Yes,-,-,-,-,-,-,-,-,-,19931,-,Plantae,Magnoliopsida,http://www.environment.gov.au/cgi-bin/sprat/public/publicspecies.pl?taxon_id=19931,2026-Aug-28,https://id.biodiversity.org.au/name/apni/113586,Euphorbiaceae,Ricinocarpos,trichophorus,-,-,Muell.Arg.,-
Riekoperla darlingtoni,Mount Donna Buang Wingless Stonefly,-,Critically Endangered,-,-,-,-,-,-,Yes,-,-,-,-,-,-,-,-,-,-,66811,-,Animalia,Insecta,http://www.environment.gov.au/cgi-bin/sprat/public/publicspecies.pl?taxon_id=66811,2026-Aug-28,-,Gripopterygidae,Riekoperla,darlingtoni,-,-,"(Illies, 1968)",-
Ristantia gouldii,-,-,Vulnerable,-,-,-,Yes,-,-,-,-,-,-,-,-,-,-,-,-,-,18776,-,Plantae,Magnoliopsida,http://www.environment.gov.au/cgi-bin/sprat/public/publicspecies.pl?taxon_id=18776,2026-Aug-28,https://id.biodiversity.org.au/name/apni/114279,Myrtaceae,Ristantia,gouldii,-,-,Peter G.Wilson  B.Hyland,-
Romnalda strobilacea,-,-,Vulnerable,-,-,-,Yes,-,-,-,-,-,-,-,-,-,-,-,-,-,5948,-,Plantae,Liliopsida,http://www.environment.gov.au/cgi-bin/sprat/public/publicspecies.pl?taxon_id=5948,2026-Aug-28,https://id.biodiversity.org.au/name/apni/62201,Asparagaceae,Romnalda,strobilacea,-,-,R.J.F.Hend.  Sharpe,-
Rostratula australis,Australian Painted Snipe,-,Endangered,Yes,Yes,Yes,Yes,Yes,-,Yes,Yes,-,-,-,-,Yes,-,-,-,-,77037,-,Animalia,Aves,http://www.environment.gov.au/cgi-bin/sprat/public/publicspecies.pl?taxon_id=77037,2026-Aug-28,-,Rostratulidae,Rostratula,australis,-,-,"(Gould, 1838)",-
Roycea pycnophylloides,Saltmat,-,Endangered,-,-,-,-,-,-,-,Yes,-,-,-,-,-,-,-,-,-,21161,-,Plantae,Magnoliopsida,http://www.environment.gov.au/cgi-bin/sprat/public/publicspecies.pl?taxon_id=21161,2026-Aug-28,https://id.biodiversity.org.au/name/apni/77718,Chenopodiaceae,Roycea,pycnophylloides,-,-,C.Gardner,-
Rutidosis heterogama,Heath Wrinklewort,-,Vulnerable,-,Yes,-,-,-,-,-,-,-,-,-,-,-,-,-,-,-,13132,-,Plantae,Magnoliopsida,http://www.environment.gov.au/cgi-bin/sprat/public/publicspecies.pl?taxon_id=13132,2026-Aug-28,https://id.biodiversity.org.au/name/apni/116776,Asteraceae,Rutidosis,heterogama,-,-,Philipson,-
Rutidosis leiolepis,Monaro Golden Daisy,-,Vulnerable,-,Yes,-,-,-,-,-,-,-,-,-,-,-,-,-,-,-,21490,-,Plantae,Magnoliopsida,http://www.environment.gov.au/cgi-bin/sprat/public/publicspecies.pl?taxon_id=21490,2026-Aug-28,https://id.biodiversity.org.au/name/apni/105443,Asteraceae,Rutidosis,leiolepis,-,-,F.Muell.,-
Rutidosis leptorhynchoides,Button Wrinklewort,-,Endangered,Yes,Yes,-,-,-,-,Yes,-,-,-,-,-,-,-,-,-,-,67251,-,Plantae,Magnoliopsida,http://www.environment.gov.au/cgi-bin/sprat/public/publicspecies.pl?taxon_id=67251,2026-Aug-28,https://id.biodiversity.org.au/name/apni/105484,Asteraceae,Rutidosis,leptorhynchoides,-,-,F.Muell.,-
Rytidosperma pumilum,Feldmark Grass,-,Vulnerable,-,Yes,-,-,-,-,-,-,-,-,-,-,-,-,-,-,-,66716,-,Plantae,Liliopsida,http://www.environment.gov.au/cgi-bin/sprat/public/publicspecies.pl?taxon_id=66716,2026-Aug-28,https://id.biodiversity.org.au/name/apni/194058,Poaceae,Rytidosperma,pumilum,-,-,(Kirk) Clayton  Renvoize ex Connor  Edgar,-
Saccolaimus saccolaimus nudicluniatus,"Bare-rumped Sheath-tailed Bat, Bare-rumped Sheathtail Bat",-,Vulnerable,-,-,Yes,Yes,-,-,-,Yes,-,-,-,-,-,-,-,-,-,66889,-,Animalia,Mammalia,http://www.environment.gov.au/cgi-bin/sprat/public/publicspecies.pl?taxon_id=66889,2026-Aug-28,-,Emballonuridae,Saccolaimus,saccolaimus,-,nudicluniatus,-,"(De Vis, 1905)"
Sagina diemensis,Tasmanian Pearlwort,-,Endangered,-,-,-,-,-,Yes,-,-,-,-,-,-,-,-,-,-,-,64974,-,Plantae,Magnoliopsida,http://www.environment.gov.au/cgi-bin/sprat/public/publicspecies.pl?taxon_id=64974,2026-Aug-28,https://id.biodiversity.org.au/name/apni/144373,Caryophyllaceae,Sagina,diemensis,-,-,L.G.Adams,-
Saltuarius eximius,Cape Melville Leaf-tail Gecko,-,Critically Endangered,-,-,-,Yes,-,-,-,-,-,-,-,-,-,-,-,-,-,89488,-,Animalia,Reptilia,http://www.environment.gov.au/cgi-bin/sprat/public/publicspecies.pl?taxon_id=89488,2026-Aug-28,-,Carphodactylidae,Saltuarius,eximius,-,-,"Hoskin  Couper, 2013",-
Saltuarius kateae,Kate's Leaf-tail Gecko,-,Endangered,-,Yes,-,-,-,-,-,-,-,-,-,-,-,-,-,-,-,89489,-,Animalia,Reptilia,http://www.environment.gov.au/cgi-bin/sprat/public/publicspecies.pl?taxon_id=89489,2026-Aug-28,-,Carphodactylidae,Saltuarius,kateae,-,-,"Couper, Sadlier, Shea  Wilmer, 2008",-
Saltuarius moritzi,"New England Leaf-tailed Gecko, Moritz's Leaf-tailed Gecko",-,Endangered,-,Yes,-,-,-,-,-,-,-,-,-,-,-,-,-,-,-,89490,-,Animalia,Reptilia,http://www.environment.gov.au/cgi-bin/sprat/public/publicspecies.pl?taxon_id=89490,2026-Aug-28,-,Carphodactylidae,Saltuarius,moritzi,-,-,"Couper, Sadlier, Shea  Wilmer, 2008",-
Saltuarius wyberba,Granite Belt Leaf-tailed Gecko,-,Endangered,-,Yes,-,Yes,-,-,-,-,-,-,-,-,-,-,-,-,-,64743,-,Animalia,Reptilia,http://www.environment.gov.au/cgi-bin/sprat/public/publicspecies.pl?taxon_id=64743,2026-Aug-28,-,Carphodactylidae,Saltuarius,wyberba,-,-,"Couper, Schneider  Covacevich, 1997",-
Samadera bidwillii,Quassia,-,Vulnerable,-,-,-,Yes,-,-,-,-,-,-,-,-,-,-,-,-,-,29708,-,Plantae,Magnoliopsida,http://www.environment.gov.au/cgi-bin/sprat/public/publicspecies.pl?taxon_id=29708,2026-Aug-28,https://id.biodiversity.org.au/name/apni/60786,Simaroubaceae,Samadera,bidwillii,-,-,(Hook.f.) Oliv.,-
Samadera sp. Moonee Creek (J.King s.n. Nov. 1949),-,-,Endangered,-,Yes,-,-,-,-,-,-,-,-,-,-,-,-,-,-,-,86885,-,Plantae,Magnoliopsida,http://www.environment.gov.au/cgi-bin/sprat/public/publicspecies.pl?taxon_id=86885,2026-Aug-28,https://id.biodiversity.org.au/name/apni/229447,Simaroubaceae,Samadera,sp. Moonee Creek (J.King s.n. Nov. 1949),-,-,NSW Herbarium,-
Sankowskya stipularis,-,-,Endangered,-,-,-,Yes,-,-,-,-,-,-,-,-,-,-,-,-,-,64699,-,Plantae,Magnoliopsida,http://www.environment.gov.au/cgi-bin/sprat/public/publicspecies.pl?taxon_id=64699,2026-Aug-28,https://id.biodiversity.org.au/name/apni/154755,Euphorbiaceae,Sankowskya,stipularis,-,-,P.I.Forster,-
Sannantha crenulata,Fern-leaf Baeckea,-,Vulnerable,-,-,-,-,-,-,Yes,-,-,-,-,-,-,-,-,-,-,83096,-,Plantae,Magnoliopsida,http://www.environment.gov.au/cgi-bin/sprat/public/publicspecies.pl?taxon_id=83096,2026-Aug-28,https://id.biodiversity.org.au/name/apni/214920,Myrtaceae,Sannantha,crenulata,-,-,(F.Muell.) Peter G.Wilson,-
Sannantha tozerensis,a shrub,-,Vulnerable,-,-,-,Yes,-,-,-,-,-,-,-,-,-,-,-,-,-,83204,-,Plantae,Magnoliopsida,http://www.environment.gov.au/cgi-bin/sprat/public/publicspecies.pl?taxon_id=83204,2026-Aug-28,https://id.biodiversity.org.au/name/apni/207069,Myrtaceae,Sannantha,tozerensis,-,-,(A.R.Bean) Peter G.Wilson,-
Sannantha whitei,-,-,Critically Endangered,-,Yes,-,-,-,-,-,-,-,-,-,-,-,-,-,-,-,87563,-,Plantae,Magnoliopsida,http://www.environment.gov.au/cgi-bin/sprat/public/publicspecies.pl?taxon_id=87563,2026-Aug-28,https://id.biodiversity.org.au/name/apni/247968,Myrtaceae,Sannantha,whitei,-,-,Peter G.Wilson,-
Sarcochilus fitzgeraldii,Ravine Orchid,-,Vulnerable,-,Yes,-,Yes,-,-,-,-,-,-,-,-,-,-,-,-,-,19131,-,Plantae,Liliopsida,http://www.environment.gov.au/cgi-bin/sprat/public/publicspecies.pl?taxon_id=19131,2026-Aug-28,https://id.biodiversity.org.au/name/apni/62974,Orchidaceae,Sarcochilus,fitzgeraldii,-,-,F.Muell.,-
Sarcochilus hartmannii,"Waxy Sarcochilus, Blue Knob Orchid",-,Vulnerable,-,Yes,-,Yes,-,-,-,-,-,-,-,-,-,-,-,-,-,4124,-,Plantae,Liliopsida,http://www.environment.gov.au/cgi-bin/sprat/public/publicspecies.pl?taxon_id=4124,2026-Aug-28,https://id.biodiversity.org.au/name/apni/63075,Orchidaceae,Sarcochilus,hartmannii,-,-,F.Muell.,-
Sarcochilus hirticalcar,-,-,Vulnerable,-,-,-,Yes,-,-,-,-,-,-,-,-,-,-,-,-,-,11388,-,Plantae,Liliopsida,http://www.environment.gov.au/cgi-bin/sprat/public/publicspecies.pl?taxon_id=11388,2026-Aug-28,https://id.biodiversity.org.au/name/apni/63127,Orchidaceae,Sarcochilus,hirticalcar,-,-,(Dockr.) M.Clements  B.Wallace,-
Sarcochilus weinthalii,"Blotched Sarcochilus, Weinthals Sarcanth",-,Vulnerable,-,Yes,-,Yes,-,-,-,-,-,-,-,-,-,-,-,-,-,12673,-,Plantae,Liliopsida,http://www.environment.gov.au/cgi-bin/sprat/public/publicspecies.pl?taxon_id=12673,2026-Aug-28,https://id.biodiversity.org.au/name/apni/63618,Orchidaceae,Sarcochilus,weinthalii,-,-,Bailey,-
Sarcophilus harrisii,Tasmanian Devil,-,Endangered,-,-,-,-,-,Yes,-,-,-,-,-,-,-,-,-,-,-,299,-,Animalia,Mammalia,http://www.environment.gov.au/cgi-bin/sprat/public/publicspecies.pl?taxon_id=299,2026-Aug-28,-,Dasyuridae,Sarcophilus,harrisii,-,-,"(Boitard, 1841)",-
Scaevola macrophylla,Large-flowered Scaevola,-,Critically Endangered,-,-,-,-,-,-,-,Yes,-,-,-,-,-,-,-,-,-,11806,-,Plantae,Magnoliopsida,http://www.environment.gov.au/cgi-bin/sprat/public/publicspecies.pl?taxon_id=11806,2026-Aug-28,https://id.biodiversity.org.au/name/apni/110446,Goodeniaceae,Scaevola,macrophylla,-,-,(Vriese) Benth.,-
Scaturiginichthys vermeilipinnis,"Redfin Blue Eye, Redfin Blue-eye",-,Endangered,-,-,-,Yes,-,-,-,-,-,-,-,-,-,-,-,-,-,56792,-,Animalia,Actinopterygii,http://www.environment.gov.au/cgi-bin/sprat/public/publicspecies.pl?taxon_id=56792,2026-Aug-28,-,Pseudomugilidae,Scaturiginichthys,vermeilipinnis,-,-,"Ivantsoff, Unmack, Saeed  Crowley, 1991",-
Schoenia filifolia subsp. subulifolia,Mingenew Everlasting,-,Endangered,-,-,-,-,-,-,-,Yes,-,-,-,-,-,-,-,-,-,63904,-,Plantae,Magnoliopsida,http://www.environment.gov.au/cgi-bin/sprat/public/publicspecies.pl?taxon_id=63904,2026-Aug-28,https://id.biodiversity.org.au/name/apni/118480,Asteraceae,Schoenia,filifolia,subsp.,subulifolia,-,(F.Muell.) Paul G.Wilson
Sclerolaena blakei,-,-,Vulnerable,-,-,-,Yes,-,-,-,-,-,-,-,-,-,-,-,-,-,5706,-,Plantae,Magnoliopsida,http://www.environment.gov.au/cgi-bin/sprat/public/publicspecies.pl?taxon_id=5706,2026-Aug-28,https://id.biodiversity.org.au/name/apni/65098,Chenopodiaceae,Sclerolaena,blakei,-,-,(Ising) A.J.Scott,-
Sclerolaena napiformis,Turnip Copperburr,-,Endangered,-,Yes,-,-,-,-,Yes,-,-,-,-,-,-,-,-,-,-,11742,-,Plantae,Magnoliopsida,http://www.environment.gov.au/cgi-bin/sprat/public/publicspecies.pl?taxon_id=11742,2026-Aug-28,https://id.biodiversity.org.au/name/apni/66143,Chenopodiaceae,Sclerolaena,napiformis,-,-,Paul G.Wilson,-
Sclerolaena walkeri,-,-,Vulnerable,-,-,-,Yes,-,-,-,-,-,-,-,-,-,-,-,-,-,16152,-,Plantae,Magnoliopsida,http://www.environment.gov.au/cgi-bin/sprat/public/publicspecies.pl?taxon_id=16152,2026-Aug-28,https://id.biodiversity.org.au/name/apni/66632,Chenopodiaceae,Sclerolaena,walkeri,-,-,(C.T.White) A.J.Scott,-
Selaginella andrewsii,Tallebudgera spikemoss,-,Vulnerable,-,Yes,-,Yes,-,-,-,-,-,-,-,-,-,-,-,-,-,67901,-,Plantae,Lycopodopiatae,http://www.environment.gov.au/cgi-bin/sprat/public/publicspecies.pl?taxon_id=67901,2026-Aug-28,https://id.biodiversity.org.au/name/apni/177656,Selaginellaceae,Selaginella,andrewsii,-,-,Jermy  J.S.Holmes,-
Semotrachia euzyga,a land snail,Catellotrachia euzyga,Endangered,-,-,Yes,-,-,-,-,-,-,-,-,-,-,-,-,-,-,79219,94729,Animalia,Gastropoda,http://www.environment.gov.au/cgi-bin/sprat/public/publicspecies.pl?taxon_id=79219,2026-Aug-28,-,Camaenidae,Semotrachia,euzyga,-,-,"(Tate, 1894)",-
Senecio australis,a daisy,-,Vulnerable,-,-,-,-,-,-,-,-,-,-,-,-,-,Yes,-,-,-,40250,-,Plantae,Magnoliopsida,http://www.environment.gov.au/cgi-bin/sprat/public/publicspecies.pl?taxon_id=40250,2026-Aug-28,https://id.biodiversity.org.au/name/apni/84098,Asteraceae,Senecio,australis,-,-,Willd.,-
Senecio behrianus,"Stiff Groundsel, Behr's Groundsel",-,Endangered,-,Yes,-,-,Yes,-,Yes,-,-,-,-,-,-,-,-,-,-,14030,-,Plantae,Magnoliopsida,http://www.environment.gov.au/cgi-bin/sprat/public/publicspecies.pl?taxon_id=14030,2026-Aug-28,https://id.biodiversity.org.au/name/apni/84247,Asteraceae,Senecio,behrianus,-,-,Sond.  F.Muell.,-
Senecio evansianus,a daisy,-,Endangered,-,-,-,-,-,-,-,-,-,-,-,-,-,Yes,-,-,-,55340,-,Plantae,Magnoliopsida,http://www.environment.gov.au/cgi-bin/sprat/public/publicspecies.pl?taxon_id=55340,2026-Aug-28,https://id.biodiversity.org.au/name/apni/117751,Asteraceae,Senecio,evansianus,-,-,Belcher,-
Senecio georgianus,Grey Groundsel,-,Extinct,-,Yes,-,-,Yes,Yes,Yes,-,-,-,-,-,-,-,-,-,-,12873,-,Plantae,Magnoliopsida,http://www.environment.gov.au/cgi-bin/sprat/public/publicspecies.pl?taxon_id=12873,2026-Aug-28,https://id.biodiversity.org.au/name/apni/101196,Asteraceae,Senecio,georgianus,-,-,DC.,-
Senecio hooglandii,a daisy,-,Vulnerable,-,-,-,-,-,-,-,-,-,-,-,-,-,Yes,-,-,-,55346,-,Plantae,Magnoliopsida,http://www.environment.gov.au/cgi-bin/sprat/public/publicspecies.pl?taxon_id=55346,2026-Aug-28,https://id.biodiversity.org.au/name/apni/117757,Asteraceae,Senecio,hooglandii,-,-,Belcher,-
Senecio macrocarpus,"Large-fruit Fireweed, Large-fruit Groundsel",-,Vulnerable,-,Yes,-,-,Yes,Yes,Yes,-,-,-,-,-,-,-,-,-,-,16333,-,Plantae,Magnoliopsida,http://www.environment.gov.au/cgi-bin/sprat/public/publicspecies.pl?taxon_id=16333,2026-Aug-28,https://id.biodiversity.org.au/name/apni/102085,Asteraceae,Senecio,macrocarpus,-,-,Belcher,-
Senecio megaglossus,Superb Groundsel,-,Vulnerable,-,-,-,-,Yes,-,-,-,-,-,-,-,-,-,-,-,-,13374,-,Plantae,Magnoliopsida,http://www.environment.gov.au/cgi-bin/sprat/public/publicspecies.pl?taxon_id=13374,2026-Aug-28,https://id.biodiversity.org.au/name/apni/102127,Asteraceae,Senecio,megaglossus,-,-,F.Muell.,-
Senecio psilocarpus,"Swamp Fireweed, Smooth-fruited Groundsel",-,Vulnerable,-,-,-,-,Yes,Yes,Yes,-,-,-,-,-,-,-,-,-,-,64976,-,Plantae,Magnoliopsida,http://www.environment.gov.au/cgi-bin/sprat/public/publicspecies.pl?taxon_id=64976,2026-Aug-28,https://id.biodiversity.org.au/name/apni/135120,Asteraceae,Senecio,psilocarpus,-,-,Belcher  Albr.,-
Seringia exastia,Fringed Fire-bush,-,Critically Endangered,-,-,-,-,-,-,-,Yes,-,-,-,-,-,-,-,-,-,88920,-,Plantae,Magnoliopsida,http://www.environment.gov.au/cgi-bin/sprat/public/publicspecies.pl?taxon_id=88920,2026-Aug-28,https://id.biodiversity.org.au/name/apni/6586527,Malvaceae,Seringia,exastia,-,-,(C.F.Wilkins) C.F.Wilkins  Whitlock,-
Seriolella brama,Blue Warehou,-,Conservation Dependent,-,Yes,-,Yes,Yes,Yes,Yes,Yes,-,-,-,-,-,-,-,-,Yes,69374,-,Animalia,Actinopterygii,http://www.environment.gov.au/cgi-bin/sprat/public/publicspecies.pl?taxon_id=69374,2026-Aug-28,-,Centrolophidae,Seriolella,brama,-,-,"(G252;nther, 1860)",-
Setonix brachyurus,Quokka,-,Vulnerable,-,-,-,-,-,-,-,Yes,-,-,-,-,-,-,-,-,-,229,-,Animalia,Mammalia,http://www.environment.gov.au/cgi-bin/sprat/public/publicspecies.pl?taxon_id=229,2026-Aug-28,-,Macropodidae,Setonix,brachyurus,-,-,"(Quoy and Gaimard,1830)",-
Sinumelon bednalli,Bednall's Land Snail,-,Endangered,-,-,Yes,-,-,-,-,-,-,-,-,-,-,-,-,-,-,79113,-,Animalia,Gastropoda,http://www.environment.gov.au/cgi-bin/sprat/public/publicspecies.pl?taxon_id=79113,2026-Aug-28,-,Camaenidae,Sinumelon,bednalli,-,-,"(Ponsonby, 1904)",-
Sminthopsis butleri,Butler's Dunnart,-,Vulnerable,-,-,Yes,-,-,-,-,Yes,-,-,-,-,-,-,-,-,-,302,-,Animalia,Mammalia,http://www.environment.gov.au/cgi-bin/sprat/public/publicspecies.pl?taxon_id=302,2026-Aug-28,-,Dasyuridae,Sminthopsis,butleri,-,-,"Archer, 1979",-
Sminthopsis douglasi,Julia Creek Dunnart,-,Vulnerable,-,-,-,Yes,-,-,-,-,-,-,-,-,-,-,-,-,-,305,-,Animalia,Mammalia,http://www.environment.gov.au/cgi-bin/sprat/public/publicspecies.pl?taxon_id=305,2026-Aug-28,-,Dasyuridae,Sminthopsis,douglasi,-,-,"Archer,1979",-
Sminthopsis fuliginosa aitkeni,Kangaroo Island Dunnart,-,Endangered,-,-,-,-,Yes,-,-,-,-,-,-,-,-,-,-,-,-,92894,-,Animalia,Mammalia,http://www.environment.gov.au/cgi-bin/sprat/public/publicspecies.pl?taxon_id=92894,2026-Aug-28,-,Dasyuridae,Sminthopsis,fuliginosa,-,aitkeni,-,"Kitchener, Stoddart  Henry, 1984"
Sminthopsis psammophila,Sandhill Dunnart,-,Endangered,-,-,Yes,-,Yes,-,-,Yes,-,-,-,-,-,-,-,-,-,291,-,Animalia,Mammalia,http://www.environment.gov.au/cgi-bin/sprat/public/publicspecies.pl?taxon_id=291,2026-Aug-28,-,Dasyuridae,Sminthopsis,psammophila,-,-,"Spencer,1895",-
Solanum bauerianum,Bridal Flower,-,Extinct,-,Yes,-,-,-,-,-,-,-,-,-,-,-,Yes,-,-,-,13657,-,Plantae,Magnoliopsida,http://www.environment.gov.au/cgi-bin/sprat/public/publicspecies.pl?taxon_id=13657,2026-Aug-28,https://id.biodiversity.org.au/name/apni/100125,Solanaceae,Solanum,bauerianum,-,-,Endl.,-
Solanum dissectum,-,-,Endangered,-,-,-,Yes,-,-,-,-,-,-,-,-,-,-,-,-,-,75720,-,Plantae,Magnoliopsida,http://www.environment.gov.au/cgi-bin/sprat/public/publicspecies.pl?taxon_id=75720,2026-Aug-28,https://id.biodiversity.org.au/name/apni/170941,Solanaceae,Solanum,dissectum,-,-,Symon,-
Solanum dunalianum,-,-,Vulnerable,-,-,-,Yes,-,-,-,-,-,-,-,-,-,-,-,-,-,13819,-,Plantae,Magnoliopsida,http://www.environment.gov.au/cgi-bin/sprat/public/publicspecies.pl?taxon_id=13819,2026-Aug-28,https://id.biodiversity.org.au/name/apni/101148,Solanaceae,Solanum,dunalianum,-,-,Gaudich.,-
Solanum graniticum,Granite Nightshade,-,Endangered,-,-,-,Yes,-,-,-,-,-,-,-,-,-,-,-,-,-,84819,-,Plantae,Magnoliopsida,http://www.environment.gov.au/cgi-bin/sprat/public/publicspecies.pl?taxon_id=84819,2026-Aug-28,https://id.biodiversity.org.au/name/apni/192017,Solanaceae,Solanum,graniticum,-,-,A.R.Bean,-
Solanum johnsonianum,-,-,Endangered,-,-,-,Yes,-,-,-,-,-,-,-,-,-,-,-,-,-,84820,-,Plantae,Magnoliopsida,http://www.environment.gov.au/cgi-bin/sprat/public/publicspecies.pl?taxon_id=84820,2026-Aug-28,https://id.biodiversity.org.au/name/apni/191971,Solanaceae,Solanum,johnsonianum,-,-,A.R.Bean,-
Solanum karsense,Menindee Nightshade,-,Vulnerable,-,Yes,-,-,Yes,-,Yes,-,-,-,-,-,-,-,-,-,-,7776,-,Plantae,Magnoliopsida,http://www.environment.gov.au/cgi-bin/sprat/public/publicspecies.pl?taxon_id=7776,2026-Aug-28,https://id.biodiversity.org.au/name/apni/68896,Solanaceae,Solanum,karsense,-,-,Symon,-
Solanum orgadophilum,Capella Potato Bush,-,Critically Endangered,-,-,-,Yes,-,-,-,-,-,-,-,-,-,-,-,-,-,89185,-,Plantae,Magnoliopsida,http://www.environment.gov.au/cgi-bin/sprat/public/publicspecies.pl?taxon_id=89185,2026-Aug-28,https://id.biodiversity.org.au/name/apni/229354,Solanaceae,Solanum,orgadophilum,-,-,A.R.Bean,-
Solanum sulphureum,-,-,Endangered,-,Yes,-,-,-,-,-,-,-,-,-,-,-,-,-,-,-,87381,-,Plantae,Magnoliopsida,http://www.environment.gov.au/cgi-bin/sprat/public/publicspecies.pl?taxon_id=87381,2026-Aug-28,https://id.biodiversity.org.au/name/apni/223369,Solanaceae,Solanum,sulphureum,-,-,A.R.Bean,-
Sophora fraseri,-,-,Vulnerable,-,Yes,-,Yes,-,-,-,-,-,-,-,-,-,-,-,-,-,8836,-,Plantae,Magnoliopsida,http://www.environment.gov.au/cgi-bin/sprat/public/publicspecies.pl?taxon_id=8836,2026-Aug-28,https://id.biodiversity.org.au/name/apni/109098,Fabaceae,Sophora,fraseri,-,-,Benth.,-
Sousa sahulensis,Australian Humpback Dolphin,-,Vulnerable,-,Yes,Yes,Yes,-,-,-,Yes,-,-,-,-,-,-,-,-,Yes,87942,-,Animalia,Mammalia,http://www.environment.gov.au/cgi-bin/sprat/public/publicspecies.pl?taxon_id=87942,2026-Aug-28,-,Delphinidae,Sousa,sahulensis,-,-,"Jefferson  Rsoenbaum, 2014",-
Sphaerolobium acanthos,Grampians Globe-pea,-,Critically Endangered,-,-,-,-,-,-,Yes,-,-,-,-,-,-,-,-,-,-,65835,-,Plantae,Magnoliopsida,http://www.environment.gov.au/cgi-bin/sprat/public/publicspecies.pl?taxon_id=65835,2026-Aug-28,https://id.biodiversity.org.au/name/apni/154939,Fabaceae,Sphaerolobium,acanthos,-,-,Crisp,-
Sphenotoma drummondii,Mountain Paper-heath,-,Endangered,-,-,-,-,-,-,-,Yes,-,-,-,-,-,-,-,-,-,21160,-,Plantae,Magnoliopsida,http://www.environment.gov.au/cgi-bin/sprat/public/publicspecies.pl?taxon_id=21160,2026-Aug-28,https://id.biodiversity.org.au/name/apni/85603,Ericaceae,Sphenotoma,drummondii,-,-,(Benth.) F.Muell.,-
Sphyrna lewini,Scalloped Hammerhead,-,Conservation Dependent,-,Yes,Yes,Yes,-,-,Yes,Yes,Yes,Yes,Yes,Yes,Yes,Yes,-,-,Yes,85267,-,Animalia,Chondrichthyes,http://www.environment.gov.au/cgi-bin/sprat/public/publicspecies.pl?taxon_id=85267,2026-Aug-28,-,Sphyrnidae,Sphyrna,lewini,-,-,"(Griffith  Smith, 1834)",-
Spicospina flammocaerulea,Sunset Frog,-,Vulnerable,-,-,-,-,-,-,-,Yes,-,-,-,-,-,-,-,-,-,64782,-,Animalia,Amphibia,http://www.environment.gov.au/cgi-bin/sprat/public/publicspecies.pl?taxon_id=64782,2026-Aug-28,-,Myobatrachidae,Spicospina,flammocaerulea,-,-,"Roberts, Horwitz, Wardell-Johnson, Mason and Mahony, 1997",-
Spirogardnera rubescens,Spiral Bush,-,Endangered,-,-,-,-,-,-,-,Yes,-,-,-,-,-,-,-,-,-,15667,-,Plantae,Magnoliopsida,http://www.environment.gov.au/cgi-bin/sprat/public/publicspecies.pl?taxon_id=15667,2026-Aug-28,https://id.biodiversity.org.au/name/apni/86784,Santalaceae,Spirogardnera,rubescens,-,-,Stauffer,-
Sporobolus pamelae,a grass,-,Endangered,-,-,-,Yes,-,-,-,-,-,-,-,-,-,-,-,-,-,65710,-,Plantae,Liliopsida,http://www.environment.gov.au/cgi-bin/sprat/public/publicspecies.pl?taxon_id=65710,2026-Aug-28,https://id.biodiversity.org.au/name/apni/151130,Poaceae,Sporobolus,pamelae,-,-,B.K.Simon,-
Spyridium cinereum,Tiny Spyridium,-,Endangered,-,Yes,-,-,-,-,Yes,-,-,-,-,-,-,-,-,-,-,13564,-,Plantae,Magnoliopsida,http://www.environment.gov.au/cgi-bin/sprat/public/publicspecies.pl?taxon_id=13564,2026-Aug-28,https://id.biodiversity.org.au/name/apni/115717,Rhamnaceae,Spyridium,cinereum,-,-,N.A.Wakef.,-
Spyridium coactilifolium,Butterfly Spyridium,-,Vulnerable,-,-,-,-,Yes,-,-,-,-,-,-,-,-,-,-,-,-,6572,-,Plantae,Magnoliopsida,http://www.environment.gov.au/cgi-bin/sprat/public/publicspecies.pl?taxon_id=6572,2026-Aug-28,https://id.biodiversity.org.au/name/apni/115763,Rhamnaceae,Spyridium,coactilifolium,-,-,Reisseck,-
Spyridium eriocephalum var. glabrisepalum,MacGillivray Spyridium,Spyridium glabrisepalum,Vulnerable,-,-,-,-,Yes,-,-,-,-,-,-,-,-,-,-,-,-,13771,93745,Plantae,Magnoliopsida,http://www.environment.gov.au/cgi-bin/sprat/public/publicspecies.pl?taxon_id=13771,2026-Aug-28,https://id.biodiversity.org.au/name/apni/115983,Rhamnaceae,Spyridium,eriocephalum,var.,glabrisepalum,-,J.M.Black
Spyridium fontis-woodii,Woods Well Spyridium,-,Critically Endangered,-,-,-,-,Yes,-,-,-,-,-,-,-,-,-,-,-,-,89082,-,Plantae,Magnoliopsida,http://www.environment.gov.au/cgi-bin/sprat/public/publicspecies.pl?taxon_id=89082,2026-Aug-28,https://id.biodiversity.org.au/name/apni/238506,Rhamnaceae,Spyridium,fontis-woodii,-,-,Kellermann  W.R.Barker,-
Spyridium furculentum,Forked Spyridium,-,Endangered,-,-,-,-,-,-,Yes,-,-,-,-,-,-,-,-,-,-,87544,-,Plantae,Magnoliopsida,http://www.environment.gov.au/cgi-bin/sprat/public/publicspecies.pl?taxon_id=87544,2026-Aug-28,https://id.biodiversity.org.au/name/apni/238507,Rhamnaceae,Spyridium,furculentum,-,-,W.R.Barker  Kellermann,-
Spyridium lawrencei,Small-leaf Spyridium,-,Endangered,-,-,-,-,-,Yes,-,-,-,-,-,-,-,-,-,-,-,27036,-,Plantae,Magnoliopsida,http://www.environment.gov.au/cgi-bin/sprat/public/publicspecies.pl?taxon_id=27036,2026-Aug-28,https://id.biodiversity.org.au/name/apni/54727,Rhamnaceae,Spyridium,lawrencei,-,-,(Hook.f.) Benth.,-
Spyridium obcordatum,Creeping Dusty Miller,-,Vulnerable,-,-,-,-,-,Yes,-,-,-,-,-,-,-,-,-,-,-,17447,-,Plantae,Magnoliopsida,http://www.environment.gov.au/cgi-bin/sprat/public/publicspecies.pl?taxon_id=17447,2026-Aug-28,https://id.biodiversity.org.au/name/apni/54853,Rhamnaceae,Spyridium,obcordatum,-,-,(Hook.f.) W.M.Curtis,-
Stachystemon nematophorus,Three-flowered Stachystemon,-,Vulnerable,-,-,-,-,-,-,-,Yes,-,-,-,-,-,-,-,-,-,81447,-,Plantae,Magnoliopsida,http://www.environment.gov.au/cgi-bin/sprat/public/publicspecies.pl?taxon_id=81447,2026-Aug-28,https://id.biodiversity.org.au/name/apni/185025,Euphorbiaceae,Stachystemon,nematophorus,-,-,Halford  Henderson (2003),-
Stackhousia annua,"Annual Stackhousia, Annual Candles",-,Vulnerable,-,-,-,-,Yes,-,Yes,-,-,-,-,-,-,-,-,-,-,17773,-,Plantae,Magnoliopsida,http://www.environment.gov.au/cgi-bin/sprat/public/publicspecies.pl?taxon_id=17773,2026-Aug-28,https://id.biodiversity.org.au/name/apni/66121,Celastraceae,Stackhousia,annua,-,-,W.R.Barker,-
Stagonopleura bella samueli,"Western Beautiful Firetail, Beautiful Firetail (Mt Lofty Range and Kangaroo Island)",-,Endangered,-,-,-,-,Yes,-,-,-,-,-,-,-,-,-,-,-,-,80202,-,Animalia,Aves,http://www.environment.gov.au/cgi-bin/sprat/public/publicspecies.pl?taxon_id=80202,2026-Aug-28,-,Estrildidae,Stagonopleura,bella,-,samueli,-,"(Mathews, 1912)"
Stagonopleura guttata,Diamond Firetail,-,Vulnerable,Yes,Yes,-,Yes,Yes,-,Yes,-,-,-,-,-,Yes,-,-,-,-,59398,-,Animalia,Aves,http://www.environment.gov.au/cgi-bin/sprat/public/publicspecies.pl?taxon_id=59398,2026-Aug-28,-,Estrildidae,Stagonopleura,guttata,-,-,"(Shaw, 1796)",-
Stenanthemum pimeleoides,"Spreading Stenanthemum, Propellor Plant",-,Vulnerable,-,-,-,-,-,Yes,-,-,-,-,-,-,-,-,-,-,-,15450,-,Plantae,Magnoliopsida,http://www.environment.gov.au/cgi-bin/sprat/public/publicspecies.pl?taxon_id=15450,2026-Aug-28,https://id.biodiversity.org.au/name/apni/66411,Rhamnaceae,Stenanthemum,pimeleoides,-,-,(Hook.f.) Benth.,-
Sterna vittata bethunei,"New Zealand Antarctic Tern, Antarctic Tern (New Zealand)",-,Endangered,-,-,-,-,-,Yes,-,-,-,-,-,-,-,-,-,-,Yes,64451,-,Animalia,Aves,http://www.environment.gov.au/cgi-bin/sprat/public/publicspecies.pl?taxon_id=64451,2026-Aug-28,-,Laridae,Sterna,vittata,-,bethunei,"Buller, 1896",-
Sterna vittata vittata,Antarctic Tern (Indian Ocean),-,Vulnerable,-,-,-,-,-,-,-,-,-,-,-,-,-,-,Yes,Yes,Yes,64452,-,Animalia,Aves,http://www.environment.gov.au/cgi-bin/sprat/public/publicspecies.pl?taxon_id=64452,2026-Aug-28,-,Laridae,Sterna,vittata,-,vittata,"Gmelin, 1789",-
Sternula albifrons,Little Tern,-,Vulnerable,-,Yes,Yes,Yes,Yes,Yes,Yes,Yes,Yes,-,-,-,Yes,-,-,-,Yes,82849,-,Animalia,Aves,http://www.environment.gov.au/cgi-bin/sprat/public/publicspecies.pl?taxon_id=82849,2026-Aug-28,-,Laridae,Sternula,albifrons,-,-,"(Pallas, 1764)",-
Sternula nereis nereis,Australian Fairy Tern,-,Vulnerable,-,Yes,-,-,Yes,Yes,Yes,Yes,-,-,-,-,Yes,-,-,-,Yes,82950,-,Animalia,Aves,http://www.environment.gov.au/cgi-bin/sprat/public/publicspecies.pl?taxon_id=82950,2026-Aug-28,-,Laridae,Sternula,nereis,-,nereis,"(Gould, 1843)",-
Stiphodon semoni,Opal Cling Goby,-,Critically Endangered,-,-,-,Yes,-,-,-,-,-,-,-,-,-,-,-,-,-,83909,-,Animalia,Actinopterygii,http://www.environment.gov.au/cgi-bin/sprat/public/publicspecies.pl?taxon_id=83909,2026-Aug-28,-,Gobiidae,Stiphodon,semoni,-,-,"Weber, 1895",-
Stipiturus malachurus halmaturinus,Kangaroo Island Southern Emu-wren,-,Endangered,-,-,-,-,Yes,-,-,-,-,-,-,-,-,-,-,-,-,85046,-,Animalia,Aves,http://www.environment.gov.au/cgi-bin/sprat/public/publicspecies.pl?taxon_id=85046,2026-Aug-28,-,Maluridae,Stipiturus,malachurus,-,halmaturinus,-,"Parsons, 1920"
Stipiturus malachurus intermedius,"Fleurieu Peninsula Southern Emu-wren, Mount Lofty Southern Emu-wren",-,Endangered,-,-,-,-,Yes,-,-,-,-,-,-,-,-,-,-,-,-,26005,-,Animalia,Aves,http://www.environment.gov.au/cgi-bin/sprat/public/publicspecies.pl?taxon_id=26005,2026-Aug-28,-,Maluridae,Stipiturus,malachurus,-,intermedius,-,"Ashby,1920"
Stipiturus malachurus parimeda,"Southern Emu-wren (Eyre Peninsula), Eyre Peninsula Southern Emu-wren",-,Endangered,-,-,-,-,Yes,-,-,-,-,-,-,-,-,-,-,-,-,26006,-,Animalia,Aves,http://www.environment.gov.au/cgi-bin/sprat/public/publicspecies.pl?taxon_id=26006,2026-Aug-28,-,Maluridae,Stipiturus,malachurus,-,parimeda,-,"Schodde and Weatherley,1981"
Stipiturus mallee,Mallee Emu-wren,-,Endangered,-,-,-,-,Yes,-,Yes,-,-,-,-,-,-,-,-,-,-,59459,-,Animalia,Aves,http://www.environment.gov.au/cgi-bin/sprat/public/publicspecies.pl?taxon_id=59459,2026-Aug-28,-,Maluridae,Stipiturus,mallee,-,-,"A.J. Campbell, 1908",-
Stonesiella selaginoides,Clubmoss Bush-pea,-,Endangered,-,-,-,-,-,Yes,-,-,-,-,-,-,-,-,-,-,-,68100,-,Plantae,Magnoliopsida,http://www.environment.gov.au/cgi-bin/sprat/public/publicspecies.pl?taxon_id=68100,2026-Aug-28,https://id.biodiversity.org.au/name/apni/162298,Fabaceae,Stonesiella,selaginoides,-,-,(J.D.Hook.) Crisp  Weston,-
Streblus pendulinus,"Siah's Backbone, Sia's Backbone, Isaac Wood",-,Endangered,-,-,-,-,-,-,-,-,-,-,-,-,-,Yes,-,-,-,21618,-,Plantae,Magnoliopsida,http://www.environment.gov.au/cgi-bin/sprat/public/publicspecies.pl?taxon_id=21618,2026-Aug-28,https://id.biodiversity.org.au/name/apni/92187,Moraceae,Streblus,pendulinus,-,-,(Endl.) F.Muell.,-
Strepera fuliginosa colei,Black Currawong (King Island),-,Vulnerable,-,-,-,-,-,Yes,-,-,-,-,-,-,-,-,-,-,-,67113,-,Animalia,Aves,http://www.environment.gov.au/cgi-bin/sprat/public/publicspecies.pl?taxon_id=67113,2026-Aug-28,-,Artamidae,Strepera,fuliginosa,-,colei,-,"Mathews, 1916"
Strepera graculina crissalis,"Lord Howe Island Currawong, Pied Currawong (Lord Howe Island)",-,Vulnerable,-,Yes,-,-,-,-,-,-,-,-,-,-,-,-,-,-,-,25994,-,Animalia,Aves,http://www.environment.gov.au/cgi-bin/sprat/public/publicspecies.pl?taxon_id=25994,2026-Aug-28,-,Artamidae,Strepera,graculina,-,crissalis,-,"Sharpe, 1877"
Strophurus horneri,Arnhem Phasmid Gecko,-,Vulnerable,-,-,Yes,-,-,-,-,-,-,-,-,-,-,-,-,-,-,90055,-,Animalia,Reptilia,http://www.environment.gov.au/cgi-bin/sprat/public/publicspecies.pl?taxon_id=90055,2026-Aug-28,-,Diplodactylidae,Strophurus,horneri,-,-,"Oliver  Parkin, 2014",-
Strophurus trux,Golden-eyed Gecko,-,Endangered,-,-,-,Yes,-,-,-,-,-,-,-,-,-,-,-,-,-,91368,-,Animalia,Reptilia,http://www.environment.gov.au/cgi-bin/sprat/public/publicspecies.pl?taxon_id=91368,2026-Aug-28,-,Diplodactylidae,Strophurus,trux,-,-,"Vanderduys, 2017",-
Stylidium amabile,-,-,Critically Endangered,-,-,-,-,-,-,-,Yes,-,-,-,-,-,-,-,-,-,85007,-,Plantae,Magnoliopsida,http://www.environment.gov.au/cgi-bin/sprat/public/publicspecies.pl?taxon_id=85007,2026-Aug-28,https://id.biodiversity.org.au/name/apni/211903,Stylidiaceae,Stylidium,amabile,-,-,Wege  D.J.Coates,-
Stylidium applanatum,Flat-leaved Triggerplant,-,Critically Endangered,-,-,-,-,-,-,-,Yes,-,-,-,-,-,-,-,-,-,87813,-,Plantae,Magnoliopsida,http://www.environment.gov.au/cgi-bin/sprat/public/publicspecies.pl?taxon_id=87813,2026-Aug-28,https://id.biodiversity.org.au/name/apni/211879,Stylidiaceae,Stylidium,applanatum,-,-,Wege,-
Stylidium asymmetricum,Asymmetric Triggerplant,-,Endangered,-,-,-,-,-,-,-,Yes,-,-,-,-,-,-,-,-,-,89458,-,Plantae,Magnoliopsida,http://www.environment.gov.au/cgi-bin/sprat/public/publicspecies.pl?taxon_id=89458,2026-Aug-28,https://id.biodiversity.org.au/name/apni/236641,Stylidiaceae,Stylidium,asymmetricum,-,-,Wege,-
Stylidium coroniforme subsp. amblyphyllum,-,-,Endangered,-,-,-,-,-,-,-,Yes,-,-,-,-,-,-,-,-,-,85017,-,Plantae,Magnoliopsida,http://www.environment.gov.au/cgi-bin/sprat/public/publicspecies.pl?taxon_id=85017,2026-Aug-28,https://id.biodiversity.org.au/name/apni/211902,Stylidiaceae,Stylidium,coroniforme,subsp.,amblyphyllum,-,Wege
Stylidium coroniforme subsp. coroniforme,"Wongan Hills Triggerplant, Wongan Triggerplant",-,Endangered,-,-,-,-,-,-,-,Yes,-,-,-,-,-,-,-,-,-,85016,-,Plantae,Magnoliopsida,http://www.environment.gov.au/cgi-bin/sprat/public/publicspecies.pl?taxon_id=85016,2026-Aug-28,https://id.biodiversity.org.au/name/apni/211901,Stylidiaceae,Stylidium,coroniforme,subsp.,coroniforme,R.Erickson  J.H.Willis,-
Stylidium ensatum,a triggerplant,-,Endangered,-,-,Yes,-,-,-,-,-,-,-,-,-,-,-,-,-,-,86366,-,Plantae,Magnoliopsida,http://www.environment.gov.au/cgi-bin/sprat/public/publicspecies.pl?taxon_id=86366,2026-Aug-28,https://id.biodiversity.org.au/name/apni/178509,Stylidiaceae,Stylidium,ensatum,-,-,A.R.Bean,-
Stylidium galioides,Yellow Mountain Triggerplant,-,Vulnerable,-,-,-,-,-,-,-,Yes,-,-,-,-,-,-,-,-,-,4666,-,Plantae,Magnoliopsida,http://www.environment.gov.au/cgi-bin/sprat/public/publicspecies.pl?taxon_id=4666,2026-Aug-28,https://id.biodiversity.org.au/name/apni/95389,Stylidiaceae,Stylidium,galioides,-,-,C.Gardner,-
Stylidium semaphorum,-,-,Critically Endangered,-,-,-,-,-,-,-,Yes,-,-,-,-,-,-,-,-,-,65964,-,Plantae,Magnoliopsida,http://www.environment.gov.au/cgi-bin/sprat/public/publicspecies.pl?taxon_id=65964,2026-Aug-28,https://id.biodiversity.org.au/name/apni/170733,Stylidiaceae,Stylidium,semaphorum,-,-,Lowrie  Kenneally,-
Styphelia longissima,-,-,Critically Endangered,-,-,-,-,-,-,-,Yes,-,-,-,-,-,-,-,-,-,89333,-,Plantae,Magnoliopsida,http://www.environment.gov.au/cgi-bin/sprat/public/publicspecies.pl?taxon_id=89333,2026-Aug-28,https://id.biodiversity.org.au/name/apni/8930334,Ericaceae,Styphelia,longissima,-,-,Hislop  Puente-Lel.,-
Styphelia perileuca,Montane Green Five-corners,-,Endangered,-,Yes,-,-,-,-,-,-,-,-,-,-,-,-,-,-,-,56017,-,Plantae,Magnoliopsida,http://www.environment.gov.au/cgi-bin/sprat/public/publicspecies.pl?taxon_id=56017,2026-Aug-28,https://id.biodiversity.org.au/name/apni/118482,Ericaceae,Styphelia,perileuca,-,-,J.M.Powell,-
Swainsona murrayana,"Slender Darling-pea, Slender Swainson, Murray Swainson-pea",-,Vulnerable,-,Yes,-,Yes,Yes,-,Yes,-,-,-,-,-,-,-,-,-,-,6765,-,Plantae,Magnoliopsida,http://www.environment.gov.au/cgi-bin/sprat/public/publicspecies.pl?taxon_id=6765,2026-Aug-28,https://id.biodiversity.org.au/name/apni/94679,Fabaceae,Swainsona,murrayana,-,-,Wawra,-
Swainsona plagiotropis,"Red Darling-pea, Red Swainson-pea",-,Vulnerable,-,Yes,-,-,-,-,Yes,-,-,-,-,-,-,-,-,-,-,10804,-,Plantae,Magnoliopsida,http://www.environment.gov.au/cgi-bin/sprat/public/publicspecies.pl?taxon_id=10804,2026-Aug-28,https://id.biodiversity.org.au/name/apni/95350,Fabaceae,Swainsona,plagiotropis,-,-,F.Muell.,-
Swainsona pyrophila,Yellow Swainson-pea,-,Vulnerable,-,Yes,-,-,Yes,-,Yes,-,-,-,-,-,-,-,-,-,-,56344,-,Plantae,Magnoliopsida,http://www.environment.gov.au/cgi-bin/sprat/public/publicspecies.pl?taxon_id=56344,2026-Aug-28,https://id.biodiversity.org.au/name/apni/118856,Fabaceae,Swainsona,pyrophila,-,-,Joy Thomps.,-
Swainsona recta,"Small Purple-pea, Mountain Swainson-pea, Small Purple Pea",-,Endangered,Yes,Yes,-,-,-,-,Yes,-,-,-,-,-,-,-,-,-,-,7580,-,Plantae,Magnoliopsida,http://www.environment.gov.au/cgi-bin/sprat/public/publicspecies.pl?taxon_id=7580,2026-Aug-28,https://id.biodiversity.org.au/name/apni/95481,Fabaceae,Swainsona,recta,-,-,A.T.Lee,-
Symonanthus bancroftii,Bancrofts Symonanthus,-,Endangered,-,-,-,-,-,-,-,Yes,-,-,-,-,-,-,-,-,-,12837,-,Plantae,Magnoliopsida,http://www.environment.gov.au/cgi-bin/sprat/public/publicspecies.pl?taxon_id=12837,2026-Aug-28,https://id.biodiversity.org.au/name/apni/105198,Solanaceae,Symonanthus,bancroftii,-,-,(F.Muell.) Haegi,-
Symplocos baeuerlenii,"Small-leaved Hazelwood, Shrubby Hazelwood",-,Vulnerable,-,Yes,-,Yes,-,-,-,-,-,-,-,-,-,-,-,-,-,19010,-,Plantae,Magnoliopsida,http://www.environment.gov.au/cgi-bin/sprat/public/publicspecies.pl?taxon_id=19010,2026-Aug-28,https://id.biodiversity.org.au/name/apni/107796,Symplocaceae,Symplocos,baeuerlenii,-,-,R.Baker,-
Synaphea quartzitica,Quartz-loving Synaphea,-,Endangered,-,-,-,-,-,-,-,Yes,-,-,-,-,-,-,-,-,-,64978,-,Plantae,Magnoliopsida,http://www.environment.gov.au/cgi-bin/sprat/public/publicspecies.pl?taxon_id=64978,2026-Aug-28,https://id.biodiversity.org.au/name/apni/159774,Proteaceae,Synaphea,quartzitica,-,-,A.S.George,-
Synaphea sp. Fairbridge Farm (D.Papenfus 696),Selena's Synaphea,-,Critically Endangered,-,-,-,-,-,-,-,Yes,-,-,-,-,-,-,-,-,-,82881,-,Plantae,Magnoliopsida,http://www.environment.gov.au/cgi-bin/sprat/public/publicspecies.pl?taxon_id=82881,2026-Aug-28,https://id.biodiversity.org.au/name/apni/197119,Proteaceae,Synaphea,sp. Fairbridge Farm (D.Papenfus 696),-,-,WA Herbarium,-
Synaphea sp. Pinjarra (R.Davis 6578),Club-leafed Synaphea,-,Critically Endangered,-,-,-,-,-,-,-,Yes,-,-,-,-,-,-,-,-,-,82880,-,Plantae,Magnoliopsida,http://www.environment.gov.au/cgi-bin/sprat/public/publicspecies.pl?taxon_id=82880,2026-Aug-28,https://id.biodiversity.org.au/name/apni/197122,Proteaceae,Synaphea,sp. Pinjarra (R.Davis 6578),-,-,WA Herbarium,-
Synaphea sp. Pinjarra Plain (A.S.George 17182),-,-,Endangered,-,-,-,-,-,-,-,Yes,-,-,-,-,-,-,-,-,-,86878,-,Plantae,Magnoliopsida,http://www.environment.gov.au/cgi-bin/sprat/public/publicspecies.pl?taxon_id=86878,2026-Aug-28,https://id.biodiversity.org.au/name/apni/51783430,Proteaceae,Synaphea,sp. Pinjarra Plain (A.S.George 17182),-,-,WA Herbarium,-
Synaphea sp. Serpentine (G.R.Brand 103),-,-,Critically Endangered,-,-,-,-,-,-,-,Yes,-,-,-,-,-,-,-,-,-,86879,-,Plantae,Magnoliopsida,http://www.environment.gov.au/cgi-bin/sprat/public/publicspecies.pl?taxon_id=86879,2026-Aug-28,https://id.biodiversity.org.au/name/apni/51445572,Proteaceae,Synaphea,sp. Serpentine (G.R.Brand 103),-,-,-,-
Synaphea stenoloba,Dwellingup Synaphea,-,Endangered,-,-,-,-,-,-,-,Yes,-,-,-,-,-,-,-,-,-,66311,-,Plantae,Magnoliopsida,http://www.environment.gov.au/cgi-bin/sprat/public/publicspecies.pl?taxon_id=66311,2026-Aug-28,https://id.biodiversity.org.au/name/apni/158745,Proteaceae,Synaphea,stenoloba,-,-,A.S.George,-
Synemon plana,Golden Sun Moth,-,Vulnerable,Yes,Yes,-,-,Yes,-,Yes,-,-,-,-,-,-,-,-,-,-,25234,-,Animalia,Insecta,http://www.environment.gov.au/cgi-bin/sprat/public/publicspecies.pl?taxon_id=25234,2026-Aug-28,-,Castniidae,Synemon,plana,-,-,"Walker, 1854",-
Synostemon hamersleyensis,Hamersley Spurge,-,Endangered,-,-,-,-,-,-,-,Yes,-,-,-,-,-,-,-,-,-,93041,-,Plantae,Magnoliopsida,http://www.environment.gov.au/cgi-bin/sprat/public/publicspecies.pl?taxon_id=93041,2026-Aug-28,https://id.biodiversity.org.au/name/apni/3686589,Phyllanthaceae,Synostemon,hamersleyensis,-,-,I.Telford  Naaykens,-
Syzygium hodgkinsoniae,"Smooth-bark Rose Apple, Red Lilly Pilly",-,Vulnerable,-,Yes,-,Yes,-,-,-,-,-,-,-,-,-,-,-,-,-,3539,-,Plantae,Magnoliopsida,http://www.environment.gov.au/cgi-bin/sprat/public/publicspecies.pl?taxon_id=3539,2026-Aug-28,https://id.biodiversity.org.au/name/apni/64727,Myrtaceae,Syzygium,hodgkinsoniae,-,-,(F.Muell.) L.Johnson,-
Syzygium moorei,"Rose Apple, Coolamon, Robby, Durobby, Watermelon Tree, Coolamon Rose Apple",-,Vulnerable,-,Yes,-,Yes,-,-,-,-,-,-,-,-,-,-,-,-,-,12284,-,Plantae,Magnoliopsida,http://www.environment.gov.au/cgi-bin/sprat/public/publicspecies.pl?taxon_id=12284,2026-Aug-28,https://id.biodiversity.org.au/name/apni/64787,Myrtaceae,Syzygium,moorei,-,-,(F.Muell.) L.Johnson,-
Syzygium paniculatum,"Magenta Lilly Pilly, Magenta Cherry, Daguba, Scrub Cherry, Creek Lilly Pilly, Brush Cherry",-,Vulnerable,-,Yes,-,-,-,-,-,-,-,-,-,-,Yes,-,-,-,-,20307,-,Plantae,Magnoliopsida,http://www.environment.gov.au/cgi-bin/sprat/public/publicspecies.pl?taxon_id=20307,2026-Aug-28,https://id.biodiversity.org.au/name/apni/64806,Myrtaceae,Syzygium,paniculatum,-,-,Gaertn.,-
Syzygium velarum,-,-,Vulnerable,-,-,-,Yes,-,-,-,-,-,-,-,-,-,-,-,-,-,56714,-,Plantae,Magnoliopsida,http://www.environment.gov.au/cgi-bin/sprat/public/publicspecies.pl?taxon_id=56714,2026-Aug-28,https://id.biodiversity.org.au/name/apni/154624,Myrtaceae,Syzygium,velarum,-,-,B.Hyland,-
Tachyglossus aculeatus multiaculeatus,Kangaroo Island Echidna,-,Endangered,-,-,-,-,Yes,-,-,-,-,-,-,-,-,-,-,-,-,87597,-,Animalia,Mammalia,http://www.environment.gov.au/cgi-bin/sprat/public/publicspecies.pl?taxon_id=87597,2026-Aug-28,-,Tachyglossidae,Tachyglossus,aculeatus,-,multiaculeatus,-,"(Rothschild, 1905)"
Taeniophyllum norfolkianum,"Minute Orchid, Ribbon-root Orchid",-,Vulnerable,-,-,-,-,-,-,-,-,-,-,-,-,-,Yes,-,-,-,82347,-,Plantae,Liliopsida,http://www.environment.gov.au/cgi-bin/sprat/public/publicspecies.pl?taxon_id=82347,2026-Aug-28,https://id.biodiversity.org.au/name/apni/201803,Orchidaceae,Taeniophyllum,norfolkianum,-,-,"D.L.Jones, B.Gray et M.A.Clem.",-
Taraxacum cygnorum,"Coast Dandelion, Native Dandelion",-,Vulnerable,-,-,-,-,Yes,Yes,Yes,Yes,-,-,-,-,-,-,-,-,-,2508,-,Plantae,Magnoliopsida,http://www.environment.gov.au/cgi-bin/sprat/public/publicspecies.pl?taxon_id=2508,2026-Aug-28,https://id.biodiversity.org.au/name/apni/80493,Asteraceae,Taraxacum,cygnorum,-,-,Hand.-Mazz.,-
Tarennoidea wallichii,-,-,Endangered,-,-,Yes,-,-,-,-,-,-,-,-,-,-,-,-,-,-,65173,-,Plantae,Magnoliopsida,http://www.environment.gov.au/cgi-bin/sprat/public/publicspecies.pl?taxon_id=65173,2026-Aug-28,https://id.biodiversity.org.au/name/apni/240166,Rubiaceae,Tarennoidea,wallichii,-,-,(Hook.f.) Tirveng  Sastre,-
Tasmannia glaucifolia,Fragrant Pepperbush,-,Vulnerable,-,Yes,-,-,-,-,-,-,-,-,-,-,-,-,-,-,-,21975,-,Plantae,Magnoliopsida,http://www.environment.gov.au/cgi-bin/sprat/public/publicspecies.pl?taxon_id=21975,2026-Aug-28,https://id.biodiversity.org.au/name/apni/81133,Winteraceae,Tasmannia,glaucifolia,-,-,J.Williams,-
Taudactylus acutirostris,"Sharp-snouted Day Frog, Sharp-snouted Torrent Frog",-,Extinct,-,-,-,Yes,-,-,-,-,-,-,-,-,-,-,-,-,-,1911,-,Animalia,Amphibia,http://www.environment.gov.au/cgi-bin/sprat/public/publicspecies.pl?taxon_id=1911,2026-Aug-28,-,Myobatrachidae,Taudactylus,acutirostris,-,-,"(Andersson,1916)",-
Taudactylus diurnus,"Southern Day Frog, Mt Glorious Torrent Frog",-,Extinct,-,-,-,Yes,-,-,-,-,-,-,-,-,-,-,-,-,-,1886,-,Animalia,Amphibia,http://www.environment.gov.au/cgi-bin/sprat/public/publicspecies.pl?taxon_id=1886,2026-Aug-28,-,Myobatrachidae,Taudactylus,diurnus,-,-,"Straughan and Lee, 1966",-
Taudactylus eungellensis,Eungella Day Frog,-,Endangered,-,-,-,Yes,-,-,-,-,-,-,-,-,-,-,-,-,-,1887,-,Animalia,Amphibia,http://www.environment.gov.au/cgi-bin/sprat/public/publicspecies.pl?taxon_id=1887,2026-Aug-28,-,Myobatrachidae,Taudactylus,eungellensis,-,-,"Liem and Hosmer,1973",-
Taudactylus pleione,"Kroombit Tinker Frog, Pleione's Torrent Frog",-,Critically Endangered,-,-,-,Yes,-,-,-,-,-,-,-,-,-,-,-,-,-,1889,-,Animalia,Amphibia,http://www.environment.gov.au/cgi-bin/sprat/public/publicspecies.pl?taxon_id=1889,2026-Aug-28,-,Myobatrachidae,Taudactylus,pleione,-,-,"Czechura, 1986",-
Taudactylus rheophilus,Tinkling Frog,-,Critically Endangered,-,-,-,Yes,-,-,-,-,-,-,-,-,-,-,-,-,-,1890,-,Animalia,Amphibia,http://www.environment.gov.au/cgi-bin/sprat/public/publicspecies.pl?taxon_id=1890,2026-Aug-28,-,Myobatrachidae,Taudactylus,rheophilus,-,-,"Liem and Hosmer,1973",-
Tectaria devexa,Cave Fern,-,Endangered,-,-,-,Yes,-,-,-,-,-,-,Yes,-,-,-,-,-,-,14767,-,Plantae,Polypodiatae,http://www.environment.gov.au/cgi-bin/sprat/public/publicspecies.pl?taxon_id=14767,2026-Aug-28,https://id.biodiversity.org.au/name/apni/83059,Dryopteridaceae,Tectaria,devexa,-,-,(Kunze ex Mett.) Copel.,-
Tecticornia bulbosa,Large-articled Samphire,-,Vulnerable,-,-,-,-,-,-,-,Yes,-,-,-,-,-,-,-,-,-,82741,-,Plantae,Magnoliopsida,http://www.environment.gov.au/cgi-bin/sprat/public/publicspecies.pl?taxon_id=82741,2026-Aug-28,https://id.biodiversity.org.au/name/apni/207082,Chenopodiaceae,Tecticornia,bulbosa,-,-,(Paul G.Wilson) K.A.Sheph.  Paul G.Wilson,-
Tecticornia flabelliformis,"Bead Glasswort, Bead Samphire",-,Vulnerable,-,-,-,-,Yes,-,Yes,Yes,-,-,-,-,-,-,-,-,-,82664,-,Plantae,Magnoliopsida,http://www.environment.gov.au/cgi-bin/sprat/public/publicspecies.pl?taxon_id=82664,2026-Aug-28,https://id.biodiversity.org.au/name/apni/207090,Chenopodiaceae,Tecticornia,flabelliformis,-,-,(Paul G.Wilson) K.A.Sheph.  Paul G.Wilson,-
Telopea aspera,Gibraltar Waratah,-,Endangered,-,Yes,-,-,-,-,-,-,-,-,-,-,-,-,-,-,-,65616,-,Plantae,Magnoliopsida,http://www.environment.gov.au/cgi-bin/sprat/public/publicspecies.pl?taxon_id=65616,2026-Aug-28,https://id.biodiversity.org.au/name/apni/155475,Proteaceae,Telopea,aspera,-,-,Crisp  P.H.Weston,-
Tephrosia leveillei,-,-,Vulnerable,-,-,-,Yes,-,-,-,-,-,-,-,-,-,-,-,-,-,16946,-,Plantae,Magnoliopsida,http://www.environment.gov.au/cgi-bin/sprat/public/publicspecies.pl?taxon_id=16946,2026-Aug-28,https://id.biodiversity.org.au/name/apni/72216,Fabaceae,Tephrosia,leveillei,-,-,Domin,-
Tetraria australiensis,Southern Tetraria,Morelotia australiensis,Vulnerable,-,-,-,-,-,-,-,Yes,-,-,-,-,-,-,-,-,-,10137,92784,Plantae,Liliopsida,http://www.environment.gov.au/cgi-bin/sprat/public/publicspecies.pl?taxon_id=10137,2026-Aug-28,https://id.biodiversity.org.au/name/apni/73716,Cyperaceae,Tetraria,australiensis,-,-,C.B.Clarke,-
Tetratheca aphylla,Bungalbin Tetratheca,-,Vulnerable,-,-,-,-,-,-,-,Yes,-,-,-,-,-,-,-,-,-,2915,-,Plantae,Magnoliopsida,http://www.environment.gov.au/cgi-bin/sprat/public/publicspecies.pl?taxon_id=2915,2026-Aug-28,https://id.biodiversity.org.au/name/apni/58567,Elaeocarpaceae,Tetratheca,aphylla,-,-,F.Muell.,-
Tetratheca deltoidea,Granite Tetratheca,-,Endangered,-,-,-,-,-,-,-,Yes,-,-,-,-,-,-,-,-,-,5802,-,Plantae,Magnoliopsida,http://www.environment.gov.au/cgi-bin/sprat/public/publicspecies.pl?taxon_id=5802,2026-Aug-28,https://id.biodiversity.org.au/name/apni/58800,Elaeocarpaceae,Tetratheca,deltoidea,-,-,JoyThompson,-
Tetratheca fasciculata,Cronin's Tetratheca,-,Extinct,-,-,-,-,-,-,-,Yes,-,-,-,-,-,-,-,-,-,15534,-,Plantae,Magnoliopsida,http://www.environment.gov.au/cgi-bin/sprat/public/publicspecies.pl?taxon_id=15534,2026-Aug-28,https://id.biodiversity.org.au/name/apni/59103,Elaeocarpaceae,Tetratheca,fasciculata,-,-,J.Thompson,-
Tetratheca gunnii,"Shy Pinkbells, Shy Susan",-,Critically Endangered,-,-,-,-,-,Yes,-,-,-,-,-,-,-,-,-,-,-,14415,-,Plantae,Magnoliopsida,http://www.environment.gov.au/cgi-bin/sprat/public/publicspecies.pl?taxon_id=14415,2026-Aug-28,https://id.biodiversity.org.au/name/apni/59359,Elaeocarpaceae,Tetratheca,gunnii,-,-,Hook.f.,-
Tetratheca harperi,Jackson Tetratheca,-,Vulnerable,-,-,-,-,-,-,-,Yes,-,-,-,-,-,-,-,-,-,6251,-,Plantae,Magnoliopsida,http://www.environment.gov.au/cgi-bin/sprat/public/publicspecies.pl?taxon_id=6251,2026-Aug-28,https://id.biodiversity.org.au/name/apni/73251,Elaeocarpaceae,Tetratheca,harperi,-,-,F.Muell.,-
Tetratheca juncea,Black-eyed Susan,-,Vulnerable,-,Yes,-,-,-,-,-,-,-,-,-,-,-,-,-,-,-,21407,-,Plantae,Magnoliopsida,http://www.environment.gov.au/cgi-bin/sprat/public/publicspecies.pl?taxon_id=21407,2026-Aug-28,https://id.biodiversity.org.au/name/apni/73338,Elaeocarpaceae,Tetratheca,juncea,-,-,Sm.,-
Tetratheca nephelioides,-,-,Critically Endangered,-,-,-,-,-,-,-,Yes,-,-,-,-,-,-,-,-,-,83217,-,Plantae,Magnoliopsida,http://www.environment.gov.au/cgi-bin/sprat/public/publicspecies.pl?taxon_id=83217,2026-Aug-28,https://id.biodiversity.org.au/name/apni/201359,Elaeocarpaceae,Tetratheca,nephelioides,-,-,R.Butcher,-
Tetratheca paynterae,Paynter's Tetratheca,-,Endangered,-,-,-,-,-,-,-,Yes,-,-,-,-,-,-,-,-,-,66451,-,Plantae,Magnoliopsida,http://www.environment.gov.au/cgi-bin/sprat/public/publicspecies.pl?taxon_id=66451,2026-Aug-28,https://id.biodiversity.org.au/name/apni/154682,Elaeocarpaceae,Tetratheca,paynterae,-,-,Alford,-
Thalassarche bulleri,"Buller's Albatross, Pacific Albatross",-,Vulnerable,-,Yes,-,-,Yes,Yes,Yes,-,-,-,-,-,Yes,Yes,-,-,Yes,64460,-,Animalia,Aves,http://www.environment.gov.au/cgi-bin/sprat/public/publicspecies.pl?taxon_id=64460,2026-Aug-28,-,Diomedeidae,Thalassarche,bulleri,-,-,"(Rothschild, 1893)",-
Thalassarche bulleri platei,"Northern Buller's Albatross, Pacific Albatross",-,Vulnerable,-,Yes,-,-,Yes,Yes,Yes,-,-,-,-,-,-,-,-,-,Yes,82273,-,Animalia,Aves,http://www.environment.gov.au/cgi-bin/sprat/public/publicspecies.pl?taxon_id=82273,2026-Aug-28,-,Diomedeidae,Thalassarche,bulleri,-,platei,"(Reichenow, 1898)",-
Thalassarche carteri,Indian Yellow-nosed  Albatross,-,Vulnerable,-,-,-,Yes,Yes,Yes,Yes,Yes,-,-,-,-,-,-,-,-,Yes,64464,-,Animalia,Aves,http://www.environment.gov.au/cgi-bin/sprat/public/publicspecies.pl?taxon_id=64464,2026-Aug-28,-,Diomedeidae,Thalassarche,carteri,-,-,"(Mathews, 1912)",-
Thalassarche cauta,Shy Albatross,-,Endangered,-,Yes,-,Yes,Yes,Yes,Yes,Yes,-,-,-,-,Yes,-,-,-,Yes,89224,-,Animalia,Aves,http://www.environment.gov.au/cgi-bin/sprat/public/publicspecies.pl?taxon_id=89224,2026-Aug-28,-,Diomedeidae,Thalassarche,cauta,-,-,"(Gould, 1841)",-
Thalassarche chrysostoma,Grey-headed Albatross,-,Endangered,-,Yes,-,Yes,Yes,Yes,Yes,Yes,-,-,-,-,-,-,Yes,Yes,Yes,66491,-,Animalia,Aves,http://www.environment.gov.au/cgi-bin/sprat/public/publicspecies.pl?taxon_id=66491,2026-Aug-28,-,Diomedeidae,Thalassarche,chrysostoma,-,-,"(J.R. Forster, 1785)",-
Thalassarche eremita,Chatham Albatross,-,Endangered,-,Yes,-,-,-,Yes,Yes,-,-,-,-,-,Yes,Yes,-,-,Yes,64457,-,Animalia,Aves,http://www.environment.gov.au/cgi-bin/sprat/public/publicspecies.pl?taxon_id=64457,2026-Aug-28,-,Diomedeidae,Thalassarche,eremita,-,-,"(Murphy, 1930)",-
Thalassarche impavida,"Campbell Albatross, Campbell Black-browed Albatross",-,Vulnerable,-,Yes,-,Yes,Yes,Yes,Yes,Yes,-,-,-,-,Yes,Yes,-,Yes,Yes,64459,-,Animalia,Aves,http://www.environment.gov.au/cgi-bin/sprat/public/publicspecies.pl?taxon_id=64459,2026-Aug-28,-,Diomedeidae,Thalassarche,impavida,-,-,"Mathews, 1912",-
Thalassarche melanophris,Black-browed Albatross,-,Vulnerable,-,Yes,-,Yes,Yes,Yes,Yes,Yes,-,-,-,-,Yes,Yes,Yes,Yes,Yes,66472,-,Animalia,Aves,http://www.environment.gov.au/cgi-bin/sprat/public/publicspecies.pl?taxon_id=66472,2026-Aug-28,-,Diomedeidae,Thalassarche,melanophris,-,-,"(Temminck, 1828)",-
Thalassarche salvini,Salvin's Albatross,-,Vulnerable,-,Yes,-,Yes,Yes,Yes,Yes,Yes,-,-,-,-,Yes,Yes,-,-,Yes,64463,-,Animalia,Aves,http://www.environment.gov.au/cgi-bin/sprat/public/publicspecies.pl?taxon_id=64463,2026-Aug-28,-,Diomedeidae,Thalassarche,salvini,-,-,"(Rothschild, 1893)",-
Thalassarche steadi,White-capped Albatross,-,Vulnerable,-,Yes,-,Yes,Yes,Yes,Yes,Yes,-,-,-,-,Yes,Yes,Yes,-,Yes,64462,-,Animalia,Aves,http://www.environment.gov.au/cgi-bin/sprat/public/publicspecies.pl?taxon_id=64462,2026-Aug-28,-,Diomedeidae,Thalassarche,steadi,-,-,"Falla, 1933",-
Thaumatoperla alpina,Alpine Stonefly,-,Endangered,-,-,-,-,-,-,Yes,-,-,-,-,-,-,-,-,-,-,25289,-,Animalia,Insecta,http://www.environment.gov.au/cgi-bin/sprat/public/publicspecies.pl?taxon_id=25289,2026-Aug-28,-,Eustheniidae,Thaumatoperla,alpina,-,-,"Burns  Neboiss, 1957",-
Thelymitra adorata,Wyong Sun Orchid,-,Critically Endangered,-,Yes,-,-,-,-,-,-,-,-,-,-,-,-,-,-,-,84724,-,Plantae,Liliopsida,http://www.environment.gov.au/cgi-bin/sprat/public/publicspecies.pl?taxon_id=84724,2026-Aug-28,https://id.biodiversity.org.au/name/apni/233691,Orchidaceae,Thelymitra,adorata,-,-,Jeanes,-
Thelymitra cyanapicata,"Blue Top Sun-orchid, Dark-tipped Sun-orchid",-,Critically Endangered,-,-,-,-,Yes,-,-,-,-,-,-,-,-,-,-,-,-,81872,-,Plantae,Liliopsida,http://www.environment.gov.au/cgi-bin/sprat/public/publicspecies.pl?taxon_id=81872,2026-Aug-28,https://id.biodiversity.org.au/name/apni/189573,Orchidaceae,Thelymitra,cyanapicata,-,-,Jeanes,-
Thelymitra dedmaniarum,Cinnamon Sun Orchid,-,Endangered,-,-,-,-,-,-,-,Yes,-,-,-,-,-,-,-,-,-,65105,-,Plantae,Liliopsida,http://www.environment.gov.au/cgi-bin/sprat/public/publicspecies.pl?taxon_id=65105,2026-Aug-28,https://id.biodiversity.org.au/name/apni/164131,Orchidaceae,Thelymitra,dedmaniarum,-,-,R.S.Rogers,-
Thelymitra epipactoides,Metallic Sun-orchid,-,Endangered,-,Yes,-,-,Yes,-,Yes,-,-,-,-,-,-,-,-,-,-,11896,-,Plantae,Liliopsida,http://www.environment.gov.au/cgi-bin/sprat/public/publicspecies.pl?taxon_id=11896,2026-Aug-28,https://id.biodiversity.org.au/name/apni/115218,Orchidaceae,Thelymitra,epipactoides,-,-,F.Muell.,-
Thelymitra hygrophila,Blue Star Sun-orchid,-,Critically Endangered,-,-,-,-,Yes,-,-,-,-,-,-,-,-,-,-,-,-,87679,-,Plantae,Liliopsida,http://www.environment.gov.au/cgi-bin/sprat/public/publicspecies.pl?taxon_id=87679,2026-Aug-28,https://id.biodiversity.org.au/name/apni/230259,Orchidaceae,Thelymitra,hygrophila,-,-,R.J.Bates,-
Thelymitra jonesii,Sky-blue Sun-orchid,-,Endangered,-,-,-,-,-,Yes,-,-,-,-,-,-,-,-,-,-,-,76352,-,Plantae,Liliopsida,http://www.environment.gov.au/cgi-bin/sprat/public/publicspecies.pl?taxon_id=76352,2026-Aug-28,https://id.biodiversity.org.au/name/apni/178902,Orchidaceae,Thelymitra,jonesii,-,-,Jeanes,-
Thelymitra kangaloonica,Kangaloon Sun Orchid,-,Critically Endangered,-,Yes,-,-,-,-,-,-,-,-,-,-,-,-,-,-,-,81861,-,Plantae,Liliopsida,http://www.environment.gov.au/cgi-bin/sprat/public/publicspecies.pl?taxon_id=81861,2026-Aug-28,https://id.biodiversity.org.au/name/apni/233692,Orchidaceae,Thelymitra,kangaloonica,-,-,Jeanes,-
Thelymitra lucida,Glistening Sun Orchid,-,Endangered,-,-,-,-,Yes,Yes,Yes,-,-,-,-,-,-,-,-,-,-,85915,-,Plantae,Liliopsida,http://www.environment.gov.au/cgi-bin/sprat/public/publicspecies.pl?taxon_id=85915,2026-Aug-28,https://id.biodiversity.org.au/name/apni/189577,Orchidaceae,Thelymitra,lucida,-,-,Jeanes,-
Thelymitra mackibbinii,Brilliant Sun-orchid,-,Vulnerable,-,-,-,-,-,-,Yes,-,-,-,-,-,-,-,-,-,-,26941,-,Plantae,Liliopsida,http://www.environment.gov.au/cgi-bin/sprat/public/publicspecies.pl?taxon_id=26941,2026-Aug-28,https://id.biodiversity.org.au/name/apni/115815,Orchidaceae,Thelymitra,mackibbinii,-,-,F.Muell.,-
Thelymitra matthewsii,Spiral Sun-orchid,-,Endangered,-,-,-,-,Yes,-,Yes,-,-,-,-,-,-,-,-,-,-,4168,-,Plantae,Liliopsida,http://www.environment.gov.au/cgi-bin/sprat/public/publicspecies.pl?taxon_id=4168,2026-Aug-28,https://id.biodiversity.org.au/name/apni/115881,Orchidaceae,Thelymitra,matthewsii,-,-,Cheeseman,-
Thelymitra orientalis,Hoary Sun-orchid,-,Critically Endangered,-,-,-,-,Yes,-,Yes,-,-,-,-,-,-,-,-,-,-,88011,-,Plantae,Liliopsida,http://www.environment.gov.au/cgi-bin/sprat/public/publicspecies.pl?taxon_id=88011,2026-Aug-28,https://id.biodiversity.org.au/name/apni/230271,Orchidaceae,Thelymitra,orientalis,-,-,R.J.Bates,-
Thelymitra psammophila,Sandplain Sun-orchid,-,Vulnerable,-,-,-,-,-,-,-,Yes,-,-,-,-,-,-,-,-,-,4908,-,Plantae,Liliopsida,http://www.environment.gov.au/cgi-bin/sprat/public/publicspecies.pl?taxon_id=4908,2026-Aug-28,https://id.biodiversity.org.au/name/apni/54765,Orchidaceae,Thelymitra,psammophila,-,-,C.R.P.Andrews,-
Thelymitra stellata,Star Sun-orchid,-,Endangered,-,-,-,-,-,-,-,Yes,-,-,-,-,-,-,-,-,-,7060,-,Plantae,Liliopsida,http://www.environment.gov.au/cgi-bin/sprat/public/publicspecies.pl?taxon_id=7060,2026-Aug-28,https://id.biodiversity.org.au/name/apni/55000,Orchidaceae,Thelymitra,stellata,-,-,Lindley,-
Thelymitra variegata,Queen of Sheba,-,Critically Endangered,-,-,-,-,-,-,-,Yes,-,-,-,-,-,-,-,-,-,12582,-,Plantae,Liliopsida,http://www.environment.gov.au/cgi-bin/sprat/public/publicspecies.pl?taxon_id=12582,2026-Aug-28,https://id.biodiversity.org.au/name/apni/55064,Orchidaceae,Thelymitra,variegata,-,-,(Lind.) F.Muell.,-
Thersites mitchellae,Mitchell's Rainforest Snail,-,Critically Endangered,-,Yes,-,-,-,-,-,-,-,-,-,-,-,-,-,-,-,66774,-,Animalia,Gastropoda,http://www.environment.gov.au/cgi-bin/sprat/public/publicspecies.pl?taxon_id=66774,2026-Aug-28,-,Camaenidae,Thersites,mitchellae,-,-,"(Cox, 1864)",-
Thesium australe,"Austral Toadflax, Toadflax",-,Vulnerable,Yes,Yes,-,Yes,-,Yes,Yes,-,-,-,-,-,Yes,-,-,-,-,15202,-,Plantae,Magnoliopsida,http://www.environment.gov.au/cgi-bin/sprat/public/publicspecies.pl?taxon_id=15202,2026-Aug-28,https://id.biodiversity.org.au/name/apni/56224,Santalaceae,Thesium,australe,-,-,R.Br.,-
Thinornis cucullatus cucullatus,"Eastern Hooded Plover, Eastern Hooded Plover",-,Vulnerable,-,Yes,-,-,Yes,Yes,Yes,-,-,-,-,-,Yes,-,-,-,-,90381,-,Animalia,Aves,http://www.environment.gov.au/cgi-bin/sprat/public/publicspecies.pl?taxon_id=90381,2026-Aug-28,-,Charadriidae,Thinornis,cucullatus,-,cucullatus,"(Vieillot, 1818)",-
Thismia clavarioides,-,-,Endangered,-,Yes,-,-,-,-,-,-,-,-,-,-,-,-,-,-,-,90425,-,Plantae,Liliopsida,http://www.environment.gov.au/cgi-bin/sprat/public/publicspecies.pl?taxon_id=90425,2026-Aug-28,https://id.biodiversity.org.au/name/apni/178792,Thismiaceae,Thismia,clavarioides,-,-,K.R.Thiele,-
Thomasia gardneri,Mt Holland Thomasia,-,Extinct,-,-,-,-,-,-,-,Yes,-,-,-,-,-,-,-,-,-,4714,-,Plantae,Magnoliopsida,http://www.environment.gov.au/cgi-bin/sprat/public/publicspecies.pl?taxon_id=4714,2026-Aug-28,https://id.biodiversity.org.au/name/apni/65385,Sterculiaceae,Thomasia,gardneri,-,-,Paust,-
Thomasia glabripetala,Sandplain Thomasia,-,Vulnerable,-,-,-,-,-,-,-,Yes,-,-,-,-,-,-,-,-,-,56547,-,Plantae,Magnoliopsida,http://www.environment.gov.au/cgi-bin/sprat/public/publicspecies.pl?taxon_id=56547,2026-Aug-28,https://id.biodiversity.org.au/name/apni/119098,Sterculiaceae,Thomasia,glabripetala,-,-,S.J.Patrick,-
Thomasia montana,Hill Thomasia,-,Vulnerable,-,-,-,-,-,-,-,Yes,-,-,-,-,-,-,-,-,-,12136,-,Plantae,Magnoliopsida,http://www.environment.gov.au/cgi-bin/sprat/public/publicspecies.pl?taxon_id=12136,2026-Aug-28,https://id.biodiversity.org.au/name/apni/65653,Sterculiaceae,Thomasia,montana,-,-,Steudel,-
Thomasia sp. Green Hill (S.Paust 1322),Green Hill Thomasia,-,Endangered,-,-,-,-,-,-,-,Yes,-,-,-,-,-,-,-,-,-,64542,-,Plantae,Magnoliopsida,http://www.environment.gov.au/cgi-bin/sprat/public/publicspecies.pl?taxon_id=64542,2026-Aug-28,https://id.biodiversity.org.au/name/apni/154676,Sterculiaceae,Thomasia,sp. Green Hill (S.Paust 1322),-,-,WA Herbarium,-
Thryptomene wittweri,Mountain Thryptomene,-,Vulnerable,-,-,Yes,-,-,-,-,Yes,-,-,-,-,-,-,-,-,-,16645,-,Plantae,Magnoliopsida,http://www.environment.gov.au/cgi-bin/sprat/public/publicspecies.pl?taxon_id=16645,2026-Aug-28,https://id.biodiversity.org.au/name/apni/94295,Myrtaceae,Thryptomene,wittweri,-,-,J.Green,-
Thylacinus cynocephalus,"Thylacine, Tasmanian Tiger",-,Extinct,-,-,-,-,-,Yes,-,-,-,-,-,-,-,-,-,-,-,342,-,Animalia,Mammalia,http://www.environment.gov.au/cgi-bin/sprat/public/publicspecies.pl?taxon_id=342,2026-Aug-28,-,Thylacinidae,Thylacinus,cynocephalus,-,-,"(Harris, 1808)",-
Thymichthys politus,Red Handfish,-,Critically Endangered,-,-,-,-,-,Yes,-,-,-,-,-,-,-,-,-,-,Yes,83756,-,Animalia,Actinopterygii,http://www.environment.gov.au/cgi-bin/sprat/public/publicspecies.pl?taxon_id=83756,2026-Aug-28,-,Brachionichthyidae,Thymichthys,politus,-,-,"(Richardson, 1844)",-
Thynninorchis nothofagicola,Myrtle Elbow Orchid,-,Critically Endangered,-,-,-,-,-,Yes,-,-,-,-,-,-,-,-,-,-,-,76409,-,Plantae,Liliopsida,http://www.environment.gov.au/cgi-bin/sprat/public/publicspecies.pl?taxon_id=76409,2026-Aug-28,https://id.biodiversity.org.au/name/apni/178810,Orchidaceae,Thynninorchis,nothofagicola,-,-,(D.L.Jones) D.L.Jones  M.A.Clem.,-
Tiliqua adelaidensis,"Pygmy Blue-tongue Lizard, Adelaide Blue-tongue Lizard",-,Endangered,-,-,-,-,Yes,-,-,-,-,-,-,-,-,-,-,-,-,1270,-,Animalia,Reptilia,http://www.environment.gov.au/cgi-bin/sprat/public/publicspecies.pl?taxon_id=1270,2026-Aug-28,-,Scincidae,Tiliqua,adelaidensis,-,-,"(Peters,1863)",-
Tiliqua scincoides intermedia,Northern Blue-tongued Skink,-,Critically Endangered,-,-,Yes,Yes,-,-,-,Yes,-,-,-,-,-,-,-,-,-,89838,-,Animalia,Reptilia,http://www.environment.gov.au/cgi-bin/sprat/public/publicspecies.pl?taxon_id=89838,2026-Aug-28,-,Scincidae,Tiliqua,scincoides,-,intermedia,-,"Mitchell, 1955"
Tmesipteris lanceolata,-,-,Extinct,-,-,-,Yes,-,-,-,-,-,-,-,-,-,-,-,-,-,15153,-,Plantae,Psilotatae,http://www.environment.gov.au/cgi-bin/sprat/public/publicspecies.pl?taxon_id=15153,2026-Aug-28,https://id.biodiversity.org.au/name/apni/96826,Psilotaceae,Tmesipteris,lanceolata,-,-,P.A.Dang.,-
Tmesipteris norfolkensis,Hanging Fork-fern,-,Vulnerable,-,-,-,-,-,-,-,-,-,-,-,-,-,Yes,-,-,-,65895,-,Plantae,Psilotatae,http://www.environment.gov.au/cgi-bin/sprat/public/publicspecies.pl?taxon_id=65895,2026-Aug-28,https://id.biodiversity.org.au/name/apni/125883,Psilotaceae,Tmesipteris,norfolkensis,-,-,P.S.Green,-
Toechima pterocarpum,-,-,Endangered,-,-,-,Yes,-,-,-,-,-,-,-,-,-,-,-,-,-,4690,-,Plantae,Magnoliopsida,http://www.environment.gov.au/cgi-bin/sprat/public/publicspecies.pl?taxon_id=4690,2026-Aug-28,https://id.biodiversity.org.au/name/apni/97318,Sapindaceae,Toechima,pterocarpum,-,-,S.Reyn.,-
Toechima sp. East Alligator (J.Russell-Smith 8418),a tree,-,Endangered,-,-,Yes,-,-,-,-,-,-,-,-,-,-,-,-,-,-,81627,-,Plantae,Magnoliopsida,http://www.environment.gov.au/cgi-bin/sprat/public/publicspecies.pl?taxon_id=81627,2026-Aug-28,https://id.biodiversity.org.au/name/apni/192618,Sapindaceae,Toechima,sp. East Alligator (J.Russell-Smith 8418),-,-,NT Herbarium,-
Tomophyllum walleri,-,-,Vulnerable,-,-,-,Yes,-,-,-,-,-,-,-,-,-,-,-,-,-,83507,-,Plantae,Polypodiatae,http://www.environment.gov.au/cgi-bin/sprat/public/publicspecies.pl?taxon_id=83507,2026-Aug-28,https://id.biodiversity.org.au/name/apni/215193,Grammitidaceae,Tomophyllum,walleri,-,-,(Maiden  E.Betche) Parris,-
Trachymene scapigera,Mountain Trachymene,-,Endangered,-,Yes,-,-,-,-,-,-,-,-,-,-,-,-,-,-,-,9367,-,Plantae,Magnoliopsida,http://www.environment.gov.au/cgi-bin/sprat/public/publicspecies.pl?taxon_id=9367,2026-Aug-28,https://id.biodiversity.org.au/name/apni/75910,Apiaceae,Trachymene,scapigera,-,-,(Domin) B.L.Burtt,-
Trianthema cypseleoides,-,-,Extinct,-,Yes,-,-,-,-,-,-,-,-,-,-,-,-,-,-,-,5051,-,Plantae,Magnoliopsida,http://www.environment.gov.au/cgi-bin/sprat/public/publicspecies.pl?taxon_id=5051,2026-Aug-28,https://id.biodiversity.org.au/name/apni/103887,Aizoaceae,Trianthema,cypseleoides,-,-,(Fenzl) Benth.,-
Tribonanthes purpurea,Granite Pink,-,Vulnerable,-,-,-,-,-,-,-,Yes,-,-,-,-,-,-,-,-,-,16244,-,Plantae,Liliopsida,http://www.environment.gov.au/cgi-bin/sprat/public/publicspecies.pl?taxon_id=16244,2026-Aug-28,https://id.biodiversity.org.au/name/apni/60191,Haemodoraceae,Tribonanthes,purpurea,-,-,T.Macfarl.  Hopper,-
Trichanthodium baracchianum,Dwarf Yellow-heads,-,Vulnerable,-,-,-,-,-,-,Yes,-,-,-,-,-,-,-,-,-,-,21910,-,Plantae,Magnoliopsida,http://www.environment.gov.au/cgi-bin/sprat/public/publicspecies.pl?taxon_id=21910,2026-Aug-28,https://id.biodiversity.org.au/name/apni/117254,Asteraceae,Trichanthodium,baracchianum,-,-,(Ewart  J.White) P.S.Short,-
Trichosurus vulpecula arnhemensis,Northern Brushtail Possum,-,Vulnerable,-,-,Yes,-,-,-,-,Yes,-,-,-,-,-,-,-,-,-,83091,-,Animalia,Mammalia,http://www.environment.gov.au/cgi-bin/sprat/public/publicspecies.pl?taxon_id=83091,2026-Aug-28,-,Phalangeridae,Trichosurus,vulpecula,-,arnhemensis,-,"Collett, 1897"
Tringa nebularia,"Common Greenshank, Greenshank",-,Endangered,Yes,Yes,Yes,Yes,Yes,Yes,Yes,Yes,-,-,-,-,-,-,-,-,-,832,-,Animalia,Aves,http://www.environment.gov.au/cgi-bin/sprat/public/publicspecies.pl?taxon_id=832,2026-Aug-28,-,Scolopacidae,Tringa,nebularia,-,-,"(Gunnerus, 1767)",-
Trioza barrettae,Banksia brownii plant louse,-,Endangered,-,-,-,-,-,-,-,Yes,-,-,-,-,-,-,-,-,-,87805,-,Animalia,Insecta,http://www.environment.gov.au/cgi-bin/sprat/public/publicspecies.pl?taxon_id=87805,2026-Aug-28,-,Triozidae,Trioza,barrettae,-,-,"Taylor  Moir, 2014",-
Triplarina imbricata,-,-,Endangered,-,Yes,-,-,-,-,-,-,-,-,-,-,-,-,-,-,-,64543,-,Plantae,Magnoliopsida,http://www.environment.gov.au/cgi-bin/sprat/public/publicspecies.pl?taxon_id=64543,2026-Aug-28,https://id.biodiversity.org.au/name/apni/154626,Myrtaceae,Triplarina,imbricata,-,-,(Smith) A.R.Bean,-
Triplarina nitchaga,-,-,Vulnerable,-,-,-,Yes,-,-,-,-,-,-,-,-,-,-,-,-,-,64593,-,Plantae,Magnoliopsida,http://www.environment.gov.au/cgi-bin/sprat/public/publicspecies.pl?taxon_id=64593,2026-Aug-28,https://id.biodiversity.org.au/name/apni/154690,Myrtaceae,Triplarina,nitchaga,-,-,A.R.Bean,-
Triplarina nowraensis,Nowra Heath-myrtle,-,Endangered,-,Yes,-,-,-,-,-,-,-,-,-,-,-,-,-,-,-,64544,-,Plantae,Magnoliopsida,http://www.environment.gov.au/cgi-bin/sprat/public/publicspecies.pl?taxon_id=64544,2026-Aug-28,https://id.biodiversity.org.au/name/apni/138812,Myrtaceae,Triplarina,nowraensis,-,-,A.R.Bean,-
Trisyntopa scatophaga,Antbed Parrot Moth,-,Endangered,-,-,-,Yes,-,-,-,-,-,-,-,-,-,-,-,-,-,84159,-,Animalia,Insecta,http://www.environment.gov.au/cgi-bin/sprat/public/publicspecies.pl?taxon_id=84159,2026-Aug-28,-,Oecophoridae,Trisyntopa,scatophaga,-,-,"(White, 1922)",-
Trithuria occidentalis,Swan Hydatella,-,Endangered,-,-,-,-,-,-,-,Yes,-,-,-,-,-,-,-,-,-,42224,-,Plantae,Liliopsida,http://www.environment.gov.au/cgi-bin/sprat/public/publicspecies.pl?taxon_id=42224,2026-Aug-28,https://id.biodiversity.org.au/name/apni/88473,Hydatellaceae,Trithuria,occidentalis,-,-,Benth.,-
Triunia robusta,Glossy Spice Bush,-,Endangered,-,-,-,Yes,-,-,-,-,-,-,-,-,-,-,-,-,-,14747,-,Plantae,Magnoliopsida,http://www.environment.gov.au/cgi-bin/sprat/public/publicspecies.pl?taxon_id=14747,2026-Aug-28,https://id.biodiversity.org.au/name/apni/89304,Proteaceae,Triunia,robusta,-,-,(C.T.White) Foreman,-
Tropilis callitrophilis,Thin Feather Orchid,Dendrobium callitrophilum,Vulnerable,-,-,-,Yes,-,-,-,-,-,-,-,-,-,-,-,-,-,82771,56050,Plantae,Liliopsida,http://www.environment.gov.au/cgi-bin/sprat/public/publicspecies.pl?taxon_id=82771,2026-Aug-28,https://id.biodiversity.org.au/name/apni/176216,Orchidaceae,Tropilis,callitrophilis,-,-,(B.Gray  D.L.Jones) D.L.Jones  M.A.Clem.,-
Turdus poliocephalus erythropleurus,Christmas Island Thrush,-,Endangered,-,-,-,-,-,-,-,-,-,-,Yes,-,-,-,-,-,-,67122,-,Animalia,Aves,http://www.environment.gov.au/cgi-bin/sprat/public/publicspecies.pl?taxon_id=67122,2026-Aug-28,-,Muscicapidae,Turdus,poliocephalus,-,erythropleurus,-,"Sharpe, 1887"
Turdus poliocephalus poliocephalus,"Grey-headed Blackbird, Norfolk Island Thrush",-,Extinct,-,-,-,-,-,-,-,-,-,-,-,-,-,Yes,-,-,-,26017,-,Animalia,Aves,http://www.environment.gov.au/cgi-bin/sprat/public/publicspecies.pl?taxon_id=26017,2026-Aug-28,-,Muscicapidae,Turdus,poliocephalus,-,poliocephalus,"Latham, 1902",-
Turdus poliocephalus vinitinctus,"Lord Howe Thrush, Vinous-tinted Thrush",-,Extinct,-,Yes,-,-,-,-,-,-,-,-,-,-,-,-,-,-,-,67123,-,Animalia,Aves,http://www.environment.gov.au/cgi-bin/sprat/public/publicspecies.pl?taxon_id=67123,2026-Aug-28,-,Muscicapidae,Turdus,poliocephalus,-,vinitinctus,-,"(Gould, 1855)"
Turnix melanogaster,Black-breasted Button-quail,-,Vulnerable,-,Yes,-,Yes,-,-,-,-,-,-,-,-,-,-,-,-,-,923,-,Animalia,Aves,http://www.environment.gov.au/cgi-bin/sprat/public/publicspecies.pl?taxon_id=923,2026-Aug-28,-,Turnicidae,Turnix,melanogaster,-,-,"(Gould,1837)",-
Turnix olivii,Buff-breasted Button-quail,-,Critically Endangered,-,-,-,Yes,-,-,-,-,-,-,-,-,-,-,-,-,-,59293,-,Animalia,Aves,http://www.environment.gov.au/cgi-bin/sprat/public/publicspecies.pl?taxon_id=59293,2026-Aug-28,-,Turnicidae,Turnix,olivii,-,-,"Robinson,1900",-
Turnix varius scintillans,Painted Button-quail (Houtman Abrolhos),-,Endangered,-,-,-,-,-,-,-,Yes,-,-,-,-,-,-,-,-,-,82451,-,Animalia,Aves,http://www.environment.gov.au/cgi-bin/sprat/public/publicspecies.pl?taxon_id=82451,2026-Aug-28,-,Turnicidae,Turnix,varius,-,scintillans,-,"(Gould, 1845)"
Tylophora linearis,-,Vincetoxicum forsteri,Endangered,-,Yes,-,Yes,-,-,-,-,-,-,-,-,-,-,-,-,-,55231,92384,Plantae,Magnoliopsida,http://www.environment.gov.au/cgi-bin/sprat/public/publicspecies.pl?taxon_id=55231,2026-Aug-28,https://id.biodiversity.org.au/name/apni/117609,Apocynaceae,Tylophora,linearis,-,-,P.I.Forst.,-
Tylophora rupicola,-,Vincetoxicum rupicola,Endangered,-,-,-,Yes,-,-,-,-,-,-,-,-,-,-,-,-,-,55237,92385,Plantae,Magnoliopsida,http://www.environment.gov.au/cgi-bin/sprat/public/publicspecies.pl?taxon_id=55237,2026-Aug-28,https://id.biodiversity.org.au/name/apni/117615,Apocynaceae,Tylophora,rupicola,-,-,P.I.Forst.,-
Tylophora woollsii,-,Vincetoxicum woollsii,Endangered,-,Yes,-,Yes,-,-,-,-,-,-,-,-,-,-,-,-,-,20503,40080,Plantae,Magnoliopsida,http://www.environment.gov.au/cgi-bin/sprat/public/publicspecies.pl?taxon_id=20503,2026-Aug-28,https://id.biodiversity.org.au/name/apni/105606,Apocynaceae,Tylophora,woollsii,-,-,Benth.,-
Tympanocryptis condaminensis,Condamine Earless Dragon,-,Endangered,-,-,-,Yes,-,-,-,-,-,-,-,-,-,-,-,-,-,87888,-,Animalia,Reptilia,http://www.environment.gov.au/cgi-bin/sprat/public/publicspecies.pl?taxon_id=87888,2026-Aug-28,-,Agamidae,Tympanocryptis,condaminensis,-,-,"Melville, Smith, Hobson, Hunjan  Shoo, 2014",-
Tympanocryptis lineata,"Canberra Grassland Earless Dragon, Lined Earless Dragon",-,Critically Endangered,Yes,Yes,-,-,-,-,-,-,-,-,-,-,-,-,-,-,-,25558,-,Animalia,Reptilia,http://www.environment.gov.au/cgi-bin/sprat/public/publicspecies.pl?taxon_id=25558,2026-Aug-28,-,Agamidae,Tympanocryptis,lineata,-,-,"Peters, 1863",-
Tympanocryptis mccartneyi,Bathurst Grassland Earless Dragon,-,Critically Endangered,-,Yes,-,-,-,-,-,-,-,-,-,-,-,-,-,-,-,90478,-,Animalia,Reptilia,http://www.environment.gov.au/cgi-bin/sprat/public/publicspecies.pl?taxon_id=90478,2026-Aug-28,-,Agamidae,Tympanocryptis,mccartneyi,-,-,"Melville, Chaplin, Hutchinson, Sumner, Gruber, MacDonald  Sarre, 2019",-
Tympanocryptis osbornei,Monaro Grassland Earless Dragon,-,Endangered,-,Yes,-,-,-,-,-,-,-,-,-,-,-,-,-,-,-,90479,-,Animalia,Reptilia,http://www.environment.gov.au/cgi-bin/sprat/public/publicspecies.pl?taxon_id=90479,2026-Aug-28,-,Agamidae,Tympanocryptis,osbornei,-,-,"Melville, Chaplin, Hutchinson, Sumner, Gruber, MacDonald  Sarre, 2019",-
Tympanocryptis pinguicolla,Victorian Grassland Earless Dragon,-,Critically Endangered,-,-,-,-,-,-,Yes,-,-,-,-,-,-,-,-,-,-,66727,-,Animalia,Reptilia,http://www.environment.gov.au/cgi-bin/sprat/public/publicspecies.pl?taxon_id=66727,2026-Aug-28,-,Agamidae,Tympanocryptis,pinguicolla,-,-,"Mitchell, 1948",-
Typhonium jonesii,a herb,-,Endangered,-,-,Yes,-,-,-,-,-,-,-,-,-,-,-,-,-,-,62412,-,Plantae,Liliopsida,http://www.environment.gov.au/cgi-bin/sprat/public/publicspecies.pl?taxon_id=62412,2026-Aug-28,https://id.biodiversity.org.au/name/apni/119275,Araceae,Typhonium,jonesii,-,-,A.Hay,-
Typhonium mirabile,a herb,-,Endangered,-,-,Yes,-,-,-,-,-,-,-,-,-,-,-,-,-,-,79227,-,Plantae,Liliopsida,http://www.environment.gov.au/cgi-bin/sprat/public/publicspecies.pl?taxon_id=79227,2026-Aug-28,https://id.biodiversity.org.au/name/apni/172490,Araceae,Typhonium,mirabile,-,-,(A.Hay) A.Hay,-
Typhonium praetermissum,-,-,Endangered,-,-,Yes,-,-,-,-,-,-,-,-,-,-,-,-,-,-,65859,-,Plantae,Liliopsida,http://www.environment.gov.au/cgi-bin/sprat/public/publicspecies.pl?taxon_id=65859,2026-Aug-28,https://id.biodiversity.org.au/name/apni/172486,Araceae,Typhonium,praetermissum,-,-,A Hay,-
Typhonium sp. Cox Peninsula (S.Nicholas 15/12/1999),-,-,Endangered,-,-,Yes,-,-,-,-,-,-,-,-,-,-,-,-,-,-,93623,-,Plantae,Liliopsida,http://www.environment.gov.au/cgi-bin/sprat/public/publicspecies.pl?taxon_id=93623,2026-Aug-28,https://id.biodiversity.org.au/name/apni/51764149,Araceae,Typhonium,sp. Cox Peninsula (S.Nicholas 15/12/1999),-,-,M.D.Barrett  Cowie,-
Typhonium taylori,a herb,Typhonium taylorii,Endangered,-,-,Yes,-,-,-,-,-,-,-,-,-,-,-,-,-,-,65904,93459,Plantae,Liliopsida,http://www.environment.gov.au/cgi-bin/sprat/public/publicspecies.pl?taxon_id=65904,2026-Aug-28,https://id.biodiversity.org.au/name/apni/172491,Araceae,Typhonium,taylori,-,-,A. Hay,-
Tyto novaehollandiae castanops (Tasmanian population),Masked Owl (Tasmanian),-,Vulnerable,-,-,-,-,-,Yes,-,-,-,-,-,-,-,-,-,-,-,67051,-,Animalia,Aves,http://www.environment.gov.au/cgi-bin/sprat/public/publicspecies.pl?taxon_id=67051,2026-Aug-28,-,Tytonidae,Tyto,novaehollandiae,-,castanops (Tasmanian population),-,"(Gould, 1837)"
Tyto novaehollandiae kimberli,Masked Owl (northern),-,Vulnerable,-,-,Yes,Yes,-,-,-,Yes,-,-,-,-,-,-,-,-,-,26048,-,Animalia,Aves,http://www.environment.gov.au/cgi-bin/sprat/public/publicspecies.pl?taxon_id=26048,2026-Aug-28,-,Tytonidae,Tyto,novaehollandiae,-,kimberli,-,"Mathews,1912"
Tyto novaehollandiae melvillensis,"Tiwi Masked Owl, Tiwi Islands Masked Owl",-,Endangered,-,-,Yes,-,-,-,-,-,-,-,-,-,-,-,-,-,-,26049,-,Animalia,Aves,http://www.environment.gov.au/cgi-bin/sprat/public/publicspecies.pl?taxon_id=26049,2026-Aug-28,-,Tytonidae,Tyto,novaehollandiae,-,melvillensis,-,"Mathews,1912"
Ungeria floribunda,Bastard Oak,-,Vulnerable,-,-,-,-,-,-,-,-,-,-,-,-,-,Yes,-,-,-,41714,-,Plantae,Magnoliopsida,http://www.environment.gov.au/cgi-bin/sprat/public/publicspecies.pl?taxon_id=41714,2026-Aug-28,https://id.biodiversity.org.au/name/apni/87400,Sterculiaceae,Ungeria,floribunda,-,-,Schott  Endl.,-
Uperoleia daviesae,"Howard River Toadlet, Davies's Toadlet",-,Vulnerable,-,-,Yes,-,-,-,-,-,-,-,-,-,-,-,-,-,-,85375,-,Animalia,Amphibia,http://www.environment.gov.au/cgi-bin/sprat/public/publicspecies.pl?taxon_id=85375,2026-Aug-28,-,Myobatrachidae,Uperoleia,daviesae,-,-,"Young, Tyler  Kent, 2005",-
Uperoleia mahonyi,Mahony's Toadlet,-,Endangered,-,Yes,-,-,-,-,-,-,-,-,-,-,-,-,-,-,-,89189,-,Animalia,Amphibia,http://www.environment.gov.au/cgi-bin/sprat/public/publicspecies.pl?taxon_id=89189,2026-Aug-28,-,Myobatrachidae,Uperoleia,mahonyi,-,-,"Clulow, Anstis, Keogh  Catullo, 2016",-
Uperoleia martini,Martin's Toadlet,-,Endangered,-,Yes,-,-,-,-,Yes,-,-,-,-,-,-,-,-,-,-,1873,-,Animalia,Amphibia,http://www.environment.gov.au/cgi-bin/sprat/public/publicspecies.pl?taxon_id=1873,2026-Aug-28,-,Myobatrachidae,Uperoleia,martini,-,-,"Davies and Littlejohn,1986",-
Uromyrtus australis,Peach Myrtle,-,Endangered,-,Yes,-,-,-,-,-,-,-,-,-,-,-,-,-,-,-,8830,-,Plantae,Magnoliopsida,http://www.environment.gov.au/cgi-bin/sprat/public/publicspecies.pl?taxon_id=8830,2026-Aug-28,https://id.biodiversity.org.au/name/apni/105702,Myrtaceae,Uromyrtus,australis,-,-,A.J.Scott,-
Uvidicolus sphyrurus,"Border Thick-tailed Gecko, Granite Belt Thick-tailed Gecko",-,Vulnerable,-,Yes,-,Yes,-,-,-,-,-,-,-,-,-,-,-,-,-,84578,-,Animalia,Reptilia,http://www.environment.gov.au/cgi-bin/sprat/public/publicspecies.pl?taxon_id=84578,2026-Aug-28,-,Carphodactylidae,Uvidicolus,sphyrurus,-,-,"(Ogilby, 1892)",-
Vanda hindsii,Cape York Vanda,-,Vulnerable,-,-,-,Yes,-,-,-,-,-,-,-,-,-,-,-,-,-,4494,-,Plantae,Liliopsida,http://www.environment.gov.au/cgi-bin/sprat/public/publicspecies.pl?taxon_id=4494,2026-Aug-28,https://id.biodiversity.org.au/name/apni/112824,Orchidaceae,Vanda,hindsii,-,-,Lindley,-
Vanvoorstia bennettiana,Bennett's Seaweed,-,Extinct,-,Yes,-,-,-,-,-,-,-,-,-,-,-,-,-,-,-,67217,-,Plantae,Rhodophyceae,http://www.environment.gov.au/cgi-bin/sprat/public/publicspecies.pl?taxon_id=67217,2026-Aug-28,https://id.biodiversity.org.au/name/apni/195060,Delesseriaceae,Vanvoorstia,bennettiana,-,-,(Harvey) Papenfuss,-
Vappodes lithocola,"Dwarf Butterfly Orchid, Cooktown Orchid",-,Endangered,-,-,-,Yes,-,-,-,-,-,-,-,-,-,-,-,-,-,78893,-,Plantae,Liliopsida,http://www.environment.gov.au/cgi-bin/sprat/public/publicspecies.pl?taxon_id=78893,2026-Aug-28,https://id.biodiversity.org.au/name/apni/176226,Orchidaceae,Vappodes,lithocola,-,-,(D.L.Jones  M.A.Clem.) M.A.Clem.  D.L.Jones,-
Vappodes phalaenopsis,Cooktown Orchid,-,Vulnerable,-,-,-,Yes,-,-,-,-,-,-,-,-,-,-,-,-,-,78894,-,Plantae,Liliopsida,http://www.environment.gov.au/cgi-bin/sprat/public/publicspecies.pl?taxon_id=78894,2026-Aug-28,https://id.biodiversity.org.au/name/apni/176227,Orchidaceae,Vappodes,phalaenopsis,-,-,(Fitzg.) M.A.Clem.  D.L.Jones,-
Varanus mertensi,Mertens' Water Monitor,-,Endangered,-,-,Yes,Yes,-,-,-,Yes,-,-,-,-,-,-,-,-,-,1568,-,Animalia,Reptilia,http://www.environment.gov.au/cgi-bin/sprat/public/publicspecies.pl?taxon_id=1568,2026-Aug-28,-,Varanidae,Varanus,mertensi,-,-,"Glauert,1951",-
Varanus mitchelli,Mitchell's Water Monitor,-,Critically Endangered,-,-,Yes,Yes,-,-,-,Yes,-,-,-,-,-,-,-,-,-,1569,-,Animalia,Reptilia,http://www.environment.gov.au/cgi-bin/sprat/public/publicspecies.pl?taxon_id=1569,2026-Aug-28,-,Varanidae,Varanus,mitchelli,-,-,"Mertens,1958",-
Velleia perfoliata,-,-,Vulnerable,-,Yes,-,-,-,-,-,-,-,-,-,-,-,-,-,-,-,17190,-,Plantae,Magnoliopsida,http://www.environment.gov.au/cgi-bin/sprat/public/publicspecies.pl?taxon_id=17190,2026-Aug-28,https://id.biodiversity.org.au/name/apni/70319,Goodeniaceae,Velleia,perfoliata,-,-,R.Br.,-
Veronica ciliolata,Ciliolate Hebe,-,Vulnerable,-,-,-,-,-,Yes,-,-,-,-,-,-,-,-,-,-,-,83205,-,Plantae,Magnoliopsida,http://www.environment.gov.au/cgi-bin/sprat/public/publicspecies.pl?taxon_id=83205,2026-Aug-28,https://id.biodiversity.org.au/name/apni/215950,Plantaginaceae,Veronica,ciliolata,-,-,(Hook.f.) Cheeseman,-
Veronica derwentiana subsp. homalodonta,Mount Lofty Speedwell,-,Critically Endangered,-,-,-,-,Yes,-,-,-,-,-,-,-,-,-,-,-,-,82836,-,Plantae,Magnoliopsida,http://www.environment.gov.au/cgi-bin/sprat/public/publicspecies.pl?taxon_id=82836,2026-Aug-28,https://id.biodiversity.org.au/name/apni/206532,Plantaginaceae,Veronica,derwentiana,subsp.,homalodonta,-,(B.G.Briggs  Ehrend.) B.G.Briggs
Veronica lithophila,-,-,Endangered,-,Yes,-,-,-,-,-,-,-,-,-,-,-,-,-,-,-,87479,-,Plantae,Magnoliopsida,http://www.environment.gov.au/cgi-bin/sprat/public/publicspecies.pl?taxon_id=87479,2026-Aug-28,https://id.biodiversity.org.au/name/apni/206535,Plantaginaceae,Veronica,lithophila,-,-,(B.G.Briggs) B.G.Briggs  Ehrend.,-
Veronica parnkalliana,Port Lincoln Speedwell,-,Endangered,-,-,-,-,Yes,-,-,-,-,-,-,-,-,-,-,-,-,17458,-,Plantae,Magnoliopsida,http://www.environment.gov.au/cgi-bin/sprat/public/publicspecies.pl?taxon_id=17458,2026-Aug-28,https://id.biodiversity.org.au/name/apni/68507,Plantaginaceae,Veronica,parnkalliana,-,-,J.M.Black,-
Verticordia albida,White Featherflower,-,Endangered,-,-,-,-,-,-,-,Yes,-,-,-,-,-,-,-,-,-,55635,-,Plantae,Magnoliopsida,http://www.environment.gov.au/cgi-bin/sprat/public/publicspecies.pl?taxon_id=55635,2026-Aug-28,https://id.biodiversity.org.au/name/apni/118077,Myrtaceae,Verticordia,albida,-,-,A.S.George,-
Verticordia apecta,"Hay River Featherflower, Scruffy Verticordia",-,Critically Endangered,-,-,-,-,-,-,-,Yes,-,-,-,-,-,-,-,-,-,65545,-,Plantae,Magnoliopsida,http://www.environment.gov.au/cgi-bin/sprat/public/publicspecies.pl?taxon_id=65545,2026-Aug-28,https://id.biodiversity.org.au/name/apni/160518,Myrtaceae,Verticordia,apecta,-,-,E.A.George  A.S.George,-
Verticordia carinata,Stirling Range Featherflower,-,Vulnerable,-,-,-,-,-,-,-,Yes,-,-,-,-,-,-,-,-,-,24342,-,Plantae,Magnoliopsida,http://www.environment.gov.au/cgi-bin/sprat/public/publicspecies.pl?taxon_id=24342,2026-Aug-28,https://id.biodiversity.org.au/name/apni/85122,Myrtaceae,Verticordia,carinata,-,-,Turcz.,-
Verticordia crebra,Crowded Featherflower,-,Vulnerable,-,-,-,-,-,-,-,Yes,-,-,-,-,-,-,-,-,-,55678,-,Plantae,Magnoliopsida,http://www.environment.gov.au/cgi-bin/sprat/public/publicspecies.pl?taxon_id=55678,2026-Aug-28,https://id.biodiversity.org.au/name/apni/118117,Myrtaceae,Verticordia,crebra,-,-,A.S.George,-
Verticordia densiflora var. pedunculata,Long-stalked Featherflower,-,Endangered,-,-,-,-,-,-,-,Yes,-,-,-,-,-,-,-,-,-,55689,-,Plantae,Magnoliopsida,http://www.environment.gov.au/cgi-bin/sprat/public/publicspecies.pl?taxon_id=55689,2026-Aug-28,https://id.biodiversity.org.au/name/apni/118129,Myrtaceae,Verticordia,densiflora,var.,pedunculata,-,A.S.George
Verticordia fimbrilepis subsp. australis,Southern Shy Featherflower,-,Vulnerable,-,-,-,-,-,-,-,Yes,-,-,-,-,-,-,-,-,-,24630,-,Plantae,Magnoliopsida,http://www.environment.gov.au/cgi-bin/sprat/public/publicspecies.pl?taxon_id=24630,2026-Aug-28,https://id.biodiversity.org.au/name/apni/140524,Myrtaceae,Verticordia,fimbrilepis,subsp.,australis,-,A.S.George
Verticordia fimbrilepis subsp. fimbrilepis,Shy Featherflower,-,Endangered,-,-,-,-,-,-,-,Yes,-,-,-,-,-,-,-,-,-,24631,-,Plantae,Magnoliopsida,http://www.environment.gov.au/cgi-bin/sprat/public/publicspecies.pl?taxon_id=24631,2026-Aug-28,https://id.biodiversity.org.au/name/apni/140522,Myrtaceae,Verticordia,fimbrilepis,subsp.,fimbrilepis,Turcz.,-
Verticordia helichrysantha,Coast Featherflower,-,Vulnerable,-,-,-,-,-,-,-,Yes,-,-,-,-,-,-,-,-,-,8204,-,Plantae,Magnoliopsida,http://www.environment.gov.au/cgi-bin/sprat/public/publicspecies.pl?taxon_id=8204,2026-Aug-28,https://id.biodiversity.org.au/name/apni/85690,Myrtaceae,Verticordia,helichrysantha,-,-,Benth.,-
Verticordia hughanii,Hughan's Featherflower,-,Endangered,-,-,-,-,-,-,-,Yes,-,-,-,-,-,-,-,-,-,11434,-,Plantae,Magnoliopsida,http://www.environment.gov.au/cgi-bin/sprat/public/publicspecies.pl?taxon_id=11434,2026-Aug-28,https://id.biodiversity.org.au/name/apni/102322,Myrtaceae,Verticordia,hughanii,-,-,F.Muell.,-
Verticordia pityrhops,"Mt Barren Featherflower, Little Pine Verticordia, Pine-like Featherflower",-,Endangered,-,-,-,-,-,-,-,Yes,-,-,-,-,-,-,-,-,-,55798,-,Plantae,Magnoliopsida,http://www.environment.gov.au/cgi-bin/sprat/public/publicspecies.pl?taxon_id=55798,2026-Aug-28,https://id.biodiversity.org.au/name/apni/118247,Myrtaceae,Verticordia,pityrhops,-,-,A.S.George,-
Verticordia plumosa var. ananeotes,Tufted Plumed Featherflower,-,Endangered,-,-,-,-,-,-,-,Yes,-,-,-,-,-,-,-,-,-,23871,-,Plantae,Magnoliopsida,http://www.environment.gov.au/cgi-bin/sprat/public/publicspecies.pl?taxon_id=23871,2026-Aug-28,https://id.biodiversity.org.au/name/apni/118249,Myrtaceae,Verticordia,plumosa,var.,ananeotes,-,A.S.George
Verticordia plumosa var. vassensis,Vasse Featherflower,-,Endangered,-,-,-,-,-,-,-,Yes,-,-,-,-,-,-,-,-,-,55804,-,Plantae,Magnoliopsida,http://www.environment.gov.au/cgi-bin/sprat/public/publicspecies.pl?taxon_id=55804,2026-Aug-28,https://id.biodiversity.org.au/name/apni/118254,Myrtaceae,Verticordia,plumosa,var.,vassensis,-,A.S.George
Verticordia spicata subsp. squamosa,Scaly-leaved Featherflower,-,Endangered,-,-,-,-,-,-,-,Yes,-,-,-,-,-,-,-,-,-,55822,-,Plantae,Magnoliopsida,http://www.environment.gov.au/cgi-bin/sprat/public/publicspecies.pl?taxon_id=55822,2026-Aug-28,https://id.biodiversity.org.au/name/apni/118272,Myrtaceae,Verticordia,spicata,subsp.,squamosa,-,A.S.George
Verticordia staminosa subsp. staminosa,Wongan Featherflower,-,Endangered,-,-,-,-,-,-,-,Yes,-,-,-,-,-,-,-,-,-,55825,-,Plantae,Magnoliopsida,http://www.environment.gov.au/cgi-bin/sprat/public/publicspecies.pl?taxon_id=55825,2026-Aug-28,https://id.biodiversity.org.au/name/apni/118278,Myrtaceae,Verticordia,staminosa,subsp.,staminosa,C.A.Gardner  A.S.George,-
Verticordia staminosa var. cylindracea,Granite Featherflower,-,Endangered,-,-,-,-,-,-,-,Yes,-,-,-,-,-,-,-,-,-,55823,-,Plantae,Magnoliopsida,http://www.environment.gov.au/cgi-bin/sprat/public/publicspecies.pl?taxon_id=55823,2026-Aug-28,https://id.biodiversity.org.au/name/apni/118276,Myrtaceae,Verticordia,staminosa,var.,cylindracea,-,A.S.George
Viola improcera,Dwarf Violet,-,Endangered,Yes,Yes,-,-,-,-,Yes,-,-,-,-,-,-,-,-,-,-,3879,-,Plantae,Magnoliopsida,http://www.environment.gov.au/cgi-bin/sprat/public/publicspecies.pl?taxon_id=3879,2026-Aug-28,https://id.biodiversity.org.au/name/apni/94414,Violaceae,Viola,improcera,-,-,L.G.Adams,-
Vrydagzynea grayi,Tonsil Orchid,-,Endangered,-,-,-,Yes,-,-,-,-,-,-,-,-,-,-,-,-,-,83575,-,Plantae,Liliopsida,http://www.environment.gov.au/cgi-bin/sprat/public/publicspecies.pl?taxon_id=83575,2026-Aug-28,https://id.biodiversity.org.au/name/apni/189027,Orchidaceae,Vrydagzynea,grayi,-,-,D.L.Jones  M.A.Clem.,-
Westralunio carteri,"Carter's Freshwater Mussel, Ambiguus Mussel",-,Vulnerable,-,-,-,-,-,-,-,Yes,-,-,-,-,-,-,-,-,-,86266,-,Animalia,Bivalvia,http://www.environment.gov.au/cgi-bin/sprat/public/publicspecies.pl?taxon_id=86266,2026-Aug-28,-,Hyriidae,Westralunio,carteri,-,-,"Iredale, 1934",-
Westringia crassifolia,Whipstick Westringia,-,Endangered,-,-,-,-,-,-,Yes,-,-,-,-,-,-,-,-,-,-,21314,-,Plantae,Magnoliopsida,http://www.environment.gov.au/cgi-bin/sprat/public/publicspecies.pl?taxon_id=21314,2026-Aug-28,https://id.biodiversity.org.au/name/apni/109841,Lamiaceae,Westringia,crassifolia,-,-,Wakef.,-
Westringia cremnophila,Snowy River Westringia,-,Critically Endangered,-,-,-,-,-,-,Yes,-,-,-,-,-,-,-,-,-,-,16458,-,Plantae,Magnoliopsida,http://www.environment.gov.au/cgi-bin/sprat/public/publicspecies.pl?taxon_id=16458,2026-Aug-28,https://id.biodiversity.org.au/name/apni/109861,Lamiaceae,Westringia,cremnophila,-,-,N.A.Wakef.,-
Westringia davidii,-,-,Vulnerable,-,Yes,-,-,-,-,-,-,-,-,-,-,-,-,-,-,-,19079,-,Plantae,Magnoliopsida,http://www.environment.gov.au/cgi-bin/sprat/public/publicspecies.pl?taxon_id=19079,2026-Aug-28,https://id.biodiversity.org.au/name/apni/109897,Lamiaceae,Westringia,davidii,-,-,Conn,-
Westringia kydrensis,-,-,Endangered,-,Yes,-,-,-,-,-,-,-,-,-,-,-,-,-,-,-,56456,-,Plantae,Magnoliopsida,http://www.environment.gov.au/cgi-bin/sprat/public/publicspecies.pl?taxon_id=56456,2026-Aug-28,https://id.biodiversity.org.au/name/apni/118984,Lamiaceae,Westringia,kydrensis,-,-,B.J.Conn,-
Westringia parvifolia,-,-,Vulnerable,-,-,-,Yes,-,-,-,-,-,-,-,-,-,-,-,-,-,4822,-,Plantae,Magnoliopsida,http://www.environment.gov.au/cgi-bin/sprat/public/publicspecies.pl?taxon_id=4822,2026-Aug-28,https://id.biodiversity.org.au/name/apni/110219,Lamiaceae,Westringia,parvifolia,-,-,C.White  Francis,-
Westringia rupicola,-,-,Vulnerable,-,Yes,-,Yes,-,-,-,-,-,-,-,-,-,-,-,-,-,18260,-,Plantae,Magnoliopsida,http://www.environment.gov.au/cgi-bin/sprat/public/publicspecies.pl?taxon_id=18260,2026-Aug-28,https://id.biodiversity.org.au/name/apni/110590,Lamiaceae,Westringia,rupicola,-,-,S.T.Blake,-
Wikstroemia australis,Kurrajong,-,Critically Endangered,-,-,-,-,-,-,-,-,-,-,-,-,-,Yes,-,-,-,42074,-,Plantae,Magnoliopsida,http://www.environment.gov.au/cgi-bin/sprat/public/publicspecies.pl?taxon_id=42074,2026-Aug-28,https://id.biodiversity.org.au/name/apni/88132,Thymelaeaceae,Wikstroemia,australis,-,-,Endl.,-
Wollemia nobilis,Wollemi Pine,-,Critically Endangered,-,Yes,-,-,-,-,-,-,-,-,-,-,-,-,-,-,-,64545,-,Plantae,Pinatae,http://www.environment.gov.au/cgi-bin/sprat/public/publicspecies.pl?taxon_id=64545,2026-Aug-28,https://id.biodiversity.org.au/name/apni/154751,Araucariaceae,Wollemia,nobilis,-,-,"W.G.Jones, K.D.Hill  J.M. Allen",-
Wollumbinia georgesi,"Georges' Snapping Turtle, Bellinger River Sawshell Turtle, Georges Helmeted Turtle",Myuchelys georgesi,Critically Endangered,-,Yes,-,-,-,-,-,-,-,-,-,-,-,-,-,-,-,86072,88103,Animalia,Reptilia,http://www.environment.gov.au/cgi-bin/sprat/public/publicspecies.pl?taxon_id=86072,2026-Aug-28,-,Chelidae,Wollumbinia,georgesi,-,-,"(Cann, 1997)",-
Wurmbea calcicola,Naturaliste Nancy,-,Endangered,-,-,-,-,-,-,-,Yes,-,-,-,-,-,-,-,-,-,64691,-,Plantae,Liliopsida,http://www.environment.gov.au/cgi-bin/sprat/public/publicspecies.pl?taxon_id=64691,2026-Aug-28,https://id.biodiversity.org.au/name/apni/151505,Liliaceae,Wurmbea,calcicola,-,-,T.D.Macfarl.,-
Wurmbea tubulosa,Long-flowered Nancy,-,Endangered,-,-,-,-,-,-,-,Yes,-,-,-,-,-,-,-,-,-,12739,-,Plantae,Liliopsida,http://www.environment.gov.au/cgi-bin/sprat/public/publicspecies.pl?taxon_id=12739,2026-Aug-28,https://id.biodiversity.org.au/name/apni/107827,Liliaceae,Wurmbea,tubulosa,-,-,Benth.,-
Xanthorrhoea arenaria,Sand Grasstree,-,Vulnerable,-,-,-,-,-,Yes,-,-,-,-,-,-,-,-,-,-,-,21603,-,Plantae,Liliopsida,http://www.environment.gov.au/cgi-bin/sprat/public/publicspecies.pl?taxon_id=21603,2026-Aug-28,https://id.biodiversity.org.au/name/apni/96464,Xanthorrhoeaceae,Xanthorrhoea,arenaria,-,-,Bedford,-
Xanthorrhoea bracteata,Shiny Grasstree,-,Endangered,-,-,-,-,-,Yes,-,-,-,-,-,-,-,-,-,-,-,7950,-,Plantae,Liliopsida,http://www.environment.gov.au/cgi-bin/sprat/public/publicspecies.pl?taxon_id=7950,2026-Aug-28,https://id.biodiversity.org.au/name/apni/96560,Xanthorrhoeaceae,Xanthorrhoea,bracteata,-,-,R.Br.,-
Xanthostemon formosus,-,-,Endangered,-,-,-,Yes,-,-,-,-,-,-,-,-,-,-,-,-,-,21816,-,Plantae,Magnoliopsida,http://www.environment.gov.au/cgi-bin/sprat/public/publicspecies.pl?taxon_id=21816,2026-Aug-28,https://id.biodiversity.org.au/name/apni/117195,Myrtaceae,Xanthostemon,formosus,-,-,Peter G.Wilson,-
Xanthostemon oppositifolius,"Penda, Southern Penda, Luya's Hardwood",-,Vulnerable,-,-,-,Yes,-,-,-,-,-,-,-,-,-,-,-,-,-,8738,-,Plantae,Magnoliopsida,http://www.environment.gov.au/cgi-bin/sprat/public/publicspecies.pl?taxon_id=8738,2026-Aug-28,https://id.biodiversity.org.au/name/apni/55098,Myrtaceae,Xanthostemon,oppositifolius,-,-,Bailey,-
Xenus cinereus,Terek Sandpiper,-,Vulnerable,-,Yes,Yes,Yes,Yes,Yes,Yes,Yes,-,-,-,-,-,-,-,-,-,59300,-,Animalia,Aves,http://www.environment.gov.au/cgi-bin/sprat/public/publicspecies.pl?taxon_id=59300,2026-Aug-28,-,Scolopacidae,Xenus,cinereus,-,-,"(G252;ldenst228;dt,1775)",-
Xerochrysum palustre,"Swamp Everlasting, Swamp Paper Daisy",-,Vulnerable,-,Yes,-,-,-,Yes,Yes,-,-,-,-,-,-,-,-,-,-,76215,-,Plantae,Magnoliopsida,http://www.environment.gov.au/cgi-bin/sprat/public/publicspecies.pl?taxon_id=76215,2026-Aug-28,https://id.biodiversity.org.au/name/apni/170875,Asteraceae,Xerochrysum,palustre,-,-,(Flann) R.J.Bayer,-
Xeromys myoides,"Water Mouse, False Water Rat, Yirrkoo",-,Vulnerable,-,Yes,Yes,Yes,-,-,-,Yes,-,-,-,-,-,-,-,-,-,66,-,Animalia,Mammalia,http://www.environment.gov.au/cgi-bin/sprat/public/publicspecies.pl?taxon_id=66,2026-Aug-28,-,Muridae,Xeromys,myoides,-,-,"Thomas, 1889",-
Xerothamnella herbacea,-,-,Endangered,-,-,-,Yes,-,-,-,-,-,-,-,-,-,-,-,-,-,4146,-,Plantae,Magnoliopsida,http://www.environment.gov.au/cgi-bin/sprat/public/publicspecies.pl?taxon_id=4146,2026-Aug-28,https://id.biodiversity.org.au/name/apni/72400,Acanthaceae,Xerothamnella,herbacea,-,-,R.Barker,-
Xerothamnella parvifolia,-,-,Vulnerable,-,Yes,-,Yes,Yes,-,-,-,-,-,-,-,-,-,-,-,-,3141,-,Plantae,Magnoliopsida,http://www.environment.gov.au/cgi-bin/sprat/public/publicspecies.pl?taxon_id=3141,2026-Aug-28,https://id.biodiversity.org.au/name/apni/72407,Acanthaceae,Xerothamnella,parvifolia,-,-,C.White,-
Xylopia monosperma,a shrub,-,Endangered,-,-,Yes,Yes,-,-,-,-,-,-,-,-,-,-,-,-,-,82030,-,Plantae,Magnoliopsida,http://www.environment.gov.au/cgi-bin/sprat/public/publicspecies.pl?taxon_id=82030,2026-Aug-28,https://id.biodiversity.org.au/name/apni/202309,Annonaceae,Xylopia,monosperma,-,-,L.W.Jessup,-
Xylosma parvifolia,-,-,Endangered,-,Yes,-,-,-,-,-,-,-,-,-,-,-,-,-,-,-,48040,-,Plantae,Magnoliopsida,http://www.environment.gov.au/cgi-bin/sprat/public/publicspecies.pl?taxon_id=48040,2026-Aug-28,https://id.biodiversity.org.au/name/apni/101452,Salicaceae,Xylosma,parvifolia,-,-,Jessup,-
Xyris exilis,Stirling Range Xyris,-,Critically Endangered,-,-,-,-,-,-,-,Yes,-,-,-,-,-,-,-,-,-,64983,-,Plantae,Liliopsida,http://www.environment.gov.au/cgi-bin/sprat/public/publicspecies.pl?taxon_id=64983,2026-Aug-28,https://id.biodiversity.org.au/name/apni/165572,Xyridaceae,Xyris,exilis,-,-,Doust  B.J.Conn.,-
Zearaja maugeana,"Maugean Skate, Port Davey Skate",-,Endangered,-,-,-,-,-,Yes,-,-,-,-,-,-,-,-,-,-,-,83504,-,Animalia,Chondrichthyes,http://www.environment.gov.au/cgi-bin/sprat/public/publicspecies.pl?taxon_id=83504,2026-Aug-28,-,Rajidae,Zearaja,maugeana,-,-,"Last  Gledhill, 2007",-
Zehneria baueriana,"Native Cucumber, Giant Cucumber",-,Endangered,-,-,-,-,-,-,-,-,-,-,-,-,-,Yes,-,-,-,39253,-,Plantae,Magnoliopsida,http://www.environment.gov.au/cgi-bin/sprat/public/publicspecies.pl?taxon_id=39253,2026-Aug-28,https://id.biodiversity.org.au/name/apni/203827,Cucurbitaceae,Zehneria,baueriana,-,-,Endl.,-
Zephyrarchaea austini,Kangaroo Island Assassin Spider,-,Critically Endangered,-,-,-,-,Yes,-,-,-,-,-,-,-,-,-,-,-,-,90907,-,Animalia,Arachnida,http://www.environment.gov.au/cgi-bin/sprat/public/publicspecies.pl?taxon_id=90907,2026-Aug-28,-,Archaeidae,Zephyrarchaea,austini,-,-,"Rix  Harvey, 2012",-
Zeuxine polygonoides,Velvet Jewel Orchid,-,Vulnerable,-,-,-,Yes,-,-,-,-,-,-,-,-,-,-,-,-,-,46794,-,Plantae,Liliopsida,http://www.environment.gov.au/cgi-bin/sprat/public/publicspecies.pl?taxon_id=46794,2026-Aug-28,https://id.biodiversity.org.au/name/apni/98505,Orchidaceae,Zeuxine,polygonoides,-,-,(F.Muell.) P.J.Cribb,-
Zieria adenophora,Araluen Zieria,-,Critically Endangered,-,Yes,-,-,-,-,-,-,-,-,-,-,-,-,-,-,-,24538,-,Plantae,Magnoliopsida,http://www.environment.gov.au/cgi-bin/sprat/public/publicspecies.pl?taxon_id=24538,2026-Aug-28,https://id.biodiversity.org.au/name/apni/97921,Rutaceae,Zieria,adenophora,-,-,Blakely,-
Zieria baeuerlenii,"Bomaderry Zieria, Bomaderry Creek Zieria",-,Endangered,-,Yes,-,-,-,-,-,-,-,-,-,-,-,-,-,-,-,56781,-,Plantae,Magnoliopsida,http://www.environment.gov.au/cgi-bin/sprat/public/publicspecies.pl?taxon_id=56781,2026-Aug-28,https://id.biodiversity.org.au/name/apni/131126,Rutaceae,Zieria,baeuerlenii,-,-,J.A.Armstrong,-
Zieria bifida,-,-,Endangered,-,-,-,Yes,-,-,-,-,-,-,-,-,-,-,-,-,-,83095,-,Plantae,Magnoliopsida,http://www.environment.gov.au/cgi-bin/sprat/public/publicspecies.pl?taxon_id=83095,2026-Aug-28,https://id.biodiversity.org.au/name/apni/207836,Rutaceae,Zieria,bifida,-,-,Duretto  P.I.Forst.,-
Zieria buxijugum,Box Range Zieria,-,Critically Endangered,-,Yes,-,-,-,-,-,-,-,-,-,-,-,-,-,-,-,56757,-,Plantae,Magnoliopsida,http://www.environment.gov.au/cgi-bin/sprat/public/publicspecies.pl?taxon_id=56757,2026-Aug-28,https://id.biodiversity.org.au/name/apni/133036,Rutaceae,Zieria,buxijugum,-,-,J.D.Briggs  J.A.Armstr.,-
Zieria citriodora,Lemon-scented Zieria,-,Vulnerable,-,Yes,-,-,-,-,Yes,-,-,-,-,-,-,-,-,-,-,56731,-,Plantae,Magnoliopsida,http://www.environment.gov.au/cgi-bin/sprat/public/publicspecies.pl?taxon_id=56731,2026-Aug-28,https://id.biodiversity.org.au/name/apni/120676,Rutaceae,Zieria,citriodora,-,-,J.A.Armstrong,-
Zieria collina,-,-,Vulnerable,-,-,-,Yes,-,-,-,-,-,-,-,-,-,-,-,-,-,2178,-,Plantae,Magnoliopsida,http://www.environment.gov.au/cgi-bin/sprat/public/publicspecies.pl?taxon_id=2178,2026-Aug-28,https://id.biodiversity.org.au/name/apni/98046,Rutaceae,Zieria,collina,-,-,C.T.White,-
Zieria covenyi,Coveny's Zieria,-,Endangered,-,Yes,-,-,-,-,-,-,-,-,-,-,-,-,-,-,-,56732,-,Plantae,Magnoliopsida,http://www.environment.gov.au/cgi-bin/sprat/public/publicspecies.pl?taxon_id=56732,2026-Aug-28,https://id.biodiversity.org.au/name/apni/131133,Rutaceae,Zieria,covenyi,-,-,J.A.Armstr.,-
Zieria exsul,Banished Stink Bush,-,Critically Endangered,-,-,-,Yes,-,-,-,-,-,-,-,-,-,-,-,-,-,84829,-,Plantae,Magnoliopsida,http://www.environment.gov.au/cgi-bin/sprat/public/publicspecies.pl?taxon_id=84829,2026-Aug-28,https://id.biodiversity.org.au/name/apni/207842,Rutaceae,Zieria,exsul,-,-,Duretto  P.I.Forst.,-
Zieria floydii,-,-,Endangered,-,Yes,-,-,-,-,-,-,-,-,-,-,-,-,-,-,-,64546,-,Plantae,Magnoliopsida,http://www.environment.gov.au/cgi-bin/sprat/public/publicspecies.pl?taxon_id=64546,2026-Aug-28,https://id.biodiversity.org.au/name/apni/154651,Rutaceae,Zieria,floydii,-,-,J.A.Armstrong,-
Zieria formosa,Shapely Zieria,-,Endangered,-,Yes,-,-,-,-,-,-,-,-,-,-,-,-,-,-,-,56733,-,Plantae,Magnoliopsida,http://www.environment.gov.au/cgi-bin/sprat/public/publicspecies.pl?taxon_id=56733,2026-Aug-28,https://id.biodiversity.org.au/name/apni/133035,Rutaceae,Zieria,formosa,-,-,J.D.Briggs  J.A.Armstr.,-
Zieria granulata,"Hill Zieria, Hilly Zieria, Illawarra Zieria",-,Endangered,-,Yes,-,-,-,-,-,-,-,-,-,-,-,-,-,-,-,17147,-,Plantae,Magnoliopsida,http://www.environment.gov.au/cgi-bin/sprat/public/publicspecies.pl?taxon_id=17147,2026-Aug-28,https://id.biodiversity.org.au/name/apni/98249,Rutaceae,Zieria,granulata,-,-,(F. Muell.) C.Moore ex Benth.,-
Zieria ingramii,"Ingram's Zieria, Keith's Zieria",-,Endangered,-,Yes,-,-,-,-,-,-,-,-,-,-,-,-,-,-,-,56734,-,Plantae,Magnoliopsida,http://www.environment.gov.au/cgi-bin/sprat/public/publicspecies.pl?taxon_id=56734,2026-Aug-28,https://id.biodiversity.org.au/name/apni/124999,Rutaceae,Zieria,ingramii,-,-,J.A.Armstrong,-
Zieria involucrata,-,-,Vulnerable,-,Yes,-,-,-,-,-,-,-,-,-,-,-,-,-,-,-,3087,-,Plantae,Magnoliopsida,http://www.environment.gov.au/cgi-bin/sprat/public/publicspecies.pl?taxon_id=3087,2026-Aug-28,https://id.biodiversity.org.au/name/apni/98355,Rutaceae,Zieria,involucrata,-,-,R.Br ex Benth.,-
Zieria lasiocaulis,Willi Willi Zieria,-,Endangered,-,Yes,-,-,-,-,-,-,-,-,-,-,-,-,-,-,-,64547,-,Plantae,Magnoliopsida,http://www.environment.gov.au/cgi-bin/sprat/public/publicspecies.pl?taxon_id=64547,2026-Aug-28,https://id.biodiversity.org.au/name/apni/154683,Rutaceae,Zieria,lasiocaulis,-,-,J.A.Armstr.,-
Zieria murphyi,Velvet Zieria,-,Vulnerable,-,Yes,-,-,-,-,-,-,-,-,-,-,-,-,-,-,-,4634,-,Plantae,Magnoliopsida,http://www.environment.gov.au/cgi-bin/sprat/public/publicspecies.pl?taxon_id=4634,2026-Aug-28,https://id.biodiversity.org.au/name/apni/98604,Rutaceae,Zieria,murphyi,-,-,Blakely,-
Zieria obcordata,Granite Zieria,-,Endangered,-,Yes,-,-,-,-,-,-,-,-,-,-,-,-,-,-,-,3240,-,Plantae,Magnoliopsida,http://www.environment.gov.au/cgi-bin/sprat/public/publicspecies.pl?taxon_id=3240,2026-Aug-28,https://id.biodiversity.org.au/name/apni/55302,Rutaceae,Zieria,obcordata,-,-,A.Cunn.,-
Zieria obovata,-,-,Vulnerable,-,-,-,Yes,-,-,-,-,-,-,-,-,-,-,-,-,-,56758,-,Plantae,Magnoliopsida,http://www.environment.gov.au/cgi-bin/sprat/public/publicspecies.pl?taxon_id=56758,2026-Aug-28,https://id.biodiversity.org.au/name/apni/121934,Rutaceae,Zieria,obovata,-,-,(C.T.White) J.A.Armstrong,-
Zieria odorifera subsp. copelandii,Mt Kaputar Scented Zieria,-,Critically Endangered,-,Yes,-,-,-,-,-,-,-,-,-,-,-,-,-,-,-,89741,-,Plantae,Magnoliopsida,http://www.environment.gov.au/cgi-bin/sprat/public/publicspecies.pl?taxon_id=89741,2026-Aug-28,https://id.biodiversity.org.au/name/apni/211112,Rutaceae,Zieria,odorifera,subsp.,copelandii,-,Duretto  P.I.Forst.
Zieria odorifera subsp. warrabahensis,-,-,Critically Endangered,-,Yes,-,-,-,-,-,-,-,-,-,-,-,-,-,-,-,90008,-,Plantae,Magnoliopsida,http://www.environment.gov.au/cgi-bin/sprat/public/publicspecies.pl?taxon_id=90008,2026-Aug-28,https://id.biodiversity.org.au/name/apni/211111,Rutaceae,Zieria,odorifera,subsp.,warrabahensis,-,Duretto  P.I.Forst.
Zieria parrisiae,Parris's Zieria,-,Critically Endangered,-,Yes,-,-,-,-,-,-,-,-,-,-,-,-,-,-,-,56735,-,Plantae,Magnoliopsida,http://www.environment.gov.au/cgi-bin/sprat/public/publicspecies.pl?taxon_id=56735,2026-Aug-28,https://id.biodiversity.org.au/name/apni/133037,Rutaceae,Zieria,parrisiae,-,-,J.D.Briggs  J.A.Armstrong,-
Zieria prostrata,Headland Zieria,-,Endangered,-,Yes,-,-,-,-,-,-,-,-,-,-,-,-,-,-,-,56782,-,Plantae,Magnoliopsida,http://www.environment.gov.au/cgi-bin/sprat/public/publicspecies.pl?taxon_id=56782,2026-Aug-28,https://id.biodiversity.org.au/name/apni/131131,Rutaceae,Zieria,prostrata,-,-,J.A.Armstr.,-
Zieria rimulosa,-,-,Vulnerable,-,-,-,Yes,-,-,-,-,-,-,-,-,-,-,-,-,-,24539,-,Plantae,Magnoliopsida,http://www.environment.gov.au/cgi-bin/sprat/public/publicspecies.pl?taxon_id=24539,2026-Aug-28,https://id.biodiversity.org.au/name/apni/55482,Rutaceae,Zieria,rimulosa,-,-,C.T.White,-
Zieria tuberculata,Warty Zieria,-,Vulnerable,-,Yes,-,-,-,-,-,-,-,-,-,-,-,-,-,-,-,56736,-,Plantae,Magnoliopsida,http://www.environment.gov.au/cgi-bin/sprat/public/publicspecies.pl?taxon_id=56736,2026-Aug-28,https://id.biodiversity.org.au/name/apni/120671,Rutaceae,Zieria,tuberculata,-,-,J.A.Armstrong,-
Zieria verrucosa,-,-,Vulnerable,-,-,-,Yes,-,-,-,-,-,-,-,-,-,-,-,-,-,56761,-,Plantae,Magnoliopsida,http://www.environment.gov.au/cgi-bin/sprat/public/publicspecies.pl?taxon_id=56761,2026-Aug-28,https://id.biodiversity.org.au/name/apni/121936,Rutaceae,Zieria,verrucosa,-,-,J.A.Armstrong,-
Zoothera lunulata halmaturina,"South Australian Bassian Thrush, Western Bassian Thrush",-,Endangered,-,-,-,-,Yes,-,-,-,-,-,-,-,-,-,-,-,-,67121,-,Animalia,Aves,http://www.environment.gov.au/cgi-bin/sprat/public/publicspecies.pl?taxon_id=67121,2026-Aug-28,-,Turdidae,Zoothera,lunulata,-,halmaturina,-,"(Campbell, 1906)"
Zosterops albogularis,"White-chested White-eye, Norfolk Island Silvereye",-,Extinct,-,-,-,-,-,-,-,-,-,-,-,-,-,Yes,-,-,-,25899,-,Animalia,Aves,http://www.environment.gov.au/cgi-bin/sprat/public/publicspecies.pl?taxon_id=25899,2026-Aug-28,-,Zosteropidae,Zosterops,albogularis,-,-,"Gould, 1837",-
Zosterops strenuus,Robust White-eye,-,Extinct,-,Yes,-,-,-,-,-,-,-,-,-,-,-,-,-,-,-,25900,-,Animalia,Aves,http://www.environment.gov.au/cgi-bin/sprat/public/publicspecies.pl?taxon_id=25900,2026-Aug-28,-,Zosteropidae,Zosterops,strenuus,-,-,"Gould, 1855",-
Zyzomys maini,"Arnhem Rock-rat, Arnhem Land Rock-rat, Kodjperr",-,Vulnerable,-,-,Yes,-,-,-,-,-,-,-,-,-,-,-,-,-,-,25906,-,Animalia,Mammalia,http://www.environment.gov.au/cgi-bin/sprat/public/publicspecies.pl?taxon_id=25906,2026-Aug-28,-,Muridae,Zyzomys,maini,-,-,"Kitchener,1989",-
Zyzomys palatalis,"Carpentarian Rock-rat, Aywalirroomoo",-,Endangered,-,-,Yes,-,-,-,-,-,-,-,-,-,-,-,-,-,-,25907,-,Animalia,Mammalia,http://www.environment.gov.au/cgi-bin/sprat/public/publicspecies.pl?taxon_id=25907,2026-Aug-28,-,Muridae,Zyzomys,palatalis,-,-,"Kitchener,1989",-
Zyzomys pedunculatus,"Central Rock-rat, Antina",-,Critically Endangered,-,-,Yes,-,-,-,-,Yes,-,-,-,-,-,-,-,-,-,68,-,Animalia,Mammalia,http://www.environment.gov.au/cgi-bin/sprat/public/publicspecies.pl?taxon_id=68,2026-Aug-28,-,Muridae,Zyzomys,pedunculatus,-,-,"(Waite,1896)",-
